dataset,horizon,metric,model,value,performance_pct,year,log_file,teams,description,ade_30_15,ade_60_30,perf_30_15_pct,perf_60_30_pct,ks_accel,ks_speed,ks_turn,wd_accel,wd_speed,wd_turn,match_id,proc_set_file,year_ctx,division,avg_robots_per_stoppage,n_trajectories,n_unique_stop_ids,duration_estimate_s,frame_rate_hz,speed_mean,speed_p50,speed_p90,speed_p99,speed_max,accel_mean,accel_p50,accel_p90,accel_p99,accel_max,turn_mean,turn_p50,turn_p90
3,30→15,ADE,Seq2Seq,1.964,68.69,2019,2019-07-04_06-55_KIKS-vs-TIGERs_Mannheim.log,KIKS vs TIGERs_Mannheim,0 Conhecidos,1.96,12.9,68.69,40.03,0.0451076435226719,0.0472682531786687,0.0572674919293882,0.0448822636084308,1.0527796810989751,0.0067610429113888,2019_KIKS_vs_TIGERs_Mannheim,proc_set_3.pkl,2019,A,5.4333,163,30,2362.1,60,7.270890241137394,2.3127433845670997,21.92704821989535,45.38589095187624,71.95914774519503,0.2481257448425048,0.1292363025709993,0.6536870052473112,1.298589596104412,8.486260455201096,0.0875446313041167,0.0283714729641961,0.2044875037051059
3,30→15,ADE,MLP,4.653,68.69,2019,2019-07-04_06-55_KIKS-vs-TIGERs_Mannheim.log,KIKS vs TIGERs_Mannheim,0 Conhecidos,1.96,12.9,68.69,40.03,0.0451076435226719,0.0472682531786687,0.0572674919293882,0.0448822636084308,1.0527796810989751,0.0067610429113888,2019_KIKS_vs_TIGERs_Mannheim,proc_set_3.pkl,2019,A,5.4333,163,30,2362.1,60,7.270890241137394,2.3127433845670997,21.92704821989535,45.38589095187624,71.95914774519503,0.2481257448425048,0.1292363025709993,0.6536870052473112,1.298589596104412,8.486260455201096,0.0875446313041167,0.0283714729641961,0.2044875037051059
3,30→15,ADE,Kalman,6.273,68.69,2019,2019-07-04_06-55_KIKS-vs-TIGERs_Mannheim.log,KIKS vs TIGERs_Mannheim,0 Conhecidos,1.96,12.9,68.69,40.03,0.0451076435226719,0.0472682531786687,0.0572674919293882,0.0448822636084308,1.0527796810989751,0.0067610429113888,2019_KIKS_vs_TIGERs_Mannheim,proc_set_3.pkl,2019,A,5.4333,163,30,2362.1,60,7.270890241137394,2.3127433845670997,21.92704821989535,45.38589095187624,71.95914774519503,0.2481257448425048,0.1292363025709993,0.6536870052473112,1.298589596104412,8.486260455201096,0.0875446313041167,0.0283714729641961,0.2044875037051059
3,30→15,FDE,Seq2Seq,6.268,61.74,2019,2019-07-04_06-55_KIKS-vs-TIGERs_Mannheim.log,KIKS vs TIGERs_Mannheim,0 Conhecidos,1.96,12.9,68.69,40.03,0.0451076435226719,0.0472682531786687,0.0572674919293882,0.0448822636084308,1.0527796810989751,0.0067610429113888,2019_KIKS_vs_TIGERs_Mannheim,proc_set_3.pkl,2019,A,5.4333,163,30,2362.1,60,7.270890241137394,2.3127433845670997,21.92704821989535,45.38589095187624,71.95914774519503,0.2481257448425048,0.1292363025709993,0.6536870052473112,1.298589596104412,8.486260455201096,0.0875446313041167,0.0283714729641961,0.2044875037051059
3,30→15,FDE,MLP,12.197,61.74,2019,2019-07-04_06-55_KIKS-vs-TIGERs_Mannheim.log,KIKS vs TIGERs_Mannheim,0 Conhecidos,1.96,12.9,68.69,40.03,0.0451076435226719,0.0472682531786687,0.0572674919293882,0.0448822636084308,1.0527796810989751,0.0067610429113888,2019_KIKS_vs_TIGERs_Mannheim,proc_set_3.pkl,2019,A,5.4333,163,30,2362.1,60,7.270890241137394,2.3127433845670997,21.92704821989535,45.38589095187624,71.95914774519503,0.2481257448425048,0.1292363025709993,0.6536870052473112,1.298589596104412,8.486260455201096,0.0875446313041167,0.0283714729641961,0.2044875037051059
3,30→15,FDE,Kalman,16.386,61.74,2019,2019-07-04_06-55_KIKS-vs-TIGERs_Mannheim.log,KIKS vs TIGERs_Mannheim,0 Conhecidos,1.96,12.9,68.69,40.03,0.0451076435226719,0.0472682531786687,0.0572674919293882,0.0448822636084308,1.0527796810989751,0.0067610429113888,2019_KIKS_vs_TIGERs_Mannheim,proc_set_3.pkl,2019,A,5.4333,163,30,2362.1,60,7.270890241137394,2.3127433845670997,21.92704821989535,45.38589095187624,71.95914774519503,0.2481257448425048,0.1292363025709993,0.6536870052473112,1.298589596104412,8.486260455201096,0.0875446313041167,0.0283714729641961,0.2044875037051059
3,30→15,MAE,Seq2Seq,1.241,68.61,2019,2019-07-04_06-55_KIKS-vs-TIGERs_Mannheim.log,KIKS vs TIGERs_Mannheim,0 Conhecidos,1.96,12.9,68.69,40.03,0.0451076435226719,0.0472682531786687,0.0572674919293882,0.0448822636084308,1.0527796810989751,0.0067610429113888,2019_KIKS_vs_TIGERs_Mannheim,proc_set_3.pkl,2019,A,5.4333,163,30,2362.1,60,7.270890241137394,2.3127433845670997,21.92704821989535,45.38589095187624,71.95914774519503,0.2481257448425048,0.1292363025709993,0.6536870052473112,1.298589596104412,8.486260455201096,0.0875446313041167,0.0283714729641961,0.2044875037051059
3,30→15,MAE,MLP,2.938,68.61,2019,2019-07-04_06-55_KIKS-vs-TIGERs_Mannheim.log,KIKS vs TIGERs_Mannheim,0 Conhecidos,1.96,12.9,68.69,40.03,0.0451076435226719,0.0472682531786687,0.0572674919293882,0.0448822636084308,1.0527796810989751,0.0067610429113888,2019_KIKS_vs_TIGERs_Mannheim,proc_set_3.pkl,2019,A,5.4333,163,30,2362.1,60,7.270890241137394,2.3127433845670997,21.92704821989535,45.38589095187624,71.95914774519503,0.2481257448425048,0.1292363025709993,0.6536870052473112,1.298589596104412,8.486260455201096,0.0875446313041167,0.0283714729641961,0.2044875037051059
3,30→15,MAE,Kalman,3.954,68.61,2019,2019-07-04_06-55_KIKS-vs-TIGERs_Mannheim.log,KIKS vs TIGERs_Mannheim,0 Conhecidos,1.96,12.9,68.69,40.03,0.0451076435226719,0.0472682531786687,0.0572674919293882,0.0448822636084308,1.0527796810989751,0.0067610429113888,2019_KIKS_vs_TIGERs_Mannheim,proc_set_3.pkl,2019,A,5.4333,163,30,2362.1,60,7.270890241137394,2.3127433845670997,21.92704821989535,45.38589095187624,71.95914774519503,0.2481257448425048,0.1292363025709993,0.6536870052473112,1.298589596104412,8.486260455201096,0.0875446313041167,0.0283714729641961,0.2044875037051059
3,60→30,ADE,Seq2Seq,12.901,40.03,2019,2019-07-04_06-55_KIKS-vs-TIGERs_Mannheim.log,KIKS vs TIGERs_Mannheim,0 Conhecidos,1.96,12.9,68.69,40.03,0.0451076435226719,0.0472682531786687,0.0572674919293882,0.0448822636084308,1.0527796810989751,0.0067610429113888,2019_KIKS_vs_TIGERs_Mannheim,proc_set_3.pkl,2019,A,5.4333,163,30,2362.1,60,7.270890241137394,2.3127433845670997,21.92704821989535,45.38589095187624,71.95914774519503,0.2481257448425048,0.1292363025709993,0.6536870052473112,1.298589596104412,8.486260455201096,0.0875446313041167,0.0283714729641961,0.2044875037051059
3,60→30,ADE,MLP,26.085,40.03,2019,2019-07-04_06-55_KIKS-vs-TIGERs_Mannheim.log,KIKS vs TIGERs_Mannheim,0 Conhecidos,1.96,12.9,68.69,40.03,0.0451076435226719,0.0472682531786687,0.0572674919293882,0.0448822636084308,1.0527796810989751,0.0067610429113888,2019_KIKS_vs_TIGERs_Mannheim,proc_set_3.pkl,2019,A,5.4333,163,30,2362.1,60,7.270890241137394,2.3127433845670997,21.92704821989535,45.38589095187624,71.95914774519503,0.2481257448425048,0.1292363025709993,0.6536870052473112,1.298589596104412,8.486260455201096,0.0875446313041167,0.0283714729641961,0.2044875037051059
3,60→30,ADE,Kalman,21.508,40.03,2019,2019-07-04_06-55_KIKS-vs-TIGERs_Mannheim.log,KIKS vs TIGERs_Mannheim,0 Conhecidos,1.96,12.9,68.69,40.03,0.0451076435226719,0.0472682531786687,0.0572674919293882,0.0448822636084308,1.0527796810989751,0.0067610429113888,2019_KIKS_vs_TIGERs_Mannheim,proc_set_3.pkl,2019,A,5.4333,163,30,2362.1,60,7.270890241137394,2.3127433845670997,21.92704821989535,45.38589095187624,71.95914774519503,0.2481257448425048,0.1292363025709993,0.6536870052473112,1.298589596104412,8.486260455201096,0.0875446313041167,0.0283714729641961,0.2044875037051059
3,60→30,FDE,Seq2Seq,41.303,28.31,2019,2019-07-04_06-55_KIKS-vs-TIGERs_Mannheim.log,KIKS vs TIGERs_Mannheim,0 Conhecidos,1.96,12.9,68.69,40.03,0.0451076435226719,0.0472682531786687,0.0572674919293882,0.0448822636084308,1.0527796810989751,0.0067610429113888,2019_KIKS_vs_TIGERs_Mannheim,proc_set_3.pkl,2019,A,5.4333,163,30,2362.1,60,7.270890241137394,2.3127433845670997,21.92704821989535,45.38589095187624,71.95914774519503,0.2481257448425048,0.1292363025709993,0.6536870052473112,1.298589596104412,8.486260455201096,0.0875446313041167,0.0283714729641961,0.2044875037051059
3,60→30,FDE,MLP,72.591,28.31,2019,2019-07-04_06-55_KIKS-vs-TIGERs_Mannheim.log,KIKS vs TIGERs_Mannheim,0 Conhecidos,1.96,12.9,68.69,40.03,0.0451076435226719,0.0472682531786687,0.0572674919293882,0.0448822636084308,1.0527796810989751,0.0067610429113888,2019_KIKS_vs_TIGERs_Mannheim,proc_set_3.pkl,2019,A,5.4333,163,30,2362.1,60,7.270890241137394,2.3127433845670997,21.92704821989535,45.38589095187624,71.95914774519503,0.2481257448425048,0.1292363025709993,0.6536870052473112,1.298589596104412,8.486260455201096,0.0875446313041167,0.0283714729641961,0.2044875037051059
3,60→30,FDE,Kalman,57.63,28.31,2019,2019-07-04_06-55_KIKS-vs-TIGERs_Mannheim.log,KIKS vs TIGERs_Mannheim,0 Conhecidos,1.96,12.9,68.69,40.03,0.0451076435226719,0.0472682531786687,0.0572674919293882,0.0448822636084308,1.0527796810989751,0.0067610429113888,2019_KIKS_vs_TIGERs_Mannheim,proc_set_3.pkl,2019,A,5.4333,163,30,2362.1,60,7.270890241137394,2.3127433845670997,21.92704821989535,45.38589095187624,71.95914774519503,0.2481257448425048,0.1292363025709993,0.6536870052473112,1.298589596104412,8.486260455201096,0.0875446313041167,0.0283714729641961,0.2044875037051059
3,60→30,MAE,Seq2Seq,8.126,40.09,2019,2019-07-04_06-55_KIKS-vs-TIGERs_Mannheim.log,KIKS vs TIGERs_Mannheim,0 Conhecidos,1.96,12.9,68.69,40.03,0.0451076435226719,0.0472682531786687,0.0572674919293882,0.0448822636084308,1.0527796810989751,0.0067610429113888,2019_KIKS_vs_TIGERs_Mannheim,proc_set_3.pkl,2019,A,5.4333,163,30,2362.1,60,7.270890241137394,2.3127433845670997,21.92704821989535,45.38589095187624,71.95914774519503,0.2481257448425048,0.1292363025709993,0.6536870052473112,1.298589596104412,8.486260455201096,0.0875446313041167,0.0283714729641961,0.2044875037051059
3,60→30,MAE,MLP,16.456,40.09,2019,2019-07-04_06-55_KIKS-vs-TIGERs_Mannheim.log,KIKS vs TIGERs_Mannheim,0 Conhecidos,1.96,12.9,68.69,40.03,0.0451076435226719,0.0472682531786687,0.0572674919293882,0.0448822636084308,1.0527796810989751,0.0067610429113888,2019_KIKS_vs_TIGERs_Mannheim,proc_set_3.pkl,2019,A,5.4333,163,30,2362.1,60,7.270890241137394,2.3127433845670997,21.92704821989535,45.38589095187624,71.95914774519503,0.2481257448425048,0.1292363025709993,0.6536870052473112,1.298589596104412,8.486260455201096,0.0875446313041167,0.0283714729641961,0.2044875037051059
3,60→30,MAE,Kalman,13.565,40.09,2019,2019-07-04_06-55_KIKS-vs-TIGERs_Mannheim.log,KIKS vs TIGERs_Mannheim,0 Conhecidos,1.96,12.9,68.69,40.03,0.0451076435226719,0.0472682531786687,0.0572674919293882,0.0448822636084308,1.0527796810989751,0.0067610429113888,2019_KIKS_vs_TIGERs_Mannheim,proc_set_3.pkl,2019,A,5.4333,163,30,2362.1,60,7.270890241137394,2.3127433845670997,21.92704821989535,45.38589095187624,71.95914774519503,0.2481257448425048,0.1292363025709993,0.6536870052473112,1.298589596104412,8.486260455201096,0.0875446313041167,0.0283714729641961,0.2044875037051059
4,30→15,ADE,Seq2Seq,4.337,70.16,2019,2019-07-07_01-49_RoboTeam_Twente-vs-MRL.log,RoboTeam_Twente vs MRL,1 Conhecido,4.34,28.11,70.16,45.11,0.1151004601300891,0.136639035312507,0.1053767971573114,0.0425016347636323,1.857722721163784,0.0224944805247306,2019_RoboTeam_Twente_vs_MRL,proc_set_4.pkl,2019,A,6.2368,237,38,2217.82,60,7.947340783424998,4.679904176319556,21.100241528694745,35.05433486975544,53.97623808452153,0.2341112872381149,0.1802239066058752,0.5537716474794545,0.8490845544994282,2.3517322500068665,0.0598055861302095,0.0150739543199553,0.1258044961059584
4,30→15,ADE,MLP,9.313,70.16,2019,2019-07-07_01-49_RoboTeam_Twente-vs-MRL.log,RoboTeam_Twente vs MRL,1 Conhecido,4.34,28.11,70.16,45.11,0.1151004601300891,0.136639035312507,0.1053767971573114,0.0425016347636323,1.857722721163784,0.0224944805247306,2019_RoboTeam_Twente_vs_MRL,proc_set_4.pkl,2019,A,6.2368,237,38,2217.82,60,7.947340783424998,4.679904176319556,21.100241528694745,35.05433486975544,53.97623808452153,0.2341112872381149,0.1802239066058752,0.5537716474794545,0.8490845544994282,2.3517322500068665,0.0598055861302095,0.0150739543199553,0.1258044961059584
4,30→15,ADE,Kalman,14.537,70.16,2019,2019-07-07_01-49_RoboTeam_Twente-vs-MRL.log,RoboTeam_Twente vs MRL,1 Conhecido,4.34,28.11,70.16,45.11,0.1151004601300891,0.136639035312507,0.1053767971573114,0.0425016347636323,1.857722721163784,0.0224944805247306,2019_RoboTeam_Twente_vs_MRL,proc_set_4.pkl,2019,A,6.2368,237,38,2217.82,60,7.947340783424998,4.679904176319556,21.100241528694745,35.05433486975544,53.97623808452153,0.2341112872381149,0.1802239066058752,0.5537716474794545,0.8490845544994282,2.3517322500068665,0.0598055861302095,0.0150739543199553,0.1258044961059584
4,30→15,FDE,Seq2Seq,13.801,63.54,2019,2019-07-07_01-49_RoboTeam_Twente-vs-MRL.log,RoboTeam_Twente vs MRL,1 Conhecido,4.34,28.11,70.16,45.11,0.1151004601300891,0.136639035312507,0.1053767971573114,0.0425016347636323,1.857722721163784,0.0224944805247306,2019_RoboTeam_Twente_vs_MRL,proc_set_4.pkl,2019,A,6.2368,237,38,2217.82,60,7.947340783424998,4.679904176319556,21.100241528694745,35.05433486975544,53.97623808452153,0.2341112872381149,0.1802239066058752,0.5537716474794545,0.8490845544994282,2.3517322500068665,0.0598055861302095,0.0150739543199553,0.1258044961059584
4,30→15,FDE,MLP,24.677,63.54,2019,2019-07-07_01-49_RoboTeam_Twente-vs-MRL.log,RoboTeam_Twente vs MRL,1 Conhecido,4.34,28.11,70.16,45.11,0.1151004601300891,0.136639035312507,0.1053767971573114,0.0425016347636323,1.857722721163784,0.0224944805247306,2019_RoboTeam_Twente_vs_MRL,proc_set_4.pkl,2019,A,6.2368,237,38,2217.82,60,7.947340783424998,4.679904176319556,21.100241528694745,35.05433486975544,53.97623808452153,0.2341112872381149,0.1802239066058752,0.5537716474794545,0.8490845544994282,2.3517322500068665,0.0598055861302095,0.0150739543199553,0.1258044961059584
4,30→15,FDE,Kalman,37.869,63.54,2019,2019-07-07_01-49_RoboTeam_Twente-vs-MRL.log,RoboTeam_Twente vs MRL,1 Conhecido,4.34,28.11,70.16,45.11,0.1151004601300891,0.136639035312507,0.1053767971573114,0.0425016347636323,1.857722721163784,0.0224944805247306,2019_RoboTeam_Twente_vs_MRL,proc_set_4.pkl,2019,A,6.2368,237,38,2217.82,60,7.947340783424998,4.679904176319556,21.100241528694745,35.05433486975544,53.97623808452153,0.2341112872381149,0.1802239066058752,0.5537716474794545,0.8490845544994282,2.3517322500068665,0.0598055861302095,0.0150739543199553,0.1258044961059584
4,30→15,MAE,Seq2Seq,2.754,70.1,2019,2019-07-07_01-49_RoboTeam_Twente-vs-MRL.log,RoboTeam_Twente vs MRL,1 Conhecido,4.34,28.11,70.16,45.11,0.1151004601300891,0.136639035312507,0.1053767971573114,0.0425016347636323,1.857722721163784,0.0224944805247306,2019_RoboTeam_Twente_vs_MRL,proc_set_4.pkl,2019,A,6.2368,237,38,2217.82,60,7.947340783424998,4.679904176319556,21.100241528694745,35.05433486975544,53.97623808452153,0.2341112872381149,0.1802239066058752,0.5537716474794545,0.8490845544994282,2.3517322500068665,0.0598055861302095,0.0150739543199553,0.1258044961059584
4,30→15,MAE,MLP,5.91,70.1,2019,2019-07-07_01-49_RoboTeam_Twente-vs-MRL.log,RoboTeam_Twente vs MRL,1 Conhecido,4.34,28.11,70.16,45.11,0.1151004601300891,0.136639035312507,0.1053767971573114,0.0425016347636323,1.857722721163784,0.0224944805247306,2019_RoboTeam_Twente_vs_MRL,proc_set_4.pkl,2019,A,6.2368,237,38,2217.82,60,7.947340783424998,4.679904176319556,21.100241528694745,35.05433486975544,53.97623808452153,0.2341112872381149,0.1802239066058752,0.5537716474794545,0.8490845544994282,2.3517322500068665,0.0598055861302095,0.0150739543199553,0.1258044961059584
4,30→15,MAE,Kalman,9.212,70.1,2019,2019-07-07_01-49_RoboTeam_Twente-vs-MRL.log,RoboTeam_Twente vs MRL,1 Conhecido,4.34,28.11,70.16,45.11,0.1151004601300891,0.136639035312507,0.1053767971573114,0.0425016347636323,1.857722721163784,0.0224944805247306,2019_RoboTeam_Twente_vs_MRL,proc_set_4.pkl,2019,A,6.2368,237,38,2217.82,60,7.947340783424998,4.679904176319556,21.100241528694745,35.05433486975544,53.97623808452153,0.2341112872381149,0.1802239066058752,0.5537716474794545,0.8490845544994282,2.3517322500068665,0.0598055861302095,0.0150739543199553,0.1258044961059584
4,60→30,ADE,Seq2Seq,28.109,45.11,2019,2019-07-07_01-49_RoboTeam_Twente-vs-MRL.log,RoboTeam_Twente vs MRL,1 Conhecido,4.34,28.11,70.16,45.11,0.1151004601300891,0.136639035312507,0.1053767971573114,0.0425016347636323,1.857722721163784,0.0224944805247306,2019_RoboTeam_Twente_vs_MRL,proc_set_4.pkl,2019,A,6.2368,237,38,2217.82,60,7.947340783424998,4.679904176319556,21.100241528694745,35.05433486975544,53.97623808452153,0.2341112872381149,0.1802239066058752,0.5537716474794545,0.8490845544994282,2.3517322500068665,0.0598055861302095,0.0150739543199553,0.1258044961059584
4,60→30,ADE,MLP,47.993,45.11,2019,2019-07-07_01-49_RoboTeam_Twente-vs-MRL.log,RoboTeam_Twente vs MRL,1 Conhecido,4.34,28.11,70.16,45.11,0.1151004601300891,0.136639035312507,0.1053767971573114,0.0425016347636323,1.857722721163784,0.0224944805247306,2019_RoboTeam_Twente_vs_MRL,proc_set_4.pkl,2019,A,6.2368,237,38,2217.82,60,7.947340783424998,4.679904176319556,21.100241528694745,35.05433486975544,53.97623808452153,0.2341112872381149,0.1802239066058752,0.5537716474794545,0.8490845544994282,2.3517322500068665,0.0598055861302095,0.0150739543199553,0.1258044961059584
4,60→30,ADE,Kalman,51.203,45.11,2019,2019-07-07_01-49_RoboTeam_Twente-vs-MRL.log,RoboTeam_Twente vs MRL,1 Conhecido,4.34,28.11,70.16,45.11,0.1151004601300891,0.136639035312507,0.1053767971573114,0.0425016347636323,1.857722721163784,0.0224944805247306,2019_RoboTeam_Twente_vs_MRL,proc_set_4.pkl,2019,A,6.2368,237,38,2217.82,60,7.947340783424998,4.679904176319556,21.100241528694745,35.05433486975544,53.97623808452153,0.2341112872381149,0.1802239066058752,0.5537716474794545,0.8490845544994282,2.3517322500068665,0.0598055861302095,0.0150739543199553,0.1258044961059584
4,60→30,FDE,Seq2Seq,88.728,35.09,2019,2019-07-07_01-49_RoboTeam_Twente-vs-MRL.log,RoboTeam_Twente vs MRL,1 Conhecido,4.34,28.11,70.16,45.11,0.1151004601300891,0.136639035312507,0.1053767971573114,0.0425016347636323,1.857722721163784,0.0224944805247306,2019_RoboTeam_Twente_vs_MRL,proc_set_4.pkl,2019,A,6.2368,237,38,2217.82,60,7.947340783424998,4.679904176319556,21.100241528694745,35.05433486975544,53.97623808452153,0.2341112872381149,0.1802239066058752,0.5537716474794545,0.8490845544994282,2.3517322500068665,0.0598055861302095,0.0150739543199553,0.1258044961059584
4,60→30,FDE,MLP,131.172,35.09,2019,2019-07-07_01-49_RoboTeam_Twente-vs-MRL.log,RoboTeam_Twente vs MRL,1 Conhecido,4.34,28.11,70.16,45.11,0.1151004601300891,0.136639035312507,0.1053767971573114,0.0425016347636323,1.857722721163784,0.0224944805247306,2019_RoboTeam_Twente_vs_MRL,proc_set_4.pkl,2019,A,6.2368,237,38,2217.82,60,7.947340783424998,4.679904176319556,21.100241528694745,35.05433486975544,53.97623808452153,0.2341112872381149,0.1802239066058752,0.5537716474794545,0.8490845544994282,2.3517322500068665,0.0598055861302095,0.0150739543199553,0.1258044961059584
4,60→30,FDE,Kalman,136.732,35.09,2019,2019-07-07_01-49_RoboTeam_Twente-vs-MRL.log,RoboTeam_Twente vs MRL,1 Conhecido,4.34,28.11,70.16,45.11,0.1151004601300891,0.136639035312507,0.1053767971573114,0.0425016347636323,1.857722721163784,0.0224944805247306,2019_RoboTeam_Twente_vs_MRL,proc_set_4.pkl,2019,A,6.2368,237,38,2217.82,60,7.947340783424998,4.679904176319556,21.100241528694745,35.05433486975544,53.97623808452153,0.2341112872381149,0.1802239066058752,0.5537716474794545,0.8490845544994282,2.3517322500068665,0.0598055861302095,0.0150739543199553,0.1258044961059584
4,60→30,MAE,Seq2Seq,17.777,45.11,2019,2019-07-07_01-49_RoboTeam_Twente-vs-MRL.log,RoboTeam_Twente vs MRL,1 Conhecido,4.34,28.11,70.16,45.11,0.1151004601300891,0.136639035312507,0.1053767971573114,0.0425016347636323,1.857722721163784,0.0224944805247306,2019_RoboTeam_Twente_vs_MRL,proc_set_4.pkl,2019,A,6.2368,237,38,2217.82,60,7.947340783424998,4.679904176319556,21.100241528694745,35.05433486975544,53.97623808452153,0.2341112872381149,0.1802239066058752,0.5537716474794545,0.8490845544994282,2.3517322500068665,0.0598055861302095,0.0150739543199553,0.1258044961059584
4,60→30,MAE,MLP,30.505,45.11,2019,2019-07-07_01-49_RoboTeam_Twente-vs-MRL.log,RoboTeam_Twente vs MRL,1 Conhecido,4.34,28.11,70.16,45.11,0.1151004601300891,0.136639035312507,0.1053767971573114,0.0425016347636323,1.857722721163784,0.0224944805247306,2019_RoboTeam_Twente_vs_MRL,proc_set_4.pkl,2019,A,6.2368,237,38,2217.82,60,7.947340783424998,4.679904176319556,21.100241528694745,35.05433486975544,53.97623808452153,0.2341112872381149,0.1802239066058752,0.5537716474794545,0.8490845544994282,2.3517322500068665,0.0598055861302095,0.0150739543199553,0.1258044961059584
4,60→30,MAE,Kalman,32.375,45.11,2019,2019-07-07_01-49_RoboTeam_Twente-vs-MRL.log,RoboTeam_Twente vs MRL,1 Conhecido,4.34,28.11,70.16,45.11,0.1151004601300891,0.136639035312507,0.1053767971573114,0.0425016347636323,1.857722721163784,0.0224944805247306,2019_RoboTeam_Twente_vs_MRL,proc_set_4.pkl,2019,A,6.2368,237,38,2217.82,60,7.947340783424998,4.679904176319556,21.100241528694745,35.05433486975544,53.97623808452153,0.2341112872381149,0.1802239066058752,0.5537716474794545,0.8490845544994282,2.3517322500068665,0.0598055861302095,0.0150739543199553,0.1258044961059584
5,30→15,ADE,Seq2Seq,3.929,76.18,2019,2019-07-04_12-15_ZJUNlict-vs-RoboTeam_Twente.log,RoboTeam_Twente vs ZJUNlict,2 Conhecidos,3.93,26.1,76.18,54.17,0.10658,0.09276,0.032265,0.0535753382687186,1.2899038335591937,0.0026257636161802,2019_RoboTeam_Twente_vs_ZJUNlict,proc_set_5.pkl,2019,A,6.3929,179,28,3642.35,60,4.972903398087128,0.650517962667263,16.766822379059445,33.24349192589434,55.51075290544724,0.1608704289823483,0.0428874735798987,0.4879266006014541,0.880839317436203,12.250854852213998,0.0831880546533648,0.0210729606623423,0.1917611090135232
5,30→15,ADE,MLP,10.268,76.18,2019,2019-07-04_12-15_ZJUNlict-vs-RoboTeam_Twente.log,RoboTeam_Twente vs ZJUNlict,2 Conhecidos,3.93,26.1,76.18,54.17,0.10658,0.09276,0.032265,0.0535753382687186,1.2899038335591937,0.0026257636161802,2019_RoboTeam_Twente_vs_ZJUNlict,proc_set_5.pkl,2019,A,6.3929,179,28,3642.35,60,4.972903398087128,0.650517962667263,16.766822379059445,33.24349192589434,55.51075290544724,0.1608704289823483,0.0428874735798987,0.4879266006014541,0.880839317436203,12.250854852213998,0.0831880546533648,0.0210729606623423,0.1917611090135232
5,30→15,ADE,Kalman,16.496,76.18,2019,2019-07-04_12-15_ZJUNlict-vs-RoboTeam_Twente.log,RoboTeam_Twente vs ZJUNlict,2 Conhecidos,3.93,26.1,76.18,54.17,0.10658,0.09276,0.032265,0.0535753382687186,1.2899038335591937,0.0026257636161802,2019_RoboTeam_Twente_vs_ZJUNlict,proc_set_5.pkl,2019,A,6.3929,179,28,3642.35,60,4.972903398087128,0.650517962667263,16.766822379059445,33.24349192589434,55.51075290544724,0.1608704289823483,0.0428874735798987,0.4879266006014541,0.880839317436203,12.250854852213998,0.0831880546533648,0.0210729606623423,0.1917611090135232
5,30→15,FDE,Seq2Seq,12.488,70.99,2019,2019-07-04_12-15_ZJUNlict-vs-RoboTeam_Twente.log,RoboTeam_Twente vs ZJUNlict,2 Conhecidos,3.93,26.1,76.18,54.17,0.10658,0.09276,0.032265,0.0535753382687186,1.2899038335591937,0.0026257636161802,2019_RoboTeam_Twente_vs_ZJUNlict,proc_set_5.pkl,2019,A,6.3929,179,28,3642.35,60,4.972903398087128,0.650517962667263,16.766822379059445,33.24349192589434,55.51075290544724,0.1608704289823483,0.0428874735798987,0.4879266006014541,0.880839317436203,12.250854852213998,0.0831880546533648,0.0210729606623423,0.1917611090135232
5,30→15,FDE,MLP,26.591,70.99,2019,2019-07-04_12-15_ZJUNlict-vs-RoboTeam_Twente.log,RoboTeam_Twente vs ZJUNlict,2 Conhecidos,3.93,26.1,76.18,54.17,0.10658,0.09276,0.032265,0.0535753382687186,1.2899038335591937,0.0026257636161802,2019_RoboTeam_Twente_vs_ZJUNlict,proc_set_5.pkl,2019,A,6.3929,179,28,3642.35,60,4.972903398087128,0.650517962667263,16.766822379059445,33.24349192589434,55.51075290544724,0.1608704289823483,0.0428874735798987,0.4879266006014541,0.880839317436203,12.250854852213998,0.0831880546533648,0.0210729606623423,0.1917611090135232
5,30→15,FDE,Kalman,43.044,70.99,2019,2019-07-04_12-15_ZJUNlict-vs-RoboTeam_Twente.log,RoboTeam_Twente vs ZJUNlict,2 Conhecidos,3.93,26.1,76.18,54.17,0.10658,0.09276,0.032265,0.0535753382687186,1.2899038335591937,0.0026257636161802,2019_RoboTeam_Twente_vs_ZJUNlict,proc_set_5.pkl,2019,A,6.3929,179,28,3642.35,60,4.972903398087128,0.650517962667263,16.766822379059445,33.24349192589434,55.51075290544724,0.1608704289823483,0.0428874735798987,0.4879266006014541,0.880839317436203,12.250854852213998,0.0831880546533648,0.0210729606623423,0.1917611090135232
5,30→15,MAE,Seq2Seq,2.481,76.14,2019,2019-07-04_12-15_ZJUNlict-vs-RoboTeam_Twente.log,RoboTeam_Twente vs ZJUNlict,2 Conhecidos,3.93,26.1,76.18,54.17,0.10658,0.09276,0.032265,0.0535753382687186,1.2899038335591937,0.0026257636161802,2019_RoboTeam_Twente_vs_ZJUNlict,proc_set_5.pkl,2019,A,6.3929,179,28,3642.35,60,4.972903398087128,0.650517962667263,16.766822379059445,33.24349192589434,55.51075290544724,0.1608704289823483,0.0428874735798987,0.4879266006014541,0.880839317436203,12.250854852213998,0.0831880546533648,0.0210729606623423,0.1917611090135232
5,30→15,MAE,MLP,6.517,76.14,2019,2019-07-04_12-15_ZJUNlict-vs-RoboTeam_Twente.log,RoboTeam_Twente vs ZJUNlict,2 Conhecidos,3.93,26.1,76.18,54.17,0.10658,0.09276,0.032265,0.0535753382687186,1.2899038335591937,0.0026257636161802,2019_RoboTeam_Twente_vs_ZJUNlict,proc_set_5.pkl,2019,A,6.3929,179,28,3642.35,60,4.972903398087128,0.650517962667263,16.766822379059445,33.24349192589434,55.51075290544724,0.1608704289823483,0.0428874735798987,0.4879266006014541,0.880839317436203,12.250854852213998,0.0831880546533648,0.0210729606623423,0.1917611090135232
5,30→15,MAE,Kalman,10.399,76.14,2019,2019-07-04_12-15_ZJUNlict-vs-RoboTeam_Twente.log,RoboTeam_Twente vs ZJUNlict,2 Conhecidos,3.93,26.1,76.18,54.17,0.10658,0.09276,0.032265,0.0535753382687186,1.2899038335591937,0.0026257636161802,2019_RoboTeam_Twente_vs_ZJUNlict,proc_set_5.pkl,2019,A,6.3929,179,28,3642.35,60,4.972903398087128,0.650517962667263,16.766822379059445,33.24349192589434,55.51075290544724,0.1608704289823483,0.0428874735798987,0.4879266006014541,0.880839317436203,12.250854852213998,0.0831880546533648,0.0210729606623423,0.1917611090135232
5,60→30,ADE,Seq2Seq,26.096,54.17,2019,2019-07-04_12-15_ZJUNlict-vs-RoboTeam_Twente.log,RoboTeam_Twente vs ZJUNlict,2 Conhecidos,3.93,26.1,76.18,54.17,0.10658,0.09276,0.032265,0.0535753382687186,1.2899038335591937,0.0026257636161802,2019_RoboTeam_Twente_vs_ZJUNlict,proc_set_5.pkl,2019,A,6.3929,179,28,3642.35,60,4.972903398087128,0.650517962667263,16.766822379059445,33.24349192589434,55.51075290544724,0.1608704289823483,0.0428874735798987,0.4879266006014541,0.880839317436203,12.250854852213998,0.0831880546533648,0.0210729606623423,0.1917611090135232
5,60→30,ADE,MLP,54.48,54.17,2019,2019-07-04_12-15_ZJUNlict-vs-RoboTeam_Twente.log,RoboTeam_Twente vs ZJUNlict,2 Conhecidos,3.93,26.1,76.18,54.17,0.10658,0.09276,0.032265,0.0535753382687186,1.2899038335591937,0.0026257636161802,2019_RoboTeam_Twente_vs_ZJUNlict,proc_set_5.pkl,2019,A,6.3929,179,28,3642.35,60,4.972903398087128,0.650517962667263,16.766822379059445,33.24349192589434,55.51075290544724,0.1608704289823483,0.0428874735798987,0.4879266006014541,0.880839317436203,12.250854852213998,0.0831880546533648,0.0210729606623423,0.1917611090135232
5,60→30,ADE,Kalman,56.94,54.17,2019,2019-07-04_12-15_ZJUNlict-vs-RoboTeam_Twente.log,RoboTeam_Twente vs ZJUNlict,2 Conhecidos,3.93,26.1,76.18,54.17,0.10658,0.09276,0.032265,0.0535753382687186,1.2899038335591937,0.0026257636161802,2019_RoboTeam_Twente_vs_ZJUNlict,proc_set_5.pkl,2019,A,6.3929,179,28,3642.35,60,4.972903398087128,0.650517962667263,16.766822379059445,33.24349192589434,55.51075290544724,0.1608704289823483,0.0428874735798987,0.4879266006014541,0.880839317436203,12.250854852213998,0.0831880546533648,0.0210729606623423,0.1917611090135232
5,60→30,FDE,Seq2Seq,83.94,45.53,2019,2019-07-04_12-15_ZJUNlict-vs-RoboTeam_Twente.log,RoboTeam_Twente vs ZJUNlict,2 Conhecidos,3.93,26.1,76.18,54.17,0.10658,0.09276,0.032265,0.0535753382687186,1.2899038335591937,0.0026257636161802,2019_RoboTeam_Twente_vs_ZJUNlict,proc_set_5.pkl,2019,A,6.3929,179,28,3642.35,60,4.972903398087128,0.650517962667263,16.766822379059445,33.24349192589434,55.51075290544724,0.1608704289823483,0.0428874735798987,0.4879266006014541,0.880839317436203,12.250854852213998,0.0831880546533648,0.0210729606623423,0.1917611090135232
5,60→30,FDE,MLP,149.762,45.53,2019,2019-07-04_12-15_ZJUNlict-vs-RoboTeam_Twente.log,RoboTeam_Twente vs ZJUNlict,2 Conhecidos,3.93,26.1,76.18,54.17,0.10658,0.09276,0.032265,0.0535753382687186,1.2899038335591937,0.0026257636161802,2019_RoboTeam_Twente_vs_ZJUNlict,proc_set_5.pkl,2019,A,6.3929,179,28,3642.35,60,4.972903398087128,0.650517962667263,16.766822379059445,33.24349192589434,55.51075290544724,0.1608704289823483,0.0428874735798987,0.4879266006014541,0.880839317436203,12.250854852213998,0.0831880546533648,0.0210729606623423,0.1917611090135232
5,60→30,FDE,Kalman,154.09,45.53,2019,2019-07-04_12-15_ZJUNlict-vs-RoboTeam_Twente.log,RoboTeam_Twente vs ZJUNlict,2 Conhecidos,3.93,26.1,76.18,54.17,0.10658,0.09276,0.032265,0.0535753382687186,1.2899038335591937,0.0026257636161802,2019_RoboTeam_Twente_vs_ZJUNlict,proc_set_5.pkl,2019,A,6.3929,179,28,3642.35,60,4.972903398087128,0.650517962667263,16.766822379059445,33.24349192589434,55.51075290544724,0.1608704289823483,0.0428874735798987,0.4879266006014541,0.880839317436203,12.250854852213998,0.0831880546533648,0.0210729606623423,0.1917611090135232
5,60→30,MAE,Seq2Seq,16.508,53.94,2019,2019-07-04_12-15_ZJUNlict-vs-RoboTeam_Twente.log,RoboTeam_Twente vs ZJUNlict,2 Conhecidos,3.93,26.1,76.18,54.17,0.10658,0.09276,0.032265,0.0535753382687186,1.2899038335591937,0.0026257636161802,2019_RoboTeam_Twente_vs_ZJUNlict,proc_set_5.pkl,2019,A,6.3929,179,28,3642.35,60,4.972903398087128,0.650517962667263,16.766822379059445,33.24349192589434,55.51075290544724,0.1608704289823483,0.0428874735798987,0.4879266006014541,0.880839317436203,12.250854852213998,0.0831880546533648,0.0210729606623423,0.1917611090135232
5,60→30,MAE,MLP,34.476,53.94,2019,2019-07-04_12-15_ZJUNlict-vs-RoboTeam_Twente.log,RoboTeam_Twente vs ZJUNlict,2 Conhecidos,3.93,26.1,76.18,54.17,0.10658,0.09276,0.032265,0.0535753382687186,1.2899038335591937,0.0026257636161802,2019_RoboTeam_Twente_vs_ZJUNlict,proc_set_5.pkl,2019,A,6.3929,179,28,3642.35,60,4.972903398087128,0.650517962667263,16.766822379059445,33.24349192589434,55.51075290544724,0.1608704289823483,0.0428874735798987,0.4879266006014541,0.880839317436203,12.250854852213998,0.0831880546533648,0.0210729606623423,0.1917611090135232
5,60→30,MAE,Kalman,35.84,53.94,2019,2019-07-04_12-15_ZJUNlict-vs-RoboTeam_Twente.log,RoboTeam_Twente vs ZJUNlict,2 Conhecidos,3.93,26.1,76.18,54.17,0.10658,0.09276,0.032265,0.0535753382687186,1.2899038335591937,0.0026257636161802,2019_RoboTeam_Twente_vs_ZJUNlict,proc_set_5.pkl,2019,A,6.3929,179,28,3642.35,60,4.972903398087128,0.650517962667263,16.766822379059445,33.24349192589434,55.51075290544724,0.1608704289823483,0.0428874735798987,0.4879266006014541,0.880839317436203,12.250854852213998,0.0831880546533648,0.0210729606623423,0.1917611090135232
6,30→15,ADE,Seq2Seq,4.328,73.48,2019,2019-07-04_14-10_KIKS-vs-MRL.log,KIKS vs MRL,1 Conhecido,4.33,28.68,73.48,50.74,0.1083687137552559,0.0983115637249888,0.0600297463550483,0.0681132348091359,1.8882481552347163,0.0169849850904378,2019_KIKS_vs_MRL,proc_set_6.pkl,2019,A,6.9615,181,26,2444.75,60,4.36927050462011,0.6365251412827737,14.504403189413631,30.377867190571752,42.40306713489646,0.1509245066716572,0.064221024518323,0.431980070258492,0.7878518396234726,1.937284405852629,0.0993326840511255,0.0293924130479177,0.2244277118162111
6,30→15,ADE,MLP,9.687,73.48,2019,2019-07-04_14-10_KIKS-vs-MRL.log,KIKS vs MRL,1 Conhecido,4.33,28.68,73.48,50.74,0.1083687137552559,0.0983115637249888,0.0600297463550483,0.0681132348091359,1.8882481552347163,0.0169849850904378,2019_KIKS_vs_MRL,proc_set_6.pkl,2019,A,6.9615,181,26,2444.75,60,4.36927050462011,0.6365251412827737,14.504403189413631,30.377867190571752,42.40306713489646,0.1509245066716572,0.064221024518323,0.431980070258492,0.7878518396234726,1.937284405852629,0.0993326840511255,0.0293924130479177,0.2244277118162111
6,30→15,ADE,Kalman,16.324,73.48,2019,2019-07-04_14-10_KIKS-vs-MRL.log,KIKS vs MRL,1 Conhecido,4.33,28.68,73.48,50.74,0.1083687137552559,0.0983115637249888,0.0600297463550483,0.0681132348091359,1.8882481552347163,0.0169849850904378,2019_KIKS_vs_MRL,proc_set_6.pkl,2019,A,6.9615,181,26,2444.75,60,4.36927050462011,0.6365251412827737,14.504403189413631,30.377867190571752,42.40306713489646,0.1509245066716572,0.064221024518323,0.431980070258492,0.7878518396234726,1.937284405852629,0.0993326840511255,0.0293924130479177,0.2244277118162111
6,30→15,FDE,Seq2Seq,13.77,67.67,2019,2019-07-04_14-10_KIKS-vs-MRL.log,KIKS vs MRL,1 Conhecido,4.33,28.68,73.48,50.74,0.1083687137552559,0.0983115637249888,0.0600297463550483,0.0681132348091359,1.8882481552347163,0.0169849850904378,2019_KIKS_vs_MRL,proc_set_6.pkl,2019,A,6.9615,181,26,2444.75,60,4.36927050462011,0.6365251412827737,14.504403189413631,30.377867190571752,42.40306713489646,0.1509245066716572,0.064221024518323,0.431980070258492,0.7878518396234726,1.937284405852629,0.0993326840511255,0.0293924130479177,0.2244277118162111
6,30→15,FDE,MLP,25.587,67.67,2019,2019-07-04_14-10_KIKS-vs-MRL.log,KIKS vs MRL,1 Conhecido,4.33,28.68,73.48,50.74,0.1083687137552559,0.0983115637249888,0.0600297463550483,0.0681132348091359,1.8882481552347163,0.0169849850904378,2019_KIKS_vs_MRL,proc_set_6.pkl,2019,A,6.9615,181,26,2444.75,60,4.36927050462011,0.6365251412827737,14.504403189413631,30.377867190571752,42.40306713489646,0.1509245066716572,0.064221024518323,0.431980070258492,0.7878518396234726,1.937284405852629,0.0993326840511255,0.0293924130479177,0.2244277118162111
6,30→15,FDE,Kalman,42.593,67.67,2019,2019-07-04_14-10_KIKS-vs-MRL.log,KIKS vs MRL,1 Conhecido,4.33,28.68,73.48,50.74,0.1083687137552559,0.0983115637249888,0.0600297463550483,0.0681132348091359,1.8882481552347163,0.0169849850904378,2019_KIKS_vs_MRL,proc_set_6.pkl,2019,A,6.9615,181,26,2444.75,60,4.36927050462011,0.6365251412827737,14.504403189413631,30.377867190571752,42.40306713489646,0.1509245066716572,0.064221024518323,0.431980070258492,0.7878518396234726,1.937284405852629,0.0993326840511255,0.0293924130479177,0.2244277118162111
6,30→15,MAE,Seq2Seq,2.726,73.58,2019,2019-07-04_14-10_KIKS-vs-MRL.log,KIKS vs MRL,1 Conhecido,4.33,28.68,73.48,50.74,0.1083687137552559,0.0983115637249888,0.0600297463550483,0.0681132348091359,1.8882481552347163,0.0169849850904378,2019_KIKS_vs_MRL,proc_set_6.pkl,2019,A,6.9615,181,26,2444.75,60,4.36927050462011,0.6365251412827737,14.504403189413631,30.377867190571752,42.40306713489646,0.1509245066716572,0.064221024518323,0.431980070258492,0.7878518396234726,1.937284405852629,0.0993326840511255,0.0293924130479177,0.2244277118162111
6,30→15,MAE,MLP,6.168,73.58,2019,2019-07-04_14-10_KIKS-vs-MRL.log,KIKS vs MRL,1 Conhecido,4.33,28.68,73.48,50.74,0.1083687137552559,0.0983115637249888,0.0600297463550483,0.0681132348091359,1.8882481552347163,0.0169849850904378,2019_KIKS_vs_MRL,proc_set_6.pkl,2019,A,6.9615,181,26,2444.75,60,4.36927050462011,0.6365251412827737,14.504403189413631,30.377867190571752,42.40306713489646,0.1509245066716572,0.064221024518323,0.431980070258492,0.7878518396234726,1.937284405852629,0.0993326840511255,0.0293924130479177,0.2244277118162111
6,30→15,MAE,Kalman,10.316,73.58,2019,2019-07-04_14-10_KIKS-vs-MRL.log,KIKS vs MRL,1 Conhecido,4.33,28.68,73.48,50.74,0.1083687137552559,0.0983115637249888,0.0600297463550483,0.0681132348091359,1.8882481552347163,0.0169849850904378,2019_KIKS_vs_MRL,proc_set_6.pkl,2019,A,6.9615,181,26,2444.75,60,4.36927050462011,0.6365251412827737,14.504403189413631,30.377867190571752,42.40306713489646,0.1509245066716572,0.064221024518323,0.431980070258492,0.7878518396234726,1.937284405852629,0.0993326840511255,0.0293924130479177,0.2244277118162111
6,60→30,ADE,Seq2Seq,28.677,50.74,2019,2019-07-04_14-10_KIKS-vs-MRL.log,KIKS vs MRL,1 Conhecido,4.33,28.68,73.48,50.74,0.1083687137552559,0.0983115637249888,0.0600297463550483,0.0681132348091359,1.8882481552347163,0.0169849850904378,2019_KIKS_vs_MRL,proc_set_6.pkl,2019,A,6.9615,181,26,2444.75,60,4.36927050462011,0.6365251412827737,14.504403189413631,30.377867190571752,42.40306713489646,0.1509245066716572,0.064221024518323,0.431980070258492,0.7878518396234726,1.937284405852629,0.0993326840511255,0.0293924130479177,0.2244277118162111
6,60→30,ADE,MLP,51.57,50.74,2019,2019-07-04_14-10_KIKS-vs-MRL.log,KIKS vs MRL,1 Conhecido,4.33,28.68,73.48,50.74,0.1083687137552559,0.0983115637249888,0.0600297463550483,0.0681132348091359,1.8882481552347163,0.0169849850904378,2019_KIKS_vs_MRL,proc_set_6.pkl,2019,A,6.9615,181,26,2444.75,60,4.36927050462011,0.6365251412827737,14.504403189413631,30.377867190571752,42.40306713489646,0.1509245066716572,0.064221024518323,0.431980070258492,0.7878518396234726,1.937284405852629,0.0993326840511255,0.0293924130479177,0.2244277118162111
6,60→30,ADE,Kalman,58.208,50.74,2019,2019-07-04_14-10_KIKS-vs-MRL.log,KIKS vs MRL,1 Conhecido,4.33,28.68,73.48,50.74,0.1083687137552559,0.0983115637249888,0.0600297463550483,0.0681132348091359,1.8882481552347163,0.0169849850904378,2019_KIKS_vs_MRL,proc_set_6.pkl,2019,A,6.9615,181,26,2444.75,60,4.36927050462011,0.6365251412827737,14.504403189413631,30.377867190571752,42.40306713489646,0.1509245066716572,0.064221024518323,0.431980070258492,0.7878518396234726,1.937284405852629,0.0993326840511255,0.0293924130479177,0.2244277118162111
6,60→30,FDE,Seq2Seq,90.723,41.99,2019,2019-07-04_14-10_KIKS-vs-MRL.log,KIKS vs MRL,1 Conhecido,4.33,28.68,73.48,50.74,0.1083687137552559,0.0983115637249888,0.0600297463550483,0.0681132348091359,1.8882481552347163,0.0169849850904378,2019_KIKS_vs_MRL,proc_set_6.pkl,2019,A,6.9615,181,26,2444.75,60,4.36927050462011,0.6365251412827737,14.504403189413631,30.377867190571752,42.40306713489646,0.1509245066716572,0.064221024518323,0.431980070258492,0.7878518396234726,1.937284405852629,0.0993326840511255,0.0293924130479177,0.2244277118162111
6,60→30,FDE,MLP,142.223,41.99,2019,2019-07-04_14-10_KIKS-vs-MRL.log,KIKS vs MRL,1 Conhecido,4.33,28.68,73.48,50.74,0.1083687137552559,0.0983115637249888,0.0600297463550483,0.0681132348091359,1.8882481552347163,0.0169849850904378,2019_KIKS_vs_MRL,proc_set_6.pkl,2019,A,6.9615,181,26,2444.75,60,4.36927050462011,0.6365251412827737,14.504403189413631,30.377867190571752,42.40306713489646,0.1509245066716572,0.064221024518323,0.431980070258492,0.7878518396234726,1.937284405852629,0.0993326840511255,0.0293924130479177,0.2244277118162111
6,60→30,FDE,Kalman,156.496,41.99,2019,2019-07-04_14-10_KIKS-vs-MRL.log,KIKS vs MRL,1 Conhecido,4.33,28.68,73.48,50.74,0.1083687137552559,0.0983115637249888,0.0600297463550483,0.0681132348091359,1.8882481552347163,0.0169849850904378,2019_KIKS_vs_MRL,proc_set_6.pkl,2019,A,6.9615,181,26,2444.75,60,4.36927050462011,0.6365251412827737,14.504403189413631,30.377867190571752,42.40306713489646,0.1509245066716572,0.064221024518323,0.431980070258492,0.7878518396234726,1.937284405852629,0.0993326840511255,0.0293924130479177,0.2244277118162111
6,60→30,MAE,Seq2Seq,18.096,50.74,2019,2019-07-04_14-10_KIKS-vs-MRL.log,KIKS vs MRL,1 Conhecido,4.33,28.68,73.48,50.74,0.1083687137552559,0.0983115637249888,0.0600297463550483,0.0681132348091359,1.8882481552347163,0.0169849850904378,2019_KIKS_vs_MRL,proc_set_6.pkl,2019,A,6.9615,181,26,2444.75,60,4.36927050462011,0.6365251412827737,14.504403189413631,30.377867190571752,42.40306713489646,0.1509245066716572,0.064221024518323,0.431980070258492,0.7878518396234726,1.937284405852629,0.0993326840511255,0.0293924130479177,0.2244277118162111
6,60→30,MAE,MLP,32.819,50.74,2019,2019-07-04_14-10_KIKS-vs-MRL.log,KIKS vs MRL,1 Conhecido,4.33,28.68,73.48,50.74,0.1083687137552559,0.0983115637249888,0.0600297463550483,0.0681132348091359,1.8882481552347163,0.0169849850904378,2019_KIKS_vs_MRL,proc_set_6.pkl,2019,A,6.9615,181,26,2444.75,60,4.36927050462011,0.6365251412827737,14.504403189413631,30.377867190571752,42.40306713489646,0.1509245066716572,0.064221024518323,0.431980070258492,0.7878518396234726,1.937284405852629,0.0993326840511255,0.0293924130479177,0.2244277118162111
6,60→30,MAE,Kalman,36.732,50.74,2019,2019-07-04_14-10_KIKS-vs-MRL.log,KIKS vs MRL,1 Conhecido,4.33,28.68,73.48,50.74,0.1083687137552559,0.0983115637249888,0.0600297463550483,0.0681132348091359,1.8882481552347163,0.0169849850904378,2019_KIKS_vs_MRL,proc_set_6.pkl,2019,A,6.9615,181,26,2444.75,60,4.36927050462011,0.6365251412827737,14.504403189413631,30.377867190571752,42.40306713489646,0.1509245066716572,0.064221024518323,0.431980070258492,0.7878518396234726,1.937284405852629,0.0993326840511255,0.0293924130479177,0.2244277118162111
7,30→15,ADE,Seq2Seq,4.25,70.05,2019,2019-07-05_04-18_KIKS-vs-OP-AmP.log,KIKS vs OP-AmP,0 Conhecidos,4.25,28.48,70.05,42.14,0.1229836796206387,0.0909134752023256,0.028672715599183,0.0703141882433772,1.995323764218456,0.0068714014314613,2019_KIKS_vs_OPAmP,proc_set_7.pkl,2019,A,5.9474,226,38,2362.12,60,4.262973448915327,1.1203723179406218,13.70791699800525,27.312670996702074,38.269493699793706,0.1489495040318144,0.0630331901135227,0.4261458763699057,0.8425315026012873,1.4861553741507765,0.0891205111100813,0.025393899794019,0.2080617574052818
7,30→15,ADE,MLP,9.19,70.05,2019,2019-07-05_04-18_KIKS-vs-OP-AmP.log,KIKS vs OP-AmP,0 Conhecidos,4.25,28.48,70.05,42.14,0.1229836796206387,0.0909134752023256,0.028672715599183,0.0703141882433772,1.995323764218456,0.0068714014314613,2019_KIKS_vs_OPAmP,proc_set_7.pkl,2019,A,5.9474,226,38,2362.12,60,4.262973448915327,1.1203723179406218,13.70791699800525,27.312670996702074,38.269493699793706,0.1489495040318144,0.0630331901135227,0.4261458763699057,0.8425315026012873,1.4861553741507765,0.0891205111100813,0.025393899794019,0.2080617574052818
7,30→15,ADE,Kalman,14.2,70.05,2019,2019-07-05_04-18_KIKS-vs-OP-AmP.log,KIKS vs OP-AmP,0 Conhecidos,4.25,28.48,70.05,42.14,0.1229836796206387,0.0909134752023256,0.028672715599183,0.0703141882433772,1.995323764218456,0.0068714014314613,2019_KIKS_vs_OPAmP,proc_set_7.pkl,2019,A,5.9474,226,38,2362.12,60,4.262973448915327,1.1203723179406218,13.70791699800525,27.312670996702074,38.269493699793706,0.1489495040318144,0.0630331901135227,0.4261458763699057,0.8425315026012873,1.4861553741507765,0.0891205111100813,0.025393899794019,0.2080617574052818
7,30→15,FDE,Seq2Seq,13.58,63.2,2019,2019-07-05_04-18_KIKS-vs-OP-AmP.log,KIKS vs OP-AmP,0 Conhecidos,4.25,28.48,70.05,42.14,0.1229836796206387,0.0909134752023256,0.028672715599183,0.0703141882433772,1.995323764218456,0.0068714014314613,2019_KIKS_vs_OPAmP,proc_set_7.pkl,2019,A,5.9474,226,38,2362.12,60,4.262973448915327,1.1203723179406218,13.70791699800525,27.312670996702074,38.269493699793706,0.1489495040318144,0.0630331901135227,0.4261458763699057,0.8425315026012873,1.4861553741507765,0.0891205111100813,0.025393899794019,0.2080617574052818
7,30→15,FDE,MLP,24.57,63.2,2019,2019-07-05_04-18_KIKS-vs-OP-AmP.log,KIKS vs OP-AmP,0 Conhecidos,4.25,28.48,70.05,42.14,0.1229836796206387,0.0909134752023256,0.028672715599183,0.0703141882433772,1.995323764218456,0.0068714014314613,2019_KIKS_vs_OPAmP,proc_set_7.pkl,2019,A,5.9474,226,38,2362.12,60,4.262973448915327,1.1203723179406218,13.70791699800525,27.312670996702074,38.269493699793706,0.1489495040318144,0.0630331901135227,0.4261458763699057,0.8425315026012873,1.4861553741507765,0.0891205111100813,0.025393899794019,0.2080617574052818
7,30→15,FDE,Kalman,36.91,63.2,2019,2019-07-05_04-18_KIKS-vs-OP-AmP.log,KIKS vs OP-AmP,0 Conhecidos,4.25,28.48,70.05,42.14,0.1229836796206387,0.0909134752023256,0.028672715599183,0.0703141882433772,1.995323764218456,0.0068714014314613,2019_KIKS_vs_OPAmP,proc_set_7.pkl,2019,A,5.9474,226,38,2362.12,60,4.262973448915327,1.1203723179406218,13.70791699800525,27.312670996702074,38.269493699793706,0.1489495040318144,0.0630331901135227,0.4261458763699057,0.8425315026012873,1.4861553741507765,0.0891205111100813,0.025393899794019,0.2080617574052818
7,30→15,MAE,Seq2Seq,2.68,70.14,2019,2019-07-05_04-18_KIKS-vs-OP-AmP.log,KIKS vs OP-AmP,0 Conhecidos,4.25,28.48,70.05,42.14,0.1229836796206387,0.0909134752023256,0.028672715599183,0.0703141882433772,1.995323764218456,0.0068714014314613,2019_KIKS_vs_OPAmP,proc_set_7.pkl,2019,A,5.9474,226,38,2362.12,60,4.262973448915327,1.1203723179406218,13.70791699800525,27.312670996702074,38.269493699793706,0.1489495040318144,0.0630331901135227,0.4261458763699057,0.8425315026012873,1.4861553741507765,0.0891205111100813,0.025393899794019,0.2080617574052818
7,30→15,MAE,MLP,5.82,70.14,2019,2019-07-05_04-18_KIKS-vs-OP-AmP.log,KIKS vs OP-AmP,0 Conhecidos,4.25,28.48,70.05,42.14,0.1229836796206387,0.0909134752023256,0.028672715599183,0.0703141882433772,1.995323764218456,0.0068714014314613,2019_KIKS_vs_OPAmP,proc_set_7.pkl,2019,A,5.9474,226,38,2362.12,60,4.262973448915327,1.1203723179406218,13.70791699800525,27.312670996702074,38.269493699793706,0.1489495040318144,0.0630331901135227,0.4261458763699057,0.8425315026012873,1.4861553741507765,0.0891205111100813,0.025393899794019,0.2080617574052818
7,30→15,MAE,Kalman,8.97,70.14,2019,2019-07-05_04-18_KIKS-vs-OP-AmP.log,KIKS vs OP-AmP,0 Conhecidos,4.25,28.48,70.05,42.14,0.1229836796206387,0.0909134752023256,0.028672715599183,0.0703141882433772,1.995323764218456,0.0068714014314613,2019_KIKS_vs_OPAmP,proc_set_7.pkl,2019,A,5.9474,226,38,2362.12,60,4.262973448915327,1.1203723179406218,13.70791699800525,27.312670996702074,38.269493699793706,0.1489495040318144,0.0630331901135227,0.4261458763699057,0.8425315026012873,1.4861553741507765,0.0891205111100813,0.025393899794019,0.2080617574052818
7,60→30,ADE,Seq2Seq,28.48,42.14,2019,2019-07-05_04-18_KIKS-vs-OP-AmP.log,KIKS vs OP-AmP,0 Conhecidos,4.25,28.48,70.05,42.14,0.1229836796206387,0.0909134752023256,0.028672715599183,0.0703141882433772,1.995323764218456,0.0068714014314613,2019_KIKS_vs_OPAmP,proc_set_7.pkl,2019,A,5.9474,226,38,2362.12,60,4.262973448915327,1.1203723179406218,13.70791699800525,27.312670996702074,38.269493699793706,0.1489495040318144,0.0630331901135227,0.4261458763699057,0.8425315026012873,1.4861553741507765,0.0891205111100813,0.025393899794019,0.2080617574052818
7,60→30,ADE,MLP,49.82,42.14,2019,2019-07-05_04-18_KIKS-vs-OP-AmP.log,KIKS vs OP-AmP,0 Conhecidos,4.25,28.48,70.05,42.14,0.1229836796206387,0.0909134752023256,0.028672715599183,0.0703141882433772,1.995323764218456,0.0068714014314613,2019_KIKS_vs_OPAmP,proc_set_7.pkl,2019,A,5.9474,226,38,2362.12,60,4.262973448915327,1.1203723179406218,13.70791699800525,27.312670996702074,38.269493699793706,0.1489495040318144,0.0630331901135227,0.4261458763699057,0.8425315026012873,1.4861553741507765,0.0891205111100813,0.025393899794019,0.2080617574052818
7,60→30,ADE,Kalman,49.22,42.14,2019,2019-07-05_04-18_KIKS-vs-OP-AmP.log,KIKS vs OP-AmP,0 Conhecidos,4.25,28.48,70.05,42.14,0.1229836796206387,0.0909134752023256,0.028672715599183,0.0703141882433772,1.995323764218456,0.0068714014314613,2019_KIKS_vs_OPAmP,proc_set_7.pkl,2019,A,5.9474,226,38,2362.12,60,4.262973448915327,1.1203723179406218,13.70791699800525,27.312670996702074,38.269493699793706,0.1489495040318144,0.0630331901135227,0.4261458763699057,0.8425315026012873,1.4861553741507765,0.0891205111100813,0.025393899794019,0.2080617574052818
7,60→30,FDE,Seq2Seq,90.08,31.25,2019,2019-07-05_04-18_KIKS-vs-OP-AmP.log,KIKS vs OP-AmP,0 Conhecidos,4.25,28.48,70.05,42.14,0.1229836796206387,0.0909134752023256,0.028672715599183,0.0703141882433772,1.995323764218456,0.0068714014314613,2019_KIKS_vs_OPAmP,proc_set_7.pkl,2019,A,5.9474,226,38,2362.12,60,4.262973448915327,1.1203723179406218,13.70791699800525,27.312670996702074,38.269493699793706,0.1489495040318144,0.0630331901135227,0.4261458763699057,0.8425315026012873,1.4861553741507765,0.0891205111100813,0.025393899794019,0.2080617574052818
7,60→30,FDE,MLP,136.49,31.25,2019,2019-07-05_04-18_KIKS-vs-OP-AmP.log,KIKS vs OP-AmP,0 Conhecidos,4.25,28.48,70.05,42.14,0.1229836796206387,0.0909134752023256,0.028672715599183,0.0703141882433772,1.995323764218456,0.0068714014314613,2019_KIKS_vs_OPAmP,proc_set_7.pkl,2019,A,5.9474,226,38,2362.12,60,4.262973448915327,1.1203723179406218,13.70791699800525,27.312670996702074,38.269493699793706,0.1489495040318144,0.0630331901135227,0.4261458763699057,0.8425315026012873,1.4861553741507765,0.0891205111100813,0.025393899794019,0.2080617574052818
7,60→30,FDE,Kalman,131.07,31.25,2019,2019-07-05_04-18_KIKS-vs-OP-AmP.log,KIKS vs OP-AmP,0 Conhecidos,4.25,28.48,70.05,42.14,0.1229836796206387,0.0909134752023256,0.028672715599183,0.0703141882433772,1.995323764218456,0.0068714014314613,2019_KIKS_vs_OPAmP,proc_set_7.pkl,2019,A,5.9474,226,38,2362.12,60,4.262973448915327,1.1203723179406218,13.70791699800525,27.312670996702074,38.269493699793706,0.1489495040318144,0.0630331901135227,0.4261458763699057,0.8425315026012873,1.4861553741507765,0.0891205111100813,0.025393899794019,0.2080617574052818
7,60→30,MAE,Seq2Seq,17.99,42.19,2019,2019-07-05_04-18_KIKS-vs-OP-AmP.log,KIKS vs OP-AmP,0 Conhecidos,4.25,28.48,70.05,42.14,0.1229836796206387,0.0909134752023256,0.028672715599183,0.0703141882433772,1.995323764218456,0.0068714014314613,2019_KIKS_vs_OPAmP,proc_set_7.pkl,2019,A,5.9474,226,38,2362.12,60,4.262973448915327,1.1203723179406218,13.70791699800525,27.312670996702074,38.269493699793706,0.1489495040318144,0.0630331901135227,0.4261458763699057,0.8425315026012873,1.4861553741507765,0.0891205111100813,0.025393899794019,0.2080617574052818
7,60→30,MAE,MLP,31.73,42.19,2019,2019-07-05_04-18_KIKS-vs-OP-AmP.log,KIKS vs OP-AmP,0 Conhecidos,4.25,28.48,70.05,42.14,0.1229836796206387,0.0909134752023256,0.028672715599183,0.0703141882433772,1.995323764218456,0.0068714014314613,2019_KIKS_vs_OPAmP,proc_set_7.pkl,2019,A,5.9474,226,38,2362.12,60,4.262973448915327,1.1203723179406218,13.70791699800525,27.312670996702074,38.269493699793706,0.1489495040318144,0.0630331901135227,0.4261458763699057,0.8425315026012873,1.4861553741507765,0.0891205111100813,0.025393899794019,0.2080617574052818
7,60→30,MAE,Kalman,31.11,42.19,2019,2019-07-05_04-18_KIKS-vs-OP-AmP.log,KIKS vs OP-AmP,0 Conhecidos,4.25,28.48,70.05,42.14,0.1229836796206387,0.0909134752023256,0.028672715599183,0.0703141882433772,1.995323764218456,0.0068714014314613,2019_KIKS_vs_OPAmP,proc_set_7.pkl,2019,A,5.9474,226,38,2362.12,60,4.262973448915327,1.1203723179406218,13.70791699800525,27.312670996702074,38.269493699793706,0.1489495040318144,0.0630331901135227,0.4261458763699057,0.8425315026012873,1.4861553741507765,0.0891205111100813,0.025393899794019,0.2080617574052818
8,30→15,ADE,Seq2Seq,4.66,71.64,2019,2019-07-06_03-11_KIKS-vs-ZJUNlict.log,KIKS vs ZJUNlict,0 Conhecidos,4.66,30.76,71.64,47.07,0.073355,0.08077,0.021255,0.0193419872644171,1.1480546157717966,0.0067153051241251,2019_KIKS_vs_ZJUNlict,proc_set_8.pkl,2019,A,6.1667,185,30,5429.87,60,5.339786649149484,2.133614270949658,15.442651145183476,30.733163954188168,46.33505217602927,0.2077364049921793,0.1229484784408447,0.546933463800744,0.9397152433110858,9.438868488908964,0.0756297124432961,0.0223035068380825,0.1701588918312375
8,30→15,ADE,MLP,10.082,71.64,2019,2019-07-06_03-11_KIKS-vs-ZJUNlict.log,KIKS vs ZJUNlict,0 Conhecidos,4.66,30.76,71.64,47.07,0.073355,0.08077,0.021255,0.0193419872644171,1.1480546157717966,0.0067153051241251,2019_KIKS_vs_ZJUNlict,proc_set_8.pkl,2019,A,6.1667,185,30,5429.87,60,5.339786649149484,2.133614270949658,15.442651145183476,30.733163954188168,46.33505217602927,0.2077364049921793,0.1229484784408447,0.546933463800744,0.9397152433110858,9.438868488908964,0.0756297124432961,0.0223035068380825,0.1701588918312375
8,30→15,ADE,Kalman,16.438,71.64,2019,2019-07-06_03-11_KIKS-vs-ZJUNlict.log,KIKS vs ZJUNlict,0 Conhecidos,4.66,30.76,71.64,47.07,0.073355,0.08077,0.021255,0.0193419872644171,1.1480546157717966,0.0067153051241251,2019_KIKS_vs_ZJUNlict,proc_set_8.pkl,2019,A,6.1667,185,30,5429.87,60,5.339786649149484,2.133614270949658,15.442651145183476,30.733163954188168,46.33505217602927,0.2077364049921793,0.1229484784408447,0.546933463800744,0.9397152433110858,9.438868488908964,0.0756297124432961,0.0223035068380825,0.1701588918312375
8,30→15,FDE,Seq2Seq,14.948,65.0,2019,2019-07-06_03-11_KIKS-vs-ZJUNlict.log,KIKS vs ZJUNlict,0 Conhecidos,4.66,30.76,71.64,47.07,0.073355,0.08077,0.021255,0.0193419872644171,1.1480546157717966,0.0067153051241251,2019_KIKS_vs_ZJUNlict,proc_set_8.pkl,2019,A,6.1667,185,30,5429.87,60,5.339786649149484,2.133614270949658,15.442651145183476,30.733163954188168,46.33505217602927,0.2077364049921793,0.1229484784408447,0.546933463800744,0.9397152433110858,9.438868488908964,0.0756297124432961,0.0223035068380825,0.1701588918312375
8,30→15,FDE,MLP,27.108,65.0,2019,2019-07-06_03-11_KIKS-vs-ZJUNlict.log,KIKS vs ZJUNlict,0 Conhecidos,4.66,30.76,71.64,47.07,0.073355,0.08077,0.021255,0.0193419872644171,1.1480546157717966,0.0067153051241251,2019_KIKS_vs_ZJUNlict,proc_set_8.pkl,2019,A,6.1667,185,30,5429.87,60,5.339786649149484,2.133614270949658,15.442651145183476,30.733163954188168,46.33505217602927,0.2077364049921793,0.1229484784408447,0.546933463800744,0.9397152433110858,9.438868488908964,0.0756297124432961,0.0223035068380825,0.1701588918312375
8,30→15,FDE,Kalman,42.702,65.0,2019,2019-07-06_03-11_KIKS-vs-ZJUNlict.log,KIKS vs ZJUNlict,0 Conhecidos,4.66,30.76,71.64,47.07,0.073355,0.08077,0.021255,0.0193419872644171,1.1480546157717966,0.0067153051241251,2019_KIKS_vs_ZJUNlict,proc_set_8.pkl,2019,A,6.1667,185,30,5429.87,60,5.339786649149484,2.133614270949658,15.442651145183476,30.733163954188168,46.33505217602927,0.2077364049921793,0.1229484784408447,0.546933463800744,0.9397152433110858,9.438868488908964,0.0756297124432961,0.0223035068380825,0.1701588918312375
8,30→15,MAE,Seq2Seq,2.937,71.73,2019,2019-07-06_03-11_KIKS-vs-ZJUNlict.log,KIKS vs ZJUNlict,0 Conhecidos,4.66,30.76,71.64,47.07,0.073355,0.08077,0.021255,0.0193419872644171,1.1480546157717966,0.0067153051241251,2019_KIKS_vs_ZJUNlict,proc_set_8.pkl,2019,A,6.1667,185,30,5429.87,60,5.339786649149484,2.133614270949658,15.442651145183476,30.733163954188168,46.33505217602927,0.2077364049921793,0.1229484784408447,0.546933463800744,0.9397152433110858,9.438868488908964,0.0756297124432961,0.0223035068380825,0.1701588918312375
8,30→15,MAE,MLP,6.379,71.73,2019,2019-07-06_03-11_KIKS-vs-ZJUNlict.log,KIKS vs ZJUNlict,0 Conhecidos,4.66,30.76,71.64,47.07,0.073355,0.08077,0.021255,0.0193419872644171,1.1480546157717966,0.0067153051241251,2019_KIKS_vs_ZJUNlict,proc_set_8.pkl,2019,A,6.1667,185,30,5429.87,60,5.339786649149484,2.133614270949658,15.442651145183476,30.733163954188168,46.33505217602927,0.2077364049921793,0.1229484784408447,0.546933463800744,0.9397152433110858,9.438868488908964,0.0756297124432961,0.0223035068380825,0.1701588918312375
8,30→15,MAE,Kalman,10.389,71.73,2019,2019-07-06_03-11_KIKS-vs-ZJUNlict.log,KIKS vs ZJUNlict,0 Conhecidos,4.66,30.76,71.64,47.07,0.073355,0.08077,0.021255,0.0193419872644171,1.1480546157717966,0.0067153051241251,2019_KIKS_vs_ZJUNlict,proc_set_8.pkl,2019,A,6.1667,185,30,5429.87,60,5.339786649149484,2.133614270949658,15.442651145183476,30.733163954188168,46.33505217602927,0.2077364049921793,0.1229484784408447,0.546933463800744,0.9397152433110858,9.438868488908964,0.0756297124432961,0.0223035068380825,0.1701588918312375
8,60→30,ADE,Seq2Seq,30.762,47.07,2019,2019-07-06_03-11_KIKS-vs-ZJUNlict.log,KIKS vs ZJUNlict,0 Conhecidos,4.66,30.76,71.64,47.07,0.073355,0.08077,0.021255,0.0193419872644171,1.1480546157717966,0.0067153051241251,2019_KIKS_vs_ZJUNlict,proc_set_8.pkl,2019,A,6.1667,185,30,5429.87,60,5.339786649149484,2.133614270949658,15.442651145183476,30.733163954188168,46.33505217602927,0.2077364049921793,0.1229484784408447,0.546933463800744,0.9397152433110858,9.438868488908964,0.0756297124432961,0.0223035068380825,0.1701588918312375
8,60→30,ADE,MLP,52.833,47.07,2019,2019-07-06_03-11_KIKS-vs-ZJUNlict.log,KIKS vs ZJUNlict,0 Conhecidos,4.66,30.76,71.64,47.07,0.073355,0.08077,0.021255,0.0193419872644171,1.1480546157717966,0.0067153051241251,2019_KIKS_vs_ZJUNlict,proc_set_8.pkl,2019,A,6.1667,185,30,5429.87,60,5.339786649149484,2.133614270949658,15.442651145183476,30.733163954188168,46.33505217602927,0.2077364049921793,0.1229484784408447,0.546933463800744,0.9397152433110858,9.438868488908964,0.0756297124432961,0.0223035068380825,0.1701588918312375
8,60→30,ADE,Kalman,58.128,47.07,2019,2019-07-06_03-11_KIKS-vs-ZJUNlict.log,KIKS vs ZJUNlict,0 Conhecidos,4.66,30.76,71.64,47.07,0.073355,0.08077,0.021255,0.0193419872644171,1.1480546157717966,0.0067153051241251,2019_KIKS_vs_ZJUNlict,proc_set_8.pkl,2019,A,6.1667,185,30,5429.87,60,5.339786649149484,2.133614270949658,15.442651145183476,30.733163954188168,46.33505217602927,0.2077364049921793,0.1229484784408447,0.546933463800744,0.9397152433110858,9.438868488908964,0.0756297124432961,0.0223035068380825,0.1701588918312375
8,60→30,FDE,Seq2Seq,97.916,36.44,2019,2019-07-06_03-11_KIKS-vs-ZJUNlict.log,KIKS vs ZJUNlict,0 Conhecidos,4.66,30.76,71.64,47.07,0.073355,0.08077,0.021255,0.0193419872644171,1.1480546157717966,0.0067153051241251,2019_KIKS_vs_ZJUNlict,proc_set_8.pkl,2019,A,6.1667,185,30,5429.87,60,5.339786649149484,2.133614270949658,15.442651145183476,30.733163954188168,46.33505217602927,0.2077364049921793,0.1229484784408447,0.546933463800744,0.9397152433110858,9.438868488908964,0.0756297124432961,0.0223035068380825,0.1701588918312375
8,60→30,FDE,MLP,144.563,36.44,2019,2019-07-06_03-11_KIKS-vs-ZJUNlict.log,KIKS vs ZJUNlict,0 Conhecidos,4.66,30.76,71.64,47.07,0.073355,0.08077,0.021255,0.0193419872644171,1.1480546157717966,0.0067153051241251,2019_KIKS_vs_ZJUNlict,proc_set_8.pkl,2019,A,6.1667,185,30,5429.87,60,5.339786649149484,2.133614270949658,15.442651145183476,30.733163954188168,46.33505217602927,0.2077364049921793,0.1229484784408447,0.546933463800744,0.9397152433110858,9.438868488908964,0.0756297124432961,0.0223035068380825,0.1701588918312375
8,60→30,FDE,Kalman,154.098,36.44,2019,2019-07-06_03-11_KIKS-vs-ZJUNlict.log,KIKS vs ZJUNlict,0 Conhecidos,4.66,30.76,71.64,47.07,0.073355,0.08077,0.021255,0.0193419872644171,1.1480546157717966,0.0067153051241251,2019_KIKS_vs_ZJUNlict,proc_set_8.pkl,2019,A,6.1667,185,30,5429.87,60,5.339786649149484,2.133614270949658,15.442651145183476,30.733163954188168,46.33505217602927,0.2077364049921793,0.1229484784408447,0.546933463800744,0.9397152433110858,9.438868488908964,0.0756297124432961,0.0223035068380825,0.1701588918312375
8,60→30,MAE,Seq2Seq,19.514,46.95,2019,2019-07-06_03-11_KIKS-vs-ZJUNlict.log,KIKS vs ZJUNlict,0 Conhecidos,4.66,30.76,71.64,47.07,0.073355,0.08077,0.021255,0.0193419872644171,1.1480546157717966,0.0067153051241251,2019_KIKS_vs_ZJUNlict,proc_set_8.pkl,2019,A,6.1667,185,30,5429.87,60,5.339786649149484,2.133614270949658,15.442651145183476,30.733163954188168,46.33505217602927,0.2077364049921793,0.1229484784408447,0.546933463800744,0.9397152433110858,9.438868488908964,0.0756297124432961,0.0223035068380825,0.1701588918312375
8,60→30,MAE,MLP,33.515,46.95,2019,2019-07-06_03-11_KIKS-vs-ZJUNlict.log,KIKS vs ZJUNlict,0 Conhecidos,4.66,30.76,71.64,47.07,0.073355,0.08077,0.021255,0.0193419872644171,1.1480546157717966,0.0067153051241251,2019_KIKS_vs_ZJUNlict,proc_set_8.pkl,2019,A,6.1667,185,30,5429.87,60,5.339786649149484,2.133614270949658,15.442651145183476,30.733163954188168,46.33505217602927,0.2077364049921793,0.1229484784408447,0.546933463800744,0.9397152433110858,9.438868488908964,0.0756297124432961,0.0223035068380825,0.1701588918312375
8,60→30,MAE,Kalman,36.788,46.95,2019,2019-07-06_03-11_KIKS-vs-ZJUNlict.log,KIKS vs ZJUNlict,0 Conhecidos,4.66,30.76,71.64,47.07,0.073355,0.08077,0.021255,0.0193419872644171,1.1480546157717966,0.0067153051241251,2019_KIKS_vs_ZJUNlict,proc_set_8.pkl,2019,A,6.1667,185,30,5429.87,60,5.339786649149484,2.133614270949658,15.442651145183476,30.733163954188168,46.33505217602927,0.2077364049921793,0.1229484784408447,0.546933463800744,0.9397152433110858,9.438868488908964,0.0756297124432961,0.0223035068380825,0.1701588918312375
9,30→15,ADE,Seq2Seq,7.355,72.44,2021,2021-06-21_09-01_TIGERs_Mannheim-vs-KIKS.log,TIGERs vs KIKS,0 Conhecidos,7.36,48.56,72.44,47.46,0.238635,0.19182,0.055535,0.216813014459763,4.031800056063454,0.0141251283626772,2021_TIGERs_vs_KIKS,proc_set_9.pkl,2021,,10.0909,222,22,6216.77,60,10.010212456083703,6.175802111925183,26.45271886957784,43.58782715904108,613.5277943511795,0.4142825685249336,0.3414826981505701,0.8512465200089037,1.9369303453832416,49.001637804936,0.0682281879924047,0.0185753248091071,0.148698864495219
9,30→15,ADE,MLP,16.517,72.44,2021,2021-06-21_09-01_TIGERs_Mannheim-vs-KIKS.log,TIGERs vs KIKS,0 Conhecidos,7.36,48.56,72.44,47.46,0.238635,0.19182,0.055535,0.216813014459763,4.031800056063454,0.0141251283626772,2021_TIGERs_vs_KIKS,proc_set_9.pkl,2021,,10.0909,222,22,6216.77,60,10.010212456083703,6.175802111925183,26.45271886957784,43.58782715904108,613.5277943511795,0.4142825685249336,0.3414826981505701,0.8512465200089037,1.9369303453832416,49.001637804936,0.0682281879924047,0.0185753248091071,0.148698864495219
9,30→15,ADE,Kalman,26.686,72.44,2021,2021-06-21_09-01_TIGERs_Mannheim-vs-KIKS.log,TIGERs vs KIKS,0 Conhecidos,7.36,48.56,72.44,47.46,0.238635,0.19182,0.055535,0.216813014459763,4.031800056063454,0.0141251283626772,2021_TIGERs_vs_KIKS,proc_set_9.pkl,2021,,10.0909,222,22,6216.77,60,10.010212456083703,6.175802111925183,26.45271886957784,43.58782715904108,613.5277943511795,0.4142825685249336,0.3414826981505701,0.8512465200089037,1.9369303453832416,49.001637804936,0.0682281879924047,0.0185753248091071,0.148698864495219
9,30→15,FDE,Seq2Seq,23.812,65.71,2021,2021-06-21_09-01_TIGERs_Mannheim-vs-KIKS.log,TIGERs vs KIKS,0 Conhecidos,7.36,48.56,72.44,47.46,0.238635,0.19182,0.055535,0.216813014459763,4.031800056063454,0.0141251283626772,2021_TIGERs_vs_KIKS,proc_set_9.pkl,2021,,10.0909,222,22,6216.77,60,10.010212456083703,6.175802111925183,26.45271886957784,43.58782715904108,613.5277943511795,0.4142825685249336,0.3414826981505701,0.8512465200089037,1.9369303453832416,49.001637804936,0.0682281879924047,0.0185753248091071,0.148698864495219
9,30→15,FDE,MLP,44.197,65.71,2021,2021-06-21_09-01_TIGERs_Mannheim-vs-KIKS.log,TIGERs vs KIKS,0 Conhecidos,7.36,48.56,72.44,47.46,0.238635,0.19182,0.055535,0.216813014459763,4.031800056063454,0.0141251283626772,2021_TIGERs_vs_KIKS,proc_set_9.pkl,2021,,10.0909,222,22,6216.77,60,10.010212456083703,6.175802111925183,26.45271886957784,43.58782715904108,613.5277943511795,0.4142825685249336,0.3414826981505701,0.8512465200089037,1.9369303453832416,49.001637804936,0.0682281879924047,0.0185753248091071,0.148698864495219
9,30→15,FDE,Kalman,69.428,65.71,2021,2021-06-21_09-01_TIGERs_Mannheim-vs-KIKS.log,TIGERs vs KIKS,0 Conhecidos,7.36,48.56,72.44,47.46,0.238635,0.19182,0.055535,0.216813014459763,4.031800056063454,0.0141251283626772,2021_TIGERs_vs_KIKS,proc_set_9.pkl,2021,,10.0909,222,22,6216.77,60,10.010212456083703,6.175802111925183,26.45271886957784,43.58782715904108,613.5277943511795,0.4142825685249336,0.3414826981505701,0.8512465200089037,1.9369303453832416,49.001637804936,0.0682281879924047,0.0185753248091071,0.148698864495219
9,30→15,MAE,Seq2Seq,4.613,72.15,2021,2021-06-21_09-01_TIGERs_Mannheim-vs-KIKS.log,TIGERs vs KIKS,0 Conhecidos,7.36,48.56,72.44,47.46,0.238635,0.19182,0.055535,0.216813014459763,4.031800056063454,0.0141251283626772,2021_TIGERs_vs_KIKS,proc_set_9.pkl,2021,,10.0909,222,22,6216.77,60,10.010212456083703,6.175802111925183,26.45271886957784,43.58782715904108,613.5277943511795,0.4142825685249336,0.3414826981505701,0.8512465200089037,1.9369303453832416,49.001637804936,0.0682281879924047,0.0185753248091071,0.148698864495219
9,30→15,MAE,MLP,10.45,72.15,2021,2021-06-21_09-01_TIGERs_Mannheim-vs-KIKS.log,TIGERs vs KIKS,0 Conhecidos,7.36,48.56,72.44,47.46,0.238635,0.19182,0.055535,0.216813014459763,4.031800056063454,0.0141251283626772,2021_TIGERs_vs_KIKS,proc_set_9.pkl,2021,,10.0909,222,22,6216.77,60,10.010212456083703,6.175802111925183,26.45271886957784,43.58782715904108,613.5277943511795,0.4142825685249336,0.3414826981505701,0.8512465200089037,1.9369303453832416,49.001637804936,0.0682281879924047,0.0185753248091071,0.148698864495219
9,30→15,MAE,Kalman,16.566,72.15,2021,2021-06-21_09-01_TIGERs_Mannheim-vs-KIKS.log,TIGERs vs KIKS,0 Conhecidos,7.36,48.56,72.44,47.46,0.238635,0.19182,0.055535,0.216813014459763,4.031800056063454,0.0141251283626772,2021_TIGERs_vs_KIKS,proc_set_9.pkl,2021,,10.0909,222,22,6216.77,60,10.010212456083703,6.175802111925183,26.45271886957784,43.58782715904108,613.5277943511795,0.4142825685249336,0.3414826981505701,0.8512465200089037,1.9369303453832416,49.001637804936,0.0682281879924047,0.0185753248091071,0.148698864495219
9,60→30,ADE,Seq2Seq,48.557,47.46,2021,2021-06-21_09-01_TIGERs_Mannheim-vs-KIKS.log,TIGERs vs KIKS,0 Conhecidos,7.36,48.56,72.44,47.46,0.238635,0.19182,0.055535,0.216813014459763,4.031800056063454,0.0141251283626772,2021_TIGERs_vs_KIKS,proc_set_9.pkl,2021,,10.0909,222,22,6216.77,60,10.010212456083703,6.175802111925183,26.45271886957784,43.58782715904108,613.5277943511795,0.4142825685249336,0.3414826981505701,0.8512465200089037,1.9369303453832416,49.001637804936,0.0682281879924047,0.0185753248091071,0.148698864495219
9,60→30,ADE,MLP,81.337,47.46,2021,2021-06-21_09-01_TIGERs_Mannheim-vs-KIKS.log,TIGERs vs KIKS,0 Conhecidos,7.36,48.56,72.44,47.46,0.238635,0.19182,0.055535,0.216813014459763,4.031800056063454,0.0141251283626772,2021_TIGERs_vs_KIKS,proc_set_9.pkl,2021,,10.0909,222,22,6216.77,60,10.010212456083703,6.175802111925183,26.45271886957784,43.58782715904108,613.5277943511795,0.4142825685249336,0.3414826981505701,0.8512465200089037,1.9369303453832416,49.001637804936,0.0682281879924047,0.0185753248091071,0.148698864495219
9,60→30,ADE,Kalman,92.449,47.46,2021,2021-06-21_09-01_TIGERs_Mannheim-vs-KIKS.log,TIGERs vs KIKS,0 Conhecidos,7.36,48.56,72.44,47.46,0.238635,0.19182,0.055535,0.216813014459763,4.031800056063454,0.0141251283626772,2021_TIGERs_vs_KIKS,proc_set_9.pkl,2021,,10.0909,222,22,6216.77,60,10.010212456083703,6.175802111925183,26.45271886957784,43.58782715904108,613.5277943511795,0.4142825685249336,0.3414826981505701,0.8512465200089037,1.9369303453832416,49.001637804936,0.0682281879924047,0.0185753248091071,0.148698864495219
9,60→30,FDE,Seq2Seq,153.854,37.25,2021,2021-06-21_09-01_TIGERs_Mannheim-vs-KIKS.log,TIGERs vs KIKS,0 Conhecidos,7.36,48.56,72.44,47.46,0.238635,0.19182,0.055535,0.216813014459763,4.031800056063454,0.0141251283626772,2021_TIGERs_vs_KIKS,proc_set_9.pkl,2021,,10.0909,222,22,6216.77,60,10.010212456083703,6.175802111925183,26.45271886957784,43.58782715904108,613.5277943511795,0.4142825685249336,0.3414826981505701,0.8512465200089037,1.9369303453832416,49.001637804936,0.0682281879924047,0.0185753248091071,0.148698864495219
9,60→30,FDE,MLP,221.563,37.25,2021,2021-06-21_09-01_TIGERs_Mannheim-vs-KIKS.log,TIGERs vs KIKS,0 Conhecidos,7.36,48.56,72.44,47.46,0.238635,0.19182,0.055535,0.216813014459763,4.031800056063454,0.0141251283626772,2021_TIGERs_vs_KIKS,proc_set_9.pkl,2021,,10.0909,222,22,6216.77,60,10.010212456083703,6.175802111925183,26.45271886957784,43.58782715904108,613.5277943511795,0.4142825685249336,0.3414826981505701,0.8512465200089037,1.9369303453832416,49.001637804936,0.0682281879924047,0.0185753248091071,0.148698864495219
9,60→30,FDE,Kalman,245.223,37.25,2021,2021-06-21_09-01_TIGERs_Mannheim-vs-KIKS.log,TIGERs vs KIKS,0 Conhecidos,7.36,48.56,72.44,47.46,0.238635,0.19182,0.055535,0.216813014459763,4.031800056063454,0.0141251283626772,2021_TIGERs_vs_KIKS,proc_set_9.pkl,2021,,10.0909,222,22,6216.77,60,10.010212456083703,6.175802111925183,26.45271886957784,43.58782715904108,613.5277943511795,0.4142825685249336,0.3414826981505701,0.8512465200089037,1.9369303453832416,49.001637804936,0.0682281879924047,0.0185753248091071,0.148698864495219
9,60→30,MAE,Seq2Seq,30.388,46.73,2021,2021-06-21_09-01_TIGERs_Mannheim-vs-KIKS.log,TIGERs vs KIKS,0 Conhecidos,7.36,48.56,72.44,47.46,0.238635,0.19182,0.055535,0.216813014459763,4.031800056063454,0.0141251283626772,2021_TIGERs_vs_KIKS,proc_set_9.pkl,2021,,10.0909,222,22,6216.77,60,10.010212456083703,6.175802111925183,26.45271886957784,43.58782715904108,613.5277943511795,0.4142825685249336,0.3414826981505701,0.8512465200089037,1.9369303453832416,49.001637804936,0.0682281879924047,0.0185753248091071,0.148698864495219
9,60→30,MAE,MLP,51.418,46.73,2021,2021-06-21_09-01_TIGERs_Mannheim-vs-KIKS.log,TIGERs vs KIKS,0 Conhecidos,7.36,48.56,72.44,47.46,0.238635,0.19182,0.055535,0.216813014459763,4.031800056063454,0.0141251283626772,2021_TIGERs_vs_KIKS,proc_set_9.pkl,2021,,10.0909,222,22,6216.77,60,10.010212456083703,6.175802111925183,26.45271886957784,43.58782715904108,613.5277943511795,0.4142825685249336,0.3414826981505701,0.8512465200089037,1.9369303453832416,49.001637804936,0.0682281879924047,0.0185753248091071,0.148698864495219
9,60→30,MAE,Kalman,57.052,46.73,2021,2021-06-21_09-01_TIGERs_Mannheim-vs-KIKS.log,TIGERs vs KIKS,0 Conhecidos,7.36,48.56,72.44,47.46,0.238635,0.19182,0.055535,0.216813014459763,4.031800056063454,0.0141251283626772,2021_TIGERs_vs_KIKS,proc_set_9.pkl,2021,,10.0909,222,22,6216.77,60,10.010212456083703,6.175802111925183,26.45271886957784,43.58782715904108,613.5277943511795,0.4142825685249336,0.3414826981505701,0.8512465200089037,1.9369303453832416,49.001637804936,0.0682281879924047,0.0185753248091071,0.148698864495219
10,30→15,ADE,Seq2Seq,6.85,64.64,2021,2021-06-24_13-10_OMID-vs-RoboJackets.log,OMID vs RoboJackets,0 Conhecidos,6.85,42.09,64.64,35.66,0.2050052415065266,0.148761944590307,0.0645342814810424,0.0871657896430014,2.8015606392111763,0.0114534684068795,2021_OMID_vs_RoboJackets,proc_set_10.pkl,2021,,5.625,225,40,2253.52,60,3.533602446166945,0.3320076603405569,12.602326408000074,27.594532579140832,226.82559613713133,0.1431472716640782,0.0183493491404434,0.4522268854894278,1.1972353654579693,19.940801176088243,0.0915990648217862,0.0292103891768626,0.219916258096984
10,30→15,ADE,MLP,13.012,64.64,2021,2021-06-24_13-10_OMID-vs-RoboJackets.log,OMID vs RoboJackets,0 Conhecidos,6.85,42.09,64.64,35.66,0.2050052415065266,0.148761944590307,0.0645342814810424,0.0871657896430014,2.8015606392111763,0.0114534684068795,2021_OMID_vs_RoboJackets,proc_set_10.pkl,2021,,5.625,225,40,2253.52,60,3.533602446166945,0.3320076603405569,12.602326408000074,27.594532579140832,226.82559613713133,0.1431472716640782,0.0183493491404434,0.4522268854894278,1.1972353654579693,19.940801176088243,0.0915990648217862,0.0292103891768626,0.219916258096984
10,30→15,ADE,Kalman,19.367,64.64,2021,2021-06-24_13-10_OMID-vs-RoboJackets.log,OMID vs RoboJackets,0 Conhecidos,6.85,42.09,64.64,35.66,0.2050052415065266,0.148761944590307,0.0645342814810424,0.0871657896430014,2.8015606392111763,0.0114534684068795,2021_OMID_vs_RoboJackets,proc_set_10.pkl,2021,,5.625,225,40,2253.52,60,3.533602446166945,0.3320076603405569,12.602326408000074,27.594532579140832,226.82559613713133,0.1431472716640782,0.0183493491404434,0.4522268854894278,1.1972353654579693,19.940801176088243,0.0915990648217862,0.0292103891768626,0.219916258096984
10,30→15,FDE,Seq2Seq,21.197,57.53,2021,2021-06-24_13-10_OMID-vs-RoboJackets.log,OMID vs RoboJackets,0 Conhecidos,6.85,42.09,64.64,35.66,0.2050052415065266,0.148761944590307,0.0645342814810424,0.0871657896430014,2.8015606392111763,0.0114534684068795,2021_OMID_vs_RoboJackets,proc_set_10.pkl,2021,,5.625,225,40,2253.52,60,3.533602446166945,0.3320076603405569,12.602326408000074,27.594532579140832,226.82559613713133,0.1431472716640782,0.0183493491404434,0.4522268854894278,1.1972353654579693,19.940801176088243,0.0915990648217862,0.0292103891768626,0.219916258096984
10,30→15,FDE,MLP,34.951,57.53,2021,2021-06-24_13-10_OMID-vs-RoboJackets.log,OMID vs RoboJackets,0 Conhecidos,6.85,42.09,64.64,35.66,0.2050052415065266,0.148761944590307,0.0645342814810424,0.0871657896430014,2.8015606392111763,0.0114534684068795,2021_OMID_vs_RoboJackets,proc_set_10.pkl,2021,,5.625,225,40,2253.52,60,3.533602446166945,0.3320076603405569,12.602326408000074,27.594532579140832,226.82559613713133,0.1431472716640782,0.0183493491404434,0.4522268854894278,1.1972353654579693,19.940801176088243,0.0915990648217862,0.0292103891768626,0.219916258096984
10,30→15,FDE,Kalman,49.911,57.53,2021,2021-06-24_13-10_OMID-vs-RoboJackets.log,OMID vs RoboJackets,0 Conhecidos,6.85,42.09,64.64,35.66,0.2050052415065266,0.148761944590307,0.0645342814810424,0.0871657896430014,2.8015606392111763,0.0114534684068795,2021_OMID_vs_RoboJackets,proc_set_10.pkl,2021,,5.625,225,40,2253.52,60,3.533602446166945,0.3320076603405569,12.602326408000074,27.594532579140832,226.82559613713133,0.1431472716640782,0.0183493491404434,0.4522268854894278,1.1972353654579693,19.940801176088243,0.0915990648217862,0.0292103891768626,0.219916258096984
10,30→15,MAE,Seq2Seq,4.27,64.94,2021,2021-06-24_13-10_OMID-vs-RoboJackets.log,OMID vs RoboJackets,0 Conhecidos,6.85,42.09,64.64,35.66,0.2050052415065266,0.148761944590307,0.0645342814810424,0.0871657896430014,2.8015606392111763,0.0114534684068795,2021_OMID_vs_RoboJackets,proc_set_10.pkl,2021,,5.625,225,40,2253.52,60,3.533602446166945,0.3320076603405569,12.602326408000074,27.594532579140832,226.82559613713133,0.1431472716640782,0.0183493491404434,0.4522268854894278,1.1972353654579693,19.940801176088243,0.0915990648217862,0.0292103891768626,0.219916258096984
10,30→15,MAE,MLP,8.195,64.94,2021,2021-06-24_13-10_OMID-vs-RoboJackets.log,OMID vs RoboJackets,0 Conhecidos,6.85,42.09,64.64,35.66,0.2050052415065266,0.148761944590307,0.0645342814810424,0.0871657896430014,2.8015606392111763,0.0114534684068795,2021_OMID_vs_RoboJackets,proc_set_10.pkl,2021,,5.625,225,40,2253.52,60,3.533602446166945,0.3320076603405569,12.602326408000074,27.594532579140832,226.82559613713133,0.1431472716640782,0.0183493491404434,0.4522268854894278,1.1972353654579693,19.940801176088243,0.0915990648217862,0.0292103891768626,0.219916258096984
10,30→15,MAE,Kalman,12.179,64.94,2021,2021-06-24_13-10_OMID-vs-RoboJackets.log,OMID vs RoboJackets,0 Conhecidos,6.85,42.09,64.64,35.66,0.2050052415065266,0.148761944590307,0.0645342814810424,0.0871657896430014,2.8015606392111763,0.0114534684068795,2021_OMID_vs_RoboJackets,proc_set_10.pkl,2021,,5.625,225,40,2253.52,60,3.533602446166945,0.3320076603405569,12.602326408000074,27.594532579140832,226.82559613713133,0.1431472716640782,0.0183493491404434,0.4522268854894278,1.1972353654579693,19.940801176088243,0.0915990648217862,0.0292103891768626,0.219916258096984
10,60→30,ADE,Seq2Seq,42.091,35.66,2021,2021-06-24_13-10_OMID-vs-RoboJackets.log,OMID vs RoboJackets,0 Conhecidos,6.85,42.09,64.64,35.66,0.2050052415065266,0.148761944590307,0.0645342814810424,0.0871657896430014,2.8015606392111763,0.0114534684068795,2021_OMID_vs_RoboJackets,proc_set_10.pkl,2021,,5.625,225,40,2253.52,60,3.533602446166945,0.3320076603405569,12.602326408000074,27.594532579140832,226.82559613713133,0.1431472716640782,0.0183493491404434,0.4522268854894278,1.1972353654579693,19.940801176088243,0.0915990648217862,0.0292103891768626,0.219916258096984
10,60→30,ADE,MLP,61.52,35.66,2021,2021-06-24_13-10_OMID-vs-RoboJackets.log,OMID vs RoboJackets,0 Conhecidos,6.85,42.09,64.64,35.66,0.2050052415065266,0.148761944590307,0.0645342814810424,0.0871657896430014,2.8015606392111763,0.0114534684068795,2021_OMID_vs_RoboJackets,proc_set_10.pkl,2021,,5.625,225,40,2253.52,60,3.533602446166945,0.3320076603405569,12.602326408000074,27.594532579140832,226.82559613713133,0.1431472716640782,0.0183493491404434,0.4522268854894278,1.1972353654579693,19.940801176088243,0.0915990648217862,0.0292103891768626,0.219916258096984
10,60→30,ADE,Kalman,65.409,35.66,2021,2021-06-24_13-10_OMID-vs-RoboJackets.log,OMID vs RoboJackets,0 Conhecidos,6.85,42.09,64.64,35.66,0.2050052415065266,0.148761944590307,0.0645342814810424,0.0871657896430014,2.8015606392111763,0.0114534684068795,2021_OMID_vs_RoboJackets,proc_set_10.pkl,2021,,5.625,225,40,2253.52,60,3.533602446166945,0.3320076603405569,12.602326408000074,27.594532579140832,226.82559613713133,0.1431472716640782,0.0183493491404434,0.4522268854894278,1.1972353654579693,19.940801176088243,0.0915990648217862,0.0292103891768626,0.219916258096984
10,60→30,FDE,Seq2Seq,129.143,25.35,2021,2021-06-24_13-10_OMID-vs-RoboJackets.log,OMID vs RoboJackets,0 Conhecidos,6.85,42.09,64.64,35.66,0.2050052415065266,0.148761944590307,0.0645342814810424,0.0871657896430014,2.8015606392111763,0.0114534684068795,2021_OMID_vs_RoboJackets,proc_set_10.pkl,2021,,5.625,225,40,2253.52,60,3.533602446166945,0.3320076603405569,12.602326408000074,27.594532579140832,226.82559613713133,0.1431472716640782,0.0183493491404434,0.4522268854894278,1.1972353654579693,19.940801176088243,0.0915990648217862,0.0292103891768626,0.219916258096984
10,60→30,FDE,MLP,165.721,25.35,2021,2021-06-24_13-10_OMID-vs-RoboJackets.log,OMID vs RoboJackets,0 Conhecidos,6.85,42.09,64.64,35.66,0.2050052415065266,0.148761944590307,0.0645342814810424,0.0871657896430014,2.8015606392111763,0.0114534684068795,2021_OMID_vs_RoboJackets,proc_set_10.pkl,2021,,5.625,225,40,2253.52,60,3.533602446166945,0.3320076603405569,12.602326408000074,27.594532579140832,226.82559613713133,0.1431472716640782,0.0183493491404434,0.4522268854894278,1.1972353654579693,19.940801176088243,0.0915990648217862,0.0292103891768626,0.219916258096984
10,60→30,FDE,Kalman,173.003,25.35,2021,2021-06-24_13-10_OMID-vs-RoboJackets.log,OMID vs RoboJackets,0 Conhecidos,6.85,42.09,64.64,35.66,0.2050052415065266,0.148761944590307,0.0645342814810424,0.0871657896430014,2.8015606392111763,0.0114534684068795,2021_OMID_vs_RoboJackets,proc_set_10.pkl,2021,,5.625,225,40,2253.52,60,3.533602446166945,0.3320076603405569,12.602326408000074,27.594532579140832,226.82559613713133,0.1431472716640782,0.0183493491404434,0.4522268854894278,1.1972353654579693,19.940801176088243,0.0915990648217862,0.0292103891768626,0.219916258096984
10,60→30,MAE,Seq2Seq,26.337,35.8,2021,2021-06-24_13-10_OMID-vs-RoboJackets.log,OMID vs RoboJackets,0 Conhecidos,6.85,42.09,64.64,35.66,0.2050052415065266,0.148761944590307,0.0645342814810424,0.0871657896430014,2.8015606392111763,0.0114534684068795,2021_OMID_vs_RoboJackets,proc_set_10.pkl,2021,,5.625,225,40,2253.52,60,3.533602446166945,0.3320076603405569,12.602326408000074,27.594532579140832,226.82559613713133,0.1431472716640782,0.0183493491404434,0.4522268854894278,1.1972353654579693,19.940801176088243,0.0915990648217862,0.0292103891768626,0.219916258096984
10,60→30,MAE,MLP,38.926,35.8,2021,2021-06-24_13-10_OMID-vs-RoboJackets.log,OMID vs RoboJackets,0 Conhecidos,6.85,42.09,64.64,35.66,0.2050052415065266,0.148761944590307,0.0645342814810424,0.0871657896430014,2.8015606392111763,0.0114534684068795,2021_OMID_vs_RoboJackets,proc_set_10.pkl,2021,,5.625,225,40,2253.52,60,3.533602446166945,0.3320076603405569,12.602326408000074,27.594532579140832,226.82559613713133,0.1431472716640782,0.0183493491404434,0.4522268854894278,1.1972353654579693,19.940801176088243,0.0915990648217862,0.0292103891768626,0.219916258096984
10,60→30,MAE,Kalman,41.018,35.8,2021,2021-06-24_13-10_OMID-vs-RoboJackets.log,OMID vs RoboJackets,0 Conhecidos,6.85,42.09,64.64,35.66,0.2050052415065266,0.148761944590307,0.0645342814810424,0.0871657896430014,2.8015606392111763,0.0114534684068795,2021_OMID_vs_RoboJackets,proc_set_10.pkl,2021,,5.625,225,40,2253.52,60,3.533602446166945,0.3320076603405569,12.602326408000074,27.594532579140832,226.82559613713133,0.1431472716640782,0.0183493491404434,0.4522268854894278,1.1972353654579693,19.940801176088243,0.0915990648217862,0.0292103891768626,0.219916258096984
11,30→15,ADE,Seq2Seq,8.213,71.79,2021,2021-06-20_14-43_KIKS-vs-RoboDragons.log,KIKS vs RoboDragons,1 Conhecido,8.21,56.58,71.79,42.03,0.1252099999999999,0.03368,0.070315,0.1100656621395789,0.854036940012737,0.0160350021955021,2021_KIKS_vs_RoboDragons,proc_set_11.pkl,2021,,11.0,1012,92,36485.9,60,6.951806819874592,1.7957986787001123,22.07703663740096,46.205906868029246,51.16491890255662,0.3139969046761581,0.1267218517906159,0.912571529372778,1.6961392828878752,3.591004839877124,0.0976403933344871,0.0307994217942331,0.230261223580653
11,30→15,ADE,MLP,17.719,71.79,2021,2021-06-20_14-43_KIKS-vs-RoboDragons.log,KIKS vs RoboDragons,1 Conhecido,8.21,56.58,71.79,42.03,0.1252099999999999,0.03368,0.070315,0.1100656621395789,0.854036940012737,0.0160350021955021,2021_KIKS_vs_RoboDragons,proc_set_11.pkl,2021,,11.0,1012,92,36485.9,60,6.951806819874592,1.7957986787001123,22.07703663740096,46.205906868029246,51.16491890255662,0.3139969046761581,0.1267218517906159,0.912571529372778,1.6961392828878752,3.591004839877124,0.0976403933344871,0.0307994217942331,0.230261223580653
11,30→15,ADE,Kalman,29.125,71.79,2021,2021-06-20_14-43_KIKS-vs-RoboDragons.log,KIKS vs RoboDragons,1 Conhecido,8.21,56.58,71.79,42.03,0.1252099999999999,0.03368,0.070315,0.1100656621395789,0.854036940012737,0.0160350021955021,2021_KIKS_vs_RoboDragons,proc_set_11.pkl,2021,,11.0,1012,92,36485.9,60,6.951806819874592,1.7957986787001123,22.07703663740096,46.205906868029246,51.16491890255662,0.3139969046761581,0.1267218517906159,0.912571529372778,1.6961392828878752,3.591004839877124,0.0976403933344871,0.0307994217942331,0.230261223580653
11,30→15,FDE,Seq2Seq,26.436,64.93,2021,2021-06-20_14-43_KIKS-vs-RoboDragons.log,KIKS vs RoboDragons,1 Conhecido,8.21,56.58,71.79,42.03,0.1252099999999999,0.03368,0.070315,0.1100656621395789,0.854036940012737,0.0160350021955021,2021_KIKS_vs_RoboDragons,proc_set_11.pkl,2021,,11.0,1012,92,36485.9,60,6.951806819874592,1.7957986787001123,22.07703663740096,46.205906868029246,51.16491890255662,0.3139969046761581,0.1267218517906159,0.912571529372778,1.6961392828878752,3.591004839877124,0.0976403933344871,0.0307994217942331,0.230261223580653
11,30→15,FDE,MLP,47.504,64.93,2021,2021-06-20_14-43_KIKS-vs-RoboDragons.log,KIKS vs RoboDragons,1 Conhecido,8.21,56.58,71.79,42.03,0.1252099999999999,0.03368,0.070315,0.1100656621395789,0.854036940012737,0.0160350021955021,2021_KIKS_vs_RoboDragons,proc_set_11.pkl,2021,,11.0,1012,92,36485.9,60,6.951806819874592,1.7957986787001123,22.07703663740096,46.205906868029246,51.16491890255662,0.3139969046761581,0.1267218517906159,0.912571529372778,1.6961392828878752,3.591004839877124,0.0976403933344871,0.0307994217942331,0.230261223580653
11,30→15,FDE,Kalman,75.388,64.93,2021,2021-06-20_14-43_KIKS-vs-RoboDragons.log,KIKS vs RoboDragons,1 Conhecido,8.21,56.58,71.79,42.03,0.1252099999999999,0.03368,0.070315,0.1100656621395789,0.854036940012737,0.0160350021955021,2021_KIKS_vs_RoboDragons,proc_set_11.pkl,2021,,11.0,1012,92,36485.9,60,6.951806819874592,1.7957986787001123,22.07703663740096,46.205906868029246,51.16491890255662,0.3139969046761581,0.1267218517906159,0.912571529372778,1.6961392828878752,3.591004839877124,0.0976403933344871,0.0307994217942331,0.230261223580653
11,30→15,MAE,Seq2Seq,5.181,71.41,2021,2021-06-20_14-43_KIKS-vs-RoboDragons.log,KIKS vs RoboDragons,1 Conhecido,8.21,56.58,71.79,42.03,0.1252099999999999,0.03368,0.070315,0.1100656621395789,0.854036940012737,0.0160350021955021,2021_KIKS_vs_RoboDragons,proc_set_11.pkl,2021,,11.0,1012,92,36485.9,60,6.951806819874592,1.7957986787001123,22.07703663740096,46.205906868029246,51.16491890255662,0.3139969046761581,0.1267218517906159,0.912571529372778,1.6961392828878752,3.591004839877124,0.0976403933344871,0.0307994217942331,0.230261223580653
11,30→15,MAE,MLP,11.187,71.41,2021,2021-06-20_14-43_KIKS-vs-RoboDragons.log,KIKS vs RoboDragons,1 Conhecido,8.21,56.58,71.79,42.03,0.1252099999999999,0.03368,0.070315,0.1100656621395789,0.854036940012737,0.0160350021955021,2021_KIKS_vs_RoboDragons,proc_set_11.pkl,2021,,11.0,1012,92,36485.9,60,6.951806819874592,1.7957986787001123,22.07703663740096,46.205906868029246,51.16491890255662,0.3139969046761581,0.1267218517906159,0.912571529372778,1.6961392828878752,3.591004839877124,0.0976403933344871,0.0307994217942331,0.230261223580653
11,30→15,MAE,Kalman,18.118,71.41,2021,2021-06-20_14-43_KIKS-vs-RoboDragons.log,KIKS vs RoboDragons,1 Conhecido,8.21,56.58,71.79,42.03,0.1252099999999999,0.03368,0.070315,0.1100656621395789,0.854036940012737,0.0160350021955021,2021_KIKS_vs_RoboDragons,proc_set_11.pkl,2021,,11.0,1012,92,36485.9,60,6.951806819874592,1.7957986787001123,22.07703663740096,46.205906868029246,51.16491890255662,0.3139969046761581,0.1267218517906159,0.912571529372778,1.6961392828878752,3.591004839877124,0.0976403933344871,0.0307994217942331,0.230261223580653
11,60→30,ADE,Seq2Seq,56.581,42.03,2021,2021-06-20_14-43_KIKS-vs-RoboDragons.log,KIKS vs RoboDragons,1 Conhecido,8.21,56.58,71.79,42.03,0.1252099999999999,0.03368,0.070315,0.1100656621395789,0.854036940012737,0.0160350021955021,2021_KIKS_vs_RoboDragons,proc_set_11.pkl,2021,,11.0,1012,92,36485.9,60,6.951806819874592,1.7957986787001123,22.07703663740096,46.205906868029246,51.16491890255662,0.3139969046761581,0.1267218517906159,0.912571529372778,1.6961392828878752,3.591004839877124,0.0976403933344871,0.0307994217942331,0.230261223580653
11,60→30,ADE,MLP,89.451,42.03,2021,2021-06-20_14-43_KIKS-vs-RoboDragons.log,KIKS vs RoboDragons,1 Conhecido,8.21,56.58,71.79,42.03,0.1252099999999999,0.03368,0.070315,0.1100656621395789,0.854036940012737,0.0160350021955021,2021_KIKS_vs_RoboDragons,proc_set_11.pkl,2021,,11.0,1012,92,36485.9,60,6.951806819874592,1.7957986787001123,22.07703663740096,46.205906868029246,51.16491890255662,0.3139969046761581,0.1267218517906159,0.912571529372778,1.6961392828878752,3.591004839877124,0.0976403933344871,0.0307994217942331,0.230261223580653
11,60→30,ADE,Kalman,97.593,42.03,2021,2021-06-20_14-43_KIKS-vs-RoboDragons.log,KIKS vs RoboDragons,1 Conhecido,8.21,56.58,71.79,42.03,0.1252099999999999,0.03368,0.070315,0.1100656621395789,0.854036940012737,0.0160350021955021,2021_KIKS_vs_RoboDragons,proc_set_11.pkl,2021,,11.0,1012,92,36485.9,60,6.951806819874592,1.7957986787001123,22.07703663740096,46.205906868029246,51.16491890255662,0.3139969046761581,0.1267218517906159,0.912571529372778,1.6961392828878752,3.591004839877124,0.0976403933344871,0.0307994217942331,0.230261223580653
11,60→30,FDE,Seq2Seq,176.389,31.4,2021,2021-06-20_14-43_KIKS-vs-RoboDragons.log,KIKS vs RoboDragons,1 Conhecido,8.21,56.58,71.79,42.03,0.1252099999999999,0.03368,0.070315,0.1100656621395789,0.854036940012737,0.0160350021955021,2021_KIKS_vs_RoboDragons,proc_set_11.pkl,2021,,11.0,1012,92,36485.9,60,6.951806819874592,1.7957986787001123,22.07703663740096,46.205906868029246,51.16491890255662,0.3139969046761581,0.1267218517906159,0.912571529372778,1.6961392828878752,3.591004839877124,0.0976403933344871,0.0307994217942331,0.230261223580653
11,60→30,FDE,MLP,241.477,31.4,2021,2021-06-20_14-43_KIKS-vs-RoboDragons.log,KIKS vs RoboDragons,1 Conhecido,8.21,56.58,71.79,42.03,0.1252099999999999,0.03368,0.070315,0.1100656621395789,0.854036940012737,0.0160350021955021,2021_KIKS_vs_RoboDragons,proc_set_11.pkl,2021,,11.0,1012,92,36485.9,60,6.951806819874592,1.7957986787001123,22.07703663740096,46.205906868029246,51.16491890255662,0.3139969046761581,0.1267218517906159,0.912571529372778,1.6961392828878752,3.591004839877124,0.0976403933344871,0.0307994217942331,0.230261223580653
11,60→30,FDE,Kalman,257.086,31.4,2021,2021-06-20_14-43_KIKS-vs-RoboDragons.log,KIKS vs RoboDragons,1 Conhecido,8.21,56.58,71.79,42.03,0.1252099999999999,0.03368,0.070315,0.1100656621395789,0.854036940012737,0.0160350021955021,2021_KIKS_vs_RoboDragons,proc_set_11.pkl,2021,,11.0,1012,92,36485.9,60,6.951806819874592,1.7957986787001123,22.07703663740096,46.205906868029246,51.16491890255662,0.3139969046761581,0.1267218517906159,0.912571529372778,1.6961392828878752,3.591004839877124,0.0976403933344871,0.0307994217942331,0.230261223580653
11,60→30,MAE,Seq2Seq,35.32,41.71,2021,2021-06-20_14-43_KIKS-vs-RoboDragons.log,KIKS vs RoboDragons,1 Conhecido,8.21,56.58,71.79,42.03,0.1252099999999999,0.03368,0.070315,0.1100656621395789,0.854036940012737,0.0160350021955021,2021_KIKS_vs_RoboDragons,proc_set_11.pkl,2021,,11.0,1012,92,36485.9,60,6.951806819874592,1.7957986787001123,22.07703663740096,46.205906868029246,51.16491890255662,0.3139969046761581,0.1267218517906159,0.912571529372778,1.6961392828878752,3.591004839877124,0.0976403933344871,0.0307994217942331,0.230261223580653
11,60→30,MAE,MLP,56.365,41.71,2021,2021-06-20_14-43_KIKS-vs-RoboDragons.log,KIKS vs RoboDragons,1 Conhecido,8.21,56.58,71.79,42.03,0.1252099999999999,0.03368,0.070315,0.1100656621395789,0.854036940012737,0.0160350021955021,2021_KIKS_vs_RoboDragons,proc_set_11.pkl,2021,,11.0,1012,92,36485.9,60,6.951806819874592,1.7957986787001123,22.07703663740096,46.205906868029246,51.16491890255662,0.3139969046761581,0.1267218517906159,0.912571529372778,1.6961392828878752,3.591004839877124,0.0976403933344871,0.0307994217942331,0.230261223580653
11,60→30,MAE,Kalman,60.606,41.71,2021,2021-06-20_14-43_KIKS-vs-RoboDragons.log,KIKS vs RoboDragons,1 Conhecido,8.21,56.58,71.79,42.03,0.1252099999999999,0.03368,0.070315,0.1100656621395789,0.854036940012737,0.0160350021955021,2021_KIKS_vs_RoboDragons,proc_set_11.pkl,2021,,11.0,1012,92,36485.9,60,6.951806819874592,1.7957986787001123,22.07703663740096,46.205906868029246,51.16491890255662,0.3139969046761581,0.1267218517906159,0.912571529372778,1.6961392828878752,3.591004839877124,0.0976403933344871,0.0307994217942331,0.230261223580653
12,30→15,ADE,Seq2Seq,6.01,77.82,2021,2021-06-24_14-36_ER-Force-vs-TIGERs_Mannheim.log,ER-Force vs TIGERs,1 Conhecido,6.01,42.6,77.82,54.55,0.35458,0.29491,0.10497,0.2805821627406757,6.754768846580618,0.0243876160488904,2021_ERForce_vs_TIGERs,proc_set_12.pkl,2021,,10.9545,241,22,7563.42,60,12.997740142773916,9.663854537674382,31.446002416731048,50.01339886318081,53.77431190087943,0.4804495994553162,0.4846625628012635,0.9623480659853516,1.1295811695340443,2.227168584666948,0.05787659372026,0.0152584643563038,0.1161681850364554
12,30→15,ADE,MLP,15.56,77.82,2021,2021-06-24_14-36_ER-Force-vs-TIGERs_Mannheim.log,ER-Force vs TIGERs,1 Conhecido,6.01,42.6,77.82,54.55,0.35458,0.29491,0.10497,0.2805821627406757,6.754768846580618,0.0243876160488904,2021_ERForce_vs_TIGERs,proc_set_12.pkl,2021,,10.9545,241,22,7563.42,60,12.997740142773916,9.663854537674382,31.446002416731048,50.01339886318081,53.77431190087943,0.4804495994553162,0.4846625628012635,0.9623480659853516,1.1295811695340443,2.227168584666948,0.05787659372026,0.0152584643563038,0.1161681850364554
12,30→15,ADE,Kalman,27.09,77.82,2021,2021-06-24_14-36_ER-Force-vs-TIGERs_Mannheim.log,ER-Force vs TIGERs,1 Conhecido,6.01,42.6,77.82,54.55,0.35458,0.29491,0.10497,0.2805821627406757,6.754768846580618,0.0243876160488904,2021_ERForce_vs_TIGERs,proc_set_12.pkl,2021,,10.9545,241,22,7563.42,60,12.997740142773916,9.663854537674382,31.446002416731048,50.01339886318081,53.77431190087943,0.4804495994553162,0.4846625628012635,0.9623480659853516,1.1295811695340443,2.227168584666948,0.05787659372026,0.0152584643563038,0.1161681850364554
12,30→15,FDE,Seq2Seq,19.64,72.17,2021,2021-06-24_14-36_ER-Force-vs-TIGERs_Mannheim.log,ER-Force vs TIGERs,1 Conhecido,6.01,42.6,77.82,54.55,0.35458,0.29491,0.10497,0.2805821627406757,6.754768846580618,0.0243876160488904,2021_ERForce_vs_TIGERs,proc_set_12.pkl,2021,,10.9545,241,22,7563.42,60,12.997740142773916,9.663854537674382,31.446002416731048,50.01339886318081,53.77431190087943,0.4804495994553162,0.4846625628012635,0.9623480659853516,1.1295811695340443,2.227168584666948,0.05787659372026,0.0152584643563038,0.1161681850364554
12,30→15,FDE,MLP,41.29,72.17,2021,2021-06-24_14-36_ER-Force-vs-TIGERs_Mannheim.log,ER-Force vs TIGERs,1 Conhecido,6.01,42.6,77.82,54.55,0.35458,0.29491,0.10497,0.2805821627406757,6.754768846580618,0.0243876160488904,2021_ERForce_vs_TIGERs,proc_set_12.pkl,2021,,10.9545,241,22,7563.42,60,12.997740142773916,9.663854537674382,31.446002416731048,50.01339886318081,53.77431190087943,0.4804495994553162,0.4846625628012635,0.9623480659853516,1.1295811695340443,2.227168584666948,0.05787659372026,0.0152584643563038,0.1161681850364554
12,30→15,FDE,Kalman,70.56,72.17,2021,2021-06-24_14-36_ER-Force-vs-TIGERs_Mannheim.log,ER-Force vs TIGERs,1 Conhecido,6.01,42.6,77.82,54.55,0.35458,0.29491,0.10497,0.2805821627406757,6.754768846580618,0.0243876160488904,2021_ERForce_vs_TIGERs,proc_set_12.pkl,2021,,10.9545,241,22,7563.42,60,12.997740142773916,9.663854537674382,31.446002416731048,50.01339886318081,53.77431190087943,0.4804495994553162,0.4846625628012635,0.9623480659853516,1.1295811695340443,2.227168584666948,0.05787659372026,0.0152584643563038,0.1161681850364554
12,30→15,MAE,Seq2Seq,3.79,77.4,2021,2021-06-24_14-36_ER-Force-vs-TIGERs_Mannheim.log,ER-Force vs TIGERs,1 Conhecido,6.01,42.6,77.82,54.55,0.35458,0.29491,0.10497,0.2805821627406757,6.754768846580618,0.0243876160488904,2021_ERForce_vs_TIGERs,proc_set_12.pkl,2021,,10.9545,241,22,7563.42,60,12.997740142773916,9.663854537674382,31.446002416731048,50.01339886318081,53.77431190087943,0.4804495994553162,0.4846625628012635,0.9623480659853516,1.1295811695340443,2.227168584666948,0.05787659372026,0.0152584643563038,0.1161681850364554
12,30→15,MAE,MLP,9.85,77.4,2021,2021-06-24_14-36_ER-Force-vs-TIGERs_Mannheim.log,ER-Force vs TIGERs,1 Conhecido,6.01,42.6,77.82,54.55,0.35458,0.29491,0.10497,0.2805821627406757,6.754768846580618,0.0243876160488904,2021_ERForce_vs_TIGERs,proc_set_12.pkl,2021,,10.9545,241,22,7563.42,60,12.997740142773916,9.663854537674382,31.446002416731048,50.01339886318081,53.77431190087943,0.4804495994553162,0.4846625628012635,0.9623480659853516,1.1295811695340443,2.227168584666948,0.05787659372026,0.0152584643563038,0.1161681850364554
12,30→15,MAE,Kalman,16.76,77.4,2021,2021-06-24_14-36_ER-Force-vs-TIGERs_Mannheim.log,ER-Force vs TIGERs,1 Conhecido,6.01,42.6,77.82,54.55,0.35458,0.29491,0.10497,0.2805821627406757,6.754768846580618,0.0243876160488904,2021_ERForce_vs_TIGERs,proc_set_12.pkl,2021,,10.9545,241,22,7563.42,60,12.997740142773916,9.663854537674382,31.446002416731048,50.01339886318081,53.77431190087943,0.4804495994553162,0.4846625628012635,0.9623480659853516,1.1295811695340443,2.227168584666948,0.05787659372026,0.0152584643563038,0.1161681850364554
12,60→30,ADE,Seq2Seq,42.6,54.55,2021,2021-06-24_14-36_ER-Force-vs-TIGERs_Mannheim.log,ER-Force vs TIGERs,1 Conhecido,6.01,42.6,77.82,54.55,0.35458,0.29491,0.10497,0.2805821627406757,6.754768846580618,0.0243876160488904,2021_ERForce_vs_TIGERs,proc_set_12.pkl,2021,,10.9545,241,22,7563.42,60,12.997740142773916,9.663854537674382,31.446002416731048,50.01339886318081,53.77431190087943,0.4804495994553162,0.4846625628012635,0.9623480659853516,1.1295811695340443,2.227168584666948,0.05787659372026,0.0152584643563038,0.1161681850364554
12,60→30,ADE,MLP,83.4,54.55,2021,2021-06-24_14-36_ER-Force-vs-TIGERs_Mannheim.log,ER-Force vs TIGERs,1 Conhecido,6.01,42.6,77.82,54.55,0.35458,0.29491,0.10497,0.2805821627406757,6.754768846580618,0.0243876160488904,2021_ERForce_vs_TIGERs,proc_set_12.pkl,2021,,10.9545,241,22,7563.42,60,12.997740142773916,9.663854537674382,31.446002416731048,50.01339886318081,53.77431190087943,0.4804495994553162,0.4846625628012635,0.9623480659853516,1.1295811695340443,2.227168584666948,0.05787659372026,0.0152584643563038,0.1161681850364554
12,60→30,ADE,Kalman,93.74,54.55,2021,2021-06-24_14-36_ER-Force-vs-TIGERs_Mannheim.log,ER-Force vs TIGERs,1 Conhecido,6.01,42.6,77.82,54.55,0.35458,0.29491,0.10497,0.2805821627406757,6.754768846580618,0.0243876160488904,2021_ERForce_vs_TIGERs,proc_set_12.pkl,2021,,10.9545,241,22,7563.42,60,12.997740142773916,9.663854537674382,31.446002416731048,50.01339886318081,53.77431190087943,0.4804495994553162,0.4846625628012635,0.9623480659853516,1.1295811695340443,2.227168584666948,0.05787659372026,0.0152584643563038,0.1161681850364554
12,60→30,FDE,Seq2Seq,137.35,45.39,2021,2021-06-24_14-36_ER-Force-vs-TIGERs_Mannheim.log,ER-Force vs TIGERs,1 Conhecido,6.01,42.6,77.82,54.55,0.35458,0.29491,0.10497,0.2805821627406757,6.754768846580618,0.0243876160488904,2021_ERForce_vs_TIGERs,proc_set_12.pkl,2021,,10.9545,241,22,7563.42,60,12.997740142773916,9.663854537674382,31.446002416731048,50.01339886318081,53.77431190087943,0.4804495994553162,0.4846625628012635,0.9623480659853516,1.1295811695340443,2.227168584666948,0.05787659372026,0.0152584643563038,0.1161681850364554
12,60→30,FDE,MLP,228.59,45.39,2021,2021-06-24_14-36_ER-Force-vs-TIGERs_Mannheim.log,ER-Force vs TIGERs,1 Conhecido,6.01,42.6,77.82,54.55,0.35458,0.29491,0.10497,0.2805821627406757,6.754768846580618,0.0243876160488904,2021_ERForce_vs_TIGERs,proc_set_12.pkl,2021,,10.9545,241,22,7563.42,60,12.997740142773916,9.663854537674382,31.446002416731048,50.01339886318081,53.77431190087943,0.4804495994553162,0.4846625628012635,0.9623480659853516,1.1295811695340443,2.227168584666948,0.05787659372026,0.0152584643563038,0.1161681850364554
12,60→30,FDE,Kalman,251.48,45.39,2021,2021-06-24_14-36_ER-Force-vs-TIGERs_Mannheim.log,ER-Force vs TIGERs,1 Conhecido,6.01,42.6,77.82,54.55,0.35458,0.29491,0.10497,0.2805821627406757,6.754768846580618,0.0243876160488904,2021_ERForce_vs_TIGERs,proc_set_12.pkl,2021,,10.9545,241,22,7563.42,60,12.997740142773916,9.663854537674382,31.446002416731048,50.01339886318081,53.77431190087943,0.4804495994553162,0.4846625628012635,0.9623480659853516,1.1295811695340443,2.227168584666948,0.05787659372026,0.0152584643563038,0.1161681850364554
12,60→30,MAE,Seq2Seq,26.77,53.69,2021,2021-06-24_14-36_ER-Force-vs-TIGERs_Mannheim.log,ER-Force vs TIGERs,1 Conhecido,6.01,42.6,77.82,54.55,0.35458,0.29491,0.10497,0.2805821627406757,6.754768846580618,0.0243876160488904,2021_ERForce_vs_TIGERs,proc_set_12.pkl,2021,,10.9545,241,22,7563.42,60,12.997740142773916,9.663854537674382,31.446002416731048,50.01339886318081,53.77431190087943,0.4804495994553162,0.4846625628012635,0.9623480659853516,1.1295811695340443,2.227168584666948,0.05787659372026,0.0152584643563038,0.1161681850364554
12,60→30,MAE,MLP,53.11,53.69,2021,2021-06-24_14-36_ER-Force-vs-TIGERs_Mannheim.log,ER-Force vs TIGERs,1 Conhecido,6.01,42.6,77.82,54.55,0.35458,0.29491,0.10497,0.2805821627406757,6.754768846580618,0.0243876160488904,2021_ERForce_vs_TIGERs,proc_set_12.pkl,2021,,10.9545,241,22,7563.42,60,12.997740142773916,9.663854537674382,31.446002416731048,50.01339886318081,53.77431190087943,0.4804495994553162,0.4846625628012635,0.9623480659853516,1.1295811695340443,2.227168584666948,0.05787659372026,0.0152584643563038,0.1161681850364554
12,60→30,MAE,Kalman,57.81,53.69,2021,2021-06-24_14-36_ER-Force-vs-TIGERs_Mannheim.log,ER-Force vs TIGERs,1 Conhecido,6.01,42.6,77.82,54.55,0.35458,0.29491,0.10497,0.2805821627406757,6.754768846580618,0.0243876160488904,2021_ERForce_vs_TIGERs,proc_set_12.pkl,2021,,10.9545,241,22,7563.42,60,12.997740142773916,9.663854537674382,31.446002416731048,50.01339886318081,53.77431190087943,0.4804495994553162,0.4846625628012635,0.9623480659853516,1.1295811695340443,2.227168584666948,0.05787659372026,0.0152584643563038,0.1161681850364554
13,30→15,ADE,Seq2Seq,6.09,71.8,2021,2021-06-21_07-06_RoboTeam_Twente-vs-ER-Force.log,RoboTeam_Twente vs ER-Force,2 Conhecidos,6.09,40.08,71.8,45.77,0.292381569415129,0.2838502689523939,0.1470347972129548,0.0939466477832095,1.894261236833451,0.0381653952020055,2021_RoboTeam_Twente_vs_ERForce,proc_set_13.pkl,2021,,10.3125,165,16,1471.45,60,4.68543111380091,0.0712290364357877,17.628331382463635,46.416518735353904,52.70390971119103,0.1487055815521505,0.011303421818543,0.579133203509029,1.3842567983449463,2.4508120259066173,0.1198294436453109,0.0425663697204479,0.2892806720633258
13,30→15,ADE,MLP,14.46,71.8,2021,2021-06-21_07-06_RoboTeam_Twente-vs-ER-Force.log,RoboTeam_Twente vs ER-Force,2 Conhecidos,6.09,40.08,71.8,45.77,0.292381569415129,0.2838502689523939,0.1470347972129548,0.0939466477832095,1.894261236833451,0.0381653952020055,2021_RoboTeam_Twente_vs_ERForce,proc_set_13.pkl,2021,,10.3125,165,16,1471.45,60,4.68543111380091,0.0712290364357877,17.628331382463635,46.416518735353904,52.70390971119103,0.1487055815521505,0.011303421818543,0.579133203509029,1.3842567983449463,2.4508120259066173,0.1198294436453109,0.0425663697204479,0.2892806720633258
13,30→15,ADE,Kalman,21.6,71.8,2021,2021-06-21_07-06_RoboTeam_Twente-vs-ER-Force.log,RoboTeam_Twente vs ER-Force,2 Conhecidos,6.09,40.08,71.8,45.77,0.292381569415129,0.2838502689523939,0.1470347972129548,0.0939466477832095,1.894261236833451,0.0381653952020055,2021_RoboTeam_Twente_vs_ERForce,proc_set_13.pkl,2021,,10.3125,165,16,1471.45,60,4.68543111380091,0.0712290364357877,17.628331382463635,46.416518735353904,52.70390971119103,0.1487055815521505,0.011303421818543,0.579133203509029,1.3842567983449463,2.4508120259066173,0.1198294436453109,0.0425663697204479,0.2892806720633258
13,30→15,FDE,Seq2Seq,19.3,65.64,2021,2021-06-21_07-06_RoboTeam_Twente-vs-ER-Force.log,RoboTeam_Twente vs ER-Force,2 Conhecidos,6.09,40.08,71.8,45.77,0.292381569415129,0.2838502689523939,0.1470347972129548,0.0939466477832095,1.894261236833451,0.0381653952020055,2021_RoboTeam_Twente_vs_ERForce,proc_set_13.pkl,2021,,10.3125,165,16,1471.45,60,4.68543111380091,0.0712290364357877,17.628331382463635,46.416518735353904,52.70390971119103,0.1487055815521505,0.011303421818543,0.579133203509029,1.3842567983449463,2.4508120259066173,0.1198294436453109,0.0425663697204479,0.2892806720633258
13,30→15,FDE,MLP,38.52,65.64,2021,2021-06-21_07-06_RoboTeam_Twente-vs-ER-Force.log,RoboTeam_Twente vs ER-Force,2 Conhecidos,6.09,40.08,71.8,45.77,0.292381569415129,0.2838502689523939,0.1470347972129548,0.0939466477832095,1.894261236833451,0.0381653952020055,2021_RoboTeam_Twente_vs_ERForce,proc_set_13.pkl,2021,,10.3125,165,16,1471.45,60,4.68543111380091,0.0712290364357877,17.628331382463635,46.416518735353904,52.70390971119103,0.1487055815521505,0.011303421818543,0.579133203509029,1.3842567983449463,2.4508120259066173,0.1198294436453109,0.0425663697204479,0.2892806720633258
13,30→15,FDE,Kalman,56.15,65.64,2021,2021-06-21_07-06_RoboTeam_Twente-vs-ER-Force.log,RoboTeam_Twente vs ER-Force,2 Conhecidos,6.09,40.08,71.8,45.77,0.292381569415129,0.2838502689523939,0.1470347972129548,0.0939466477832095,1.894261236833451,0.0381653952020055,2021_RoboTeam_Twente_vs_ERForce,proc_set_13.pkl,2021,,10.3125,165,16,1471.45,60,4.68543111380091,0.0712290364357877,17.628331382463635,46.416518735353904,52.70390971119103,0.1487055815521505,0.011303421818543,0.579133203509029,1.3842567983449463,2.4508120259066173,0.1198294436453109,0.0425663697204479,0.2892806720633258
13,30→15,MAE,Seq2Seq,3.82,70.92,2021,2021-06-21_07-06_RoboTeam_Twente-vs-ER-Force.log,RoboTeam_Twente vs ER-Force,2 Conhecidos,6.09,40.08,71.8,45.77,0.292381569415129,0.2838502689523939,0.1470347972129548,0.0939466477832095,1.894261236833451,0.0381653952020055,2021_RoboTeam_Twente_vs_ERForce,proc_set_13.pkl,2021,,10.3125,165,16,1471.45,60,4.68543111380091,0.0712290364357877,17.628331382463635,46.416518735353904,52.70390971119103,0.1487055815521505,0.011303421818543,0.579133203509029,1.3842567983449463,2.4508120259066173,0.1198294436453109,0.0425663697204479,0.2892806720633258
13,30→15,MAE,MLP,9.05,70.92,2021,2021-06-21_07-06_RoboTeam_Twente-vs-ER-Force.log,RoboTeam_Twente vs ER-Force,2 Conhecidos,6.09,40.08,71.8,45.77,0.292381569415129,0.2838502689523939,0.1470347972129548,0.0939466477832095,1.894261236833451,0.0381653952020055,2021_RoboTeam_Twente_vs_ERForce,proc_set_13.pkl,2021,,10.3125,165,16,1471.45,60,4.68543111380091,0.0712290364357877,17.628331382463635,46.416518735353904,52.70390971119103,0.1487055815521505,0.011303421818543,0.579133203509029,1.3842567983449463,2.4508120259066173,0.1198294436453109,0.0425663697204479,0.2892806720633258
13,30→15,MAE,Kalman,13.15,70.92,2021,2021-06-21_07-06_RoboTeam_Twente-vs-ER-Force.log,RoboTeam_Twente vs ER-Force,2 Conhecidos,6.09,40.08,71.8,45.77,0.292381569415129,0.2838502689523939,0.1470347972129548,0.0939466477832095,1.894261236833451,0.0381653952020055,2021_RoboTeam_Twente_vs_ERForce,proc_set_13.pkl,2021,,10.3125,165,16,1471.45,60,4.68543111380091,0.0712290364357877,17.628331382463635,46.416518735353904,52.70390971119103,0.1487055815521505,0.011303421818543,0.579133203509029,1.3842567983449463,2.4508120259066173,0.1198294436453109,0.0425663697204479,0.2892806720633258
13,60→30,ADE,Seq2Seq,40.08,45.77,2021,2021-06-21_07-06_RoboTeam_Twente-vs-ER-Force.log,RoboTeam_Twente vs ER-Force,2 Conhecidos,6.09,40.08,71.8,45.77,0.292381569415129,0.2838502689523939,0.1470347972129548,0.0939466477832095,1.894261236833451,0.0381653952020055,2021_RoboTeam_Twente_vs_ERForce,proc_set_13.pkl,2021,,10.3125,165,16,1471.45,60,4.68543111380091,0.0712290364357877,17.628331382463635,46.416518735353904,52.70390971119103,0.1487055815521505,0.011303421818543,0.579133203509029,1.3842567983449463,2.4508120259066173,0.1198294436453109,0.0425663697204479,0.2892806720633258
13,60→30,ADE,MLP,72.22,45.77,2021,2021-06-21_07-06_RoboTeam_Twente-vs-ER-Force.log,RoboTeam_Twente vs ER-Force,2 Conhecidos,6.09,40.08,71.8,45.77,0.292381569415129,0.2838502689523939,0.1470347972129548,0.0939466477832095,1.894261236833451,0.0381653952020055,2021_RoboTeam_Twente_vs_ERForce,proc_set_13.pkl,2021,,10.3125,165,16,1471.45,60,4.68543111380091,0.0712290364357877,17.628331382463635,46.416518735353904,52.70390971119103,0.1487055815521505,0.011303421818543,0.579133203509029,1.3842567983449463,2.4508120259066173,0.1198294436453109,0.0425663697204479,0.2892806720633258
13,60→30,ADE,Kalman,73.89,45.77,2021,2021-06-21_07-06_RoboTeam_Twente-vs-ER-Force.log,RoboTeam_Twente vs ER-Force,2 Conhecidos,6.09,40.08,71.8,45.77,0.292381569415129,0.2838502689523939,0.1470347972129548,0.0939466477832095,1.894261236833451,0.0381653952020055,2021_RoboTeam_Twente_vs_ERForce,proc_set_13.pkl,2021,,10.3125,165,16,1471.45,60,4.68543111380091,0.0712290364357877,17.628331382463635,46.416518735353904,52.70390971119103,0.1487055815521505,0.011303421818543,0.579133203509029,1.3842567983449463,2.4508120259066173,0.1198294436453109,0.0425663697204479,0.2892806720633258
13,60→30,FDE,Seq2Seq,123.92,36.51,2021,2021-06-21_07-06_RoboTeam_Twente-vs-ER-Force.log,RoboTeam_Twente vs ER-Force,2 Conhecidos,6.09,40.08,71.8,45.77,0.292381569415129,0.2838502689523939,0.1470347972129548,0.0939466477832095,1.894261236833451,0.0381653952020055,2021_RoboTeam_Twente_vs_ERForce,proc_set_13.pkl,2021,,10.3125,165,16,1471.45,60,4.68543111380091,0.0712290364357877,17.628331382463635,46.416518735353904,52.70390971119103,0.1487055815521505,0.011303421818543,0.579133203509029,1.3842567983449463,2.4508120259066173,0.1198294436453109,0.0425663697204479,0.2892806720633258
13,60→30,FDE,MLP,191.09,36.51,2021,2021-06-21_07-06_RoboTeam_Twente-vs-ER-Force.log,RoboTeam_Twente vs ER-Force,2 Conhecidos,6.09,40.08,71.8,45.77,0.292381569415129,0.2838502689523939,0.1470347972129548,0.0939466477832095,1.894261236833451,0.0381653952020055,2021_RoboTeam_Twente_vs_ERForce,proc_set_13.pkl,2021,,10.3125,165,16,1471.45,60,4.68543111380091,0.0712290364357877,17.628331382463635,46.416518735353904,52.70390971119103,0.1487055815521505,0.011303421818543,0.579133203509029,1.3842567983449463,2.4508120259066173,0.1198294436453109,0.0425663697204479,0.2892806720633258
13,60→30,FDE,Kalman,195.18,36.51,2021,2021-06-21_07-06_RoboTeam_Twente-vs-ER-Force.log,RoboTeam_Twente vs ER-Force,2 Conhecidos,6.09,40.08,71.8,45.77,0.292381569415129,0.2838502689523939,0.1470347972129548,0.0939466477832095,1.894261236833451,0.0381653952020055,2021_RoboTeam_Twente_vs_ERForce,proc_set_13.pkl,2021,,10.3125,165,16,1471.45,60,4.68543111380091,0.0712290364357877,17.628331382463635,46.416518735353904,52.70390971119103,0.1487055815521505,0.011303421818543,0.579133203509029,1.3842567983449463,2.4508120259066173,0.1198294436453109,0.0425663697204479,0.2892806720633258
13,60→30,MAE,Seq2Seq,24.99,44.43,2021,2021-06-21_07-06_RoboTeam_Twente-vs-ER-Force.log,RoboTeam_Twente vs ER-Force,2 Conhecidos,6.09,40.08,71.8,45.77,0.292381569415129,0.2838502689523939,0.1470347972129548,0.0939466477832095,1.894261236833451,0.0381653952020055,2021_RoboTeam_Twente_vs_ERForce,proc_set_13.pkl,2021,,10.3125,165,16,1471.45,60,4.68543111380091,0.0712290364357877,17.628331382463635,46.416518735353904,52.70390971119103,0.1487055815521505,0.011303421818543,0.579133203509029,1.3842567983449463,2.4508120259066173,0.1198294436453109,0.0425663697204479,0.2892806720633258
13,60→30,MAE,MLP,45.65,44.43,2021,2021-06-21_07-06_RoboTeam_Twente-vs-ER-Force.log,RoboTeam_Twente vs ER-Force,2 Conhecidos,6.09,40.08,71.8,45.77,0.292381569415129,0.2838502689523939,0.1470347972129548,0.0939466477832095,1.894261236833451,0.0381653952020055,2021_RoboTeam_Twente_vs_ERForce,proc_set_13.pkl,2021,,10.3125,165,16,1471.45,60,4.68543111380091,0.0712290364357877,17.628331382463635,46.416518735353904,52.70390971119103,0.1487055815521505,0.011303421818543,0.579133203509029,1.3842567983449463,2.4508120259066173,0.1198294436453109,0.0425663697204479,0.2892806720633258
13,60→30,MAE,Kalman,44.98,44.43,2021,2021-06-21_07-06_RoboTeam_Twente-vs-ER-Force.log,RoboTeam_Twente vs ER-Force,2 Conhecidos,6.09,40.08,71.8,45.77,0.292381569415129,0.2838502689523939,0.1470347972129548,0.0939466477832095,1.894261236833451,0.0381653952020055,2021_RoboTeam_Twente_vs_ERForce,proc_set_13.pkl,2021,,10.3125,165,16,1471.45,60,4.68543111380091,0.0712290364357877,17.628331382463635,46.416518735353904,52.70390971119103,0.1487055815521505,0.011303421818543,0.579133203509029,1.3842567983449463,2.4508120259066173,0.1198294436453109,0.0425663697204479,0.2892806720633258
14,30→15,ADE,Seq2Seq,9.41,69.82,2021,2021-06-30_20-01_TIGERs_Mannheim-vs-RoboFEI.log,TIGERs_Mannheim vs RoboFEI,0 Conhecidos,9.41,66.98,69.82,35.78,0.32618,0.308725,0.0574099999999999,0.334842817451855,7.3759056861834305,0.0207787657750747,2021_TIGERs_Mannheim_vs_RoboFEI,proc_set_14.pkl,2021,,7.75,341,44,4527.12,60,13.64484084315354,11.333093253731697,30.12528998478184,46.56165936608973,54.38414410420698,0.5363006429978958,0.4385178596464772,1.147394525441507,2.0249637363534965,2.967774106840859,0.0615386612966256,0.0191113075443258,0.1308857586736929
14,30→15,ADE,MLP,21.54,69.82,2021,2021-06-30_20-01_TIGERs_Mannheim-vs-RoboFEI.log,TIGERs_Mannheim vs RoboFEI,0 Conhecidos,9.41,66.98,69.82,35.78,0.32618,0.308725,0.0574099999999999,0.334842817451855,7.3759056861834305,0.0207787657750747,2021_TIGERs_Mannheim_vs_RoboFEI,proc_set_14.pkl,2021,,7.75,341,44,4527.12,60,13.64484084315354,11.333093253731697,30.12528998478184,46.56165936608973,54.38414410420698,0.5363006429978958,0.4385178596464772,1.147394525441507,2.0249637363534965,2.967774106840859,0.0615386612966256,0.0191113075443258,0.1308857586736929
14,30→15,ADE,Kalman,31.17,69.82,2021,2021-06-30_20-01_TIGERs_Mannheim-vs-RoboFEI.log,TIGERs_Mannheim vs RoboFEI,0 Conhecidos,9.41,66.98,69.82,35.78,0.32618,0.308725,0.0574099999999999,0.334842817451855,7.3759056861834305,0.0207787657750747,2021_TIGERs_Mannheim_vs_RoboFEI,proc_set_14.pkl,2021,,7.75,341,44,4527.12,60,13.64484084315354,11.333093253731697,30.12528998478184,46.56165936608973,54.38414410420698,0.5363006429978958,0.4385178596464772,1.147394525441507,2.0249637363534965,2.967774106840859,0.0615386612966256,0.0191113075443258,0.1308857586736929
14,30→15,FDE,Seq2Seq,30.79,61.57,2021,2021-06-30_20-01_TIGERs_Mannheim-vs-RoboFEI.log,TIGERs_Mannheim vs RoboFEI,0 Conhecidos,9.41,66.98,69.82,35.78,0.32618,0.308725,0.0574099999999999,0.334842817451855,7.3759056861834305,0.0207787657750747,2021_TIGERs_Mannheim_vs_RoboFEI,proc_set_14.pkl,2021,,7.75,341,44,4527.12,60,13.64484084315354,11.333093253731697,30.12528998478184,46.56165936608973,54.38414410420698,0.5363006429978958,0.4385178596464772,1.147394525441507,2.0249637363534965,2.967774106840859,0.0615386612966256,0.0191113075443258,0.1308857586736929
14,30→15,FDE,MLP,58.58,61.57,2021,2021-06-30_20-01_TIGERs_Mannheim-vs-RoboFEI.log,TIGERs_Mannheim vs RoboFEI,0 Conhecidos,9.41,66.98,69.82,35.78,0.32618,0.308725,0.0574099999999999,0.334842817451855,7.3759056861834305,0.0207787657750747,2021_TIGERs_Mannheim_vs_RoboFEI,proc_set_14.pkl,2021,,7.75,341,44,4527.12,60,13.64484084315354,11.333093253731697,30.12528998478184,46.56165936608973,54.38414410420698,0.5363006429978958,0.4385178596464772,1.147394525441507,2.0249637363534965,2.967774106840859,0.0615386612966256,0.0191113075443258,0.1308857586736929
14,30→15,FDE,Kalman,80.13,61.57,2021,2021-06-30_20-01_TIGERs_Mannheim-vs-RoboFEI.log,TIGERs_Mannheim vs RoboFEI,0 Conhecidos,9.41,66.98,69.82,35.78,0.32618,0.308725,0.0574099999999999,0.334842817451855,7.3759056861834305,0.0207787657750747,2021_TIGERs_Mannheim_vs_RoboFEI,proc_set_14.pkl,2021,,7.75,341,44,4527.12,60,13.64484084315354,11.333093253731697,30.12528998478184,46.56165936608973,54.38414410420698,0.5363006429978958,0.4385178596464772,1.147394525441507,2.0249637363534965,2.967774106840859,0.0615386612966256,0.0191113075443258,0.1308857586736929
14,30→15,MAE,Seq2Seq,5.98,69.67,2021,2021-06-30_20-01_TIGERs_Mannheim-vs-RoboFEI.log,TIGERs_Mannheim vs RoboFEI,0 Conhecidos,9.41,66.98,69.82,35.78,0.32618,0.308725,0.0574099999999999,0.334842817451855,7.3759056861834305,0.0207787657750747,2021_TIGERs_Mannheim_vs_RoboFEI,proc_set_14.pkl,2021,,7.75,341,44,4527.12,60,13.64484084315354,11.333093253731697,30.12528998478184,46.56165936608973,54.38414410420698,0.5363006429978958,0.4385178596464772,1.147394525441507,2.0249637363534965,2.967774106840859,0.0615386612966256,0.0191113075443258,0.1308857586736929
14,30→15,MAE,MLP,13.68,69.67,2021,2021-06-30_20-01_TIGERs_Mannheim-vs-RoboFEI.log,TIGERs_Mannheim vs RoboFEI,0 Conhecidos,9.41,66.98,69.82,35.78,0.32618,0.308725,0.0574099999999999,0.334842817451855,7.3759056861834305,0.0207787657750747,2021_TIGERs_Mannheim_vs_RoboFEI,proc_set_14.pkl,2021,,7.75,341,44,4527.12,60,13.64484084315354,11.333093253731697,30.12528998478184,46.56165936608973,54.38414410420698,0.5363006429978958,0.4385178596464772,1.147394525441507,2.0249637363534965,2.967774106840859,0.0615386612966256,0.0191113075443258,0.1308857586736929
14,30→15,MAE,Kalman,19.7,69.67,2021,2021-06-30_20-01_TIGERs_Mannheim-vs-RoboFEI.log,TIGERs_Mannheim vs RoboFEI,0 Conhecidos,9.41,66.98,69.82,35.78,0.32618,0.308725,0.0574099999999999,0.334842817451855,7.3759056861834305,0.0207787657750747,2021_TIGERs_Mannheim_vs_RoboFEI,proc_set_14.pkl,2021,,7.75,341,44,4527.12,60,13.64484084315354,11.333093253731697,30.12528998478184,46.56165936608973,54.38414410420698,0.5363006429978958,0.4385178596464772,1.147394525441507,2.0249637363534965,2.967774106840859,0.0615386612966256,0.0191113075443258,0.1308857586736929
14,60→30,ADE,Seq2Seq,66.98,35.78,2021,2021-06-30_20-01_TIGERs_Mannheim-vs-RoboFEI.log,TIGERs_Mannheim vs RoboFEI,0 Conhecidos,9.41,66.98,69.82,35.78,0.32618,0.308725,0.0574099999999999,0.334842817451855,7.3759056861834305,0.0207787657750747,2021_TIGERs_Mannheim_vs_RoboFEI,proc_set_14.pkl,2021,,7.75,341,44,4527.12,60,13.64484084315354,11.333093253731697,30.12528998478184,46.56165936608973,54.38414410420698,0.5363006429978958,0.4385178596464772,1.147394525441507,2.0249637363534965,2.967774106840859,0.0615386612966256,0.0191113075443258,0.1308857586736929
14,60→30,ADE,MLP,105.65,35.78,2021,2021-06-30_20-01_TIGERs_Mannheim-vs-RoboFEI.log,TIGERs_Mannheim vs RoboFEI,0 Conhecidos,9.41,66.98,69.82,35.78,0.32618,0.308725,0.0574099999999999,0.334842817451855,7.3759056861834305,0.0207787657750747,2021_TIGERs_Mannheim_vs_RoboFEI,proc_set_14.pkl,2021,,7.75,341,44,4527.12,60,13.64484084315354,11.333093253731697,30.12528998478184,46.56165936608973,54.38414410420698,0.5363006429978958,0.4385178596464772,1.147394525441507,2.0249637363534965,2.967774106840859,0.0615386612966256,0.0191113075443258,0.1308857586736929
14,60→30,ADE,Kalman,104.31,35.78,2021,2021-06-30_20-01_TIGERs_Mannheim-vs-RoboFEI.log,TIGERs_Mannheim vs RoboFEI,0 Conhecidos,9.41,66.98,69.82,35.78,0.32618,0.308725,0.0574099999999999,0.334842817451855,7.3759056861834305,0.0207787657750747,2021_TIGERs_Mannheim_vs_RoboFEI,proc_set_14.pkl,2021,,7.75,341,44,4527.12,60,13.64484084315354,11.333093253731697,30.12528998478184,46.56165936608973,54.38414410420698,0.5363006429978958,0.4385178596464772,1.147394525441507,2.0249637363534965,2.967774106840859,0.0615386612966256,0.0191113075443258,0.1308857586736929
14,60→30,FDE,Seq2Seq,209.54,22.64,2021,2021-06-30_20-01_TIGERs_Mannheim-vs-RoboFEI.log,TIGERs_Mannheim vs RoboFEI,0 Conhecidos,9.41,66.98,69.82,35.78,0.32618,0.308725,0.0574099999999999,0.334842817451855,7.3759056861834305,0.0207787657750747,2021_TIGERs_Mannheim_vs_RoboFEI,proc_set_14.pkl,2021,,7.75,341,44,4527.12,60,13.64484084315354,11.333093253731697,30.12528998478184,46.56165936608973,54.38414410420698,0.5363006429978958,0.4385178596464772,1.147394525441507,2.0249637363534965,2.967774106840859,0.0615386612966256,0.0191113075443258,0.1308857586736929
14,60→30,FDE,MLP,284.26,22.64,2021,2021-06-30_20-01_TIGERs_Mannheim-vs-RoboFEI.log,TIGERs_Mannheim vs RoboFEI,0 Conhecidos,9.41,66.98,69.82,35.78,0.32618,0.308725,0.0574099999999999,0.334842817451855,7.3759056861834305,0.0207787657750747,2021_TIGERs_Mannheim_vs_RoboFEI,proc_set_14.pkl,2021,,7.75,341,44,4527.12,60,13.64484084315354,11.333093253731697,30.12528998478184,46.56165936608973,54.38414410420698,0.5363006429978958,0.4385178596464772,1.147394525441507,2.0249637363534965,2.967774106840859,0.0615386612966256,0.0191113075443258,0.1308857586736929
14,60→30,FDE,Kalman,270.87,22.64,2021,2021-06-30_20-01_TIGERs_Mannheim-vs-RoboFEI.log,TIGERs_Mannheim vs RoboFEI,0 Conhecidos,9.41,66.98,69.82,35.78,0.32618,0.308725,0.0574099999999999,0.334842817451855,7.3759056861834305,0.0207787657750747,2021_TIGERs_Mannheim_vs_RoboFEI,proc_set_14.pkl,2021,,7.75,341,44,4527.12,60,13.64484084315354,11.333093253731697,30.12528998478184,46.56165936608973,54.38414410420698,0.5363006429978958,0.4385178596464772,1.147394525441507,2.0249637363534965,2.967774106840859,0.0615386612966256,0.0191113075443258,0.1308857586736929
14,60→30,MAE,Seq2Seq,42.52,35.63,2021,2021-06-30_20-01_TIGERs_Mannheim-vs-RoboFEI.log,TIGERs_Mannheim vs RoboFEI,0 Conhecidos,9.41,66.98,69.82,35.78,0.32618,0.308725,0.0574099999999999,0.334842817451855,7.3759056861834305,0.0207787657750747,2021_TIGERs_Mannheim_vs_RoboFEI,proc_set_14.pkl,2021,,7.75,341,44,4527.12,60,13.64484084315354,11.333093253731697,30.12528998478184,46.56165936608973,54.38414410420698,0.5363006429978958,0.4385178596464772,1.147394525441507,2.0249637363534965,2.967774106840859,0.0615386612966256,0.0191113075443258,0.1308857586736929
14,60→30,MAE,MLP,67.19,35.63,2021,2021-06-30_20-01_TIGERs_Mannheim-vs-RoboFEI.log,TIGERs_Mannheim vs RoboFEI,0 Conhecidos,9.41,66.98,69.82,35.78,0.32618,0.308725,0.0574099999999999,0.334842817451855,7.3759056861834305,0.0207787657750747,2021_TIGERs_Mannheim_vs_RoboFEI,proc_set_14.pkl,2021,,7.75,341,44,4527.12,60,13.64484084315354,11.333093253731697,30.12528998478184,46.56165936608973,54.38414410420698,0.5363006429978958,0.4385178596464772,1.147394525441507,2.0249637363534965,2.967774106840859,0.0615386612966256,0.0191113075443258,0.1308857586736929
14,60→30,MAE,Kalman,66.06,35.63,2021,2021-06-30_20-01_TIGERs_Mannheim-vs-RoboFEI.log,TIGERs_Mannheim vs RoboFEI,0 Conhecidos,9.41,66.98,69.82,35.78,0.32618,0.308725,0.0574099999999999,0.334842817451855,7.3759056861834305,0.0207787657750747,2021_TIGERs_Mannheim_vs_RoboFEI,proc_set_14.pkl,2021,,7.75,341,44,4527.12,60,13.64484084315354,11.333093253731697,30.12528998478184,46.56165936608973,54.38414410420698,0.5363006429978958,0.4385178596464772,1.147394525441507,2.0249637363534965,2.967774106840859,0.0615386612966256,0.0191113075443258,0.1308857586736929
15,30→15,ADE,Seq2Seq,4.83,76.05,2023,2023-07-06_12-47_RoboTeam_Twente-vs-RoboDragons.log,RoboTeam_Twente vs RoboDragons,2 Conhecidos,4.83,33.92,76.05,52.03,0.0810387378060734,0.0582758177600566,0.0262799176647404,0.0486994202850582,0.554111400952554,0.0048205905551949,2023_RoboTeam_Twente_vs_RoboDragons,proc_set_15.pkl,2023,A,4.38,219,50,1789.03,60,6.277927946954319,1.2596769868498747,20.6168048554252,38.75725904577828,61.14254850672721,0.1967771048186303,0.0696878073204884,0.6112469589050439,1.13036328211066,1.6875575542166308,0.0796984349322388,0.023095238626265,0.1735908848381508
15,30→15,ADE,MLP,11.72,76.05,2023,2023-07-06_12-47_RoboTeam_Twente-vs-RoboDragons.log,RoboTeam_Twente vs RoboDragons,2 Conhecidos,4.83,33.92,76.05,52.03,0.0810387378060734,0.0582758177600566,0.0262799176647404,0.0486994202850582,0.554111400952554,0.0048205905551949,2023_RoboTeam_Twente_vs_RoboDragons,proc_set_15.pkl,2023,A,4.38,219,50,1789.03,60,6.277927946954319,1.2596769868498747,20.6168048554252,38.75725904577828,61.14254850672721,0.1967771048186303,0.0696878073204884,0.6112469589050439,1.13036328211066,1.6875575542166308,0.0796984349322388,0.023095238626265,0.1735908848381508
15,30→15,ADE,Kalman,20.17,76.05,2023,2023-07-06_12-47_RoboTeam_Twente-vs-RoboDragons.log,RoboTeam_Twente vs RoboDragons,2 Conhecidos,4.83,33.92,76.05,52.03,0.0810387378060734,0.0582758177600566,0.0262799176647404,0.0486994202850582,0.554111400952554,0.0048205905551949,2023_RoboTeam_Twente_vs_RoboDragons,proc_set_15.pkl,2023,A,4.38,219,50,1789.03,60,6.277927946954319,1.2596769868498747,20.6168048554252,38.75725904577828,61.14254850672721,0.1967771048186303,0.0696878073204884,0.6112469589050439,1.13036328211066,1.6875575542166308,0.0796984349322388,0.023095238626265,0.1735908848381508
15,30→15,FDE,Seq2Seq,15.56,70.37,2023,2023-07-06_12-47_RoboTeam_Twente-vs-RoboDragons.log,RoboTeam_Twente vs RoboDragons,2 Conhecidos,4.83,33.92,76.05,52.03,0.0810387378060734,0.0582758177600566,0.0262799176647404,0.0486994202850582,0.554111400952554,0.0048205905551949,2023_RoboTeam_Twente_vs_RoboDragons,proc_set_15.pkl,2023,A,4.38,219,50,1789.03,60,6.277927946954319,1.2596769868498747,20.6168048554252,38.75725904577828,61.14254850672721,0.1967771048186303,0.0696878073204884,0.6112469589050439,1.13036328211066,1.6875575542166308,0.0796984349322388,0.023095238626265,0.1735908848381508
15,30→15,FDE,MLP,30.98,70.37,2023,2023-07-06_12-47_RoboTeam_Twente-vs-RoboDragons.log,RoboTeam_Twente vs RoboDragons,2 Conhecidos,4.83,33.92,76.05,52.03,0.0810387378060734,0.0582758177600566,0.0262799176647404,0.0486994202850582,0.554111400952554,0.0048205905551949,2023_RoboTeam_Twente_vs_RoboDragons,proc_set_15.pkl,2023,A,4.38,219,50,1789.03,60,6.277927946954319,1.2596769868498747,20.6168048554252,38.75725904577828,61.14254850672721,0.1967771048186303,0.0696878073204884,0.6112469589050439,1.13036328211066,1.6875575542166308,0.0796984349322388,0.023095238626265,0.1735908848381508
15,30→15,FDE,Kalman,52.53,70.37,2023,2023-07-06_12-47_RoboTeam_Twente-vs-RoboDragons.log,RoboTeam_Twente vs RoboDragons,2 Conhecidos,4.83,33.92,76.05,52.03,0.0810387378060734,0.0582758177600566,0.0262799176647404,0.0486994202850582,0.554111400952554,0.0048205905551949,2023_RoboTeam_Twente_vs_RoboDragons,proc_set_15.pkl,2023,A,4.38,219,50,1789.03,60,6.277927946954319,1.2596769868498747,20.6168048554252,38.75725904577828,61.14254850672721,0.1967771048186303,0.0696878073204884,0.6112469589050439,1.13036328211066,1.6875575542166308,0.0796984349322388,0.023095238626265,0.1735908848381508
15,30→15,MAE,Seq2Seq,3.07,75.92,2023,2023-07-06_12-47_RoboTeam_Twente-vs-RoboDragons.log,RoboTeam_Twente vs RoboDragons,2 Conhecidos,4.83,33.92,76.05,52.03,0.0810387378060734,0.0582758177600566,0.0262799176647404,0.0486994202850582,0.554111400952554,0.0048205905551949,2023_RoboTeam_Twente_vs_RoboDragons,proc_set_15.pkl,2023,A,4.38,219,50,1789.03,60,6.277927946954319,1.2596769868498747,20.6168048554252,38.75725904577828,61.14254850672721,0.1967771048186303,0.0696878073204884,0.6112469589050439,1.13036328211066,1.6875575542166308,0.0796984349322388,0.023095238626265,0.1735908848381508
15,30→15,MAE,MLP,7.41,75.92,2023,2023-07-06_12-47_RoboTeam_Twente-vs-RoboDragons.log,RoboTeam_Twente vs RoboDragons,2 Conhecidos,4.83,33.92,76.05,52.03,0.0810387378060734,0.0582758177600566,0.0262799176647404,0.0486994202850582,0.554111400952554,0.0048205905551949,2023_RoboTeam_Twente_vs_RoboDragons,proc_set_15.pkl,2023,A,4.38,219,50,1789.03,60,6.277927946954319,1.2596769868498747,20.6168048554252,38.75725904577828,61.14254850672721,0.1967771048186303,0.0696878073204884,0.6112469589050439,1.13036328211066,1.6875575542166308,0.0796984349322388,0.023095238626265,0.1735908848381508
15,30→15,MAE,Kalman,12.76,75.92,2023,2023-07-06_12-47_RoboTeam_Twente-vs-RoboDragons.log,RoboTeam_Twente vs RoboDragons,2 Conhecidos,4.83,33.92,76.05,52.03,0.0810387378060734,0.0582758177600566,0.0262799176647404,0.0486994202850582,0.554111400952554,0.0048205905551949,2023_RoboTeam_Twente_vs_RoboDragons,proc_set_15.pkl,2023,A,4.38,219,50,1789.03,60,6.277927946954319,1.2596769868498747,20.6168048554252,38.75725904577828,61.14254850672721,0.1967771048186303,0.0696878073204884,0.6112469589050439,1.13036328211066,1.6875575542166308,0.0796984349322388,0.023095238626265,0.1735908848381508
15,60→30,ADE,Seq2Seq,33.92,52.03,2023,2023-07-06_12-47_RoboTeam_Twente-vs-RoboDragons.log,RoboTeam_Twente vs RoboDragons,2 Conhecidos,4.83,33.92,76.05,52.03,0.0810387378060734,0.0582758177600566,0.0262799176647404,0.0486994202850582,0.554111400952554,0.0048205905551949,2023_RoboTeam_Twente_vs_RoboDragons,proc_set_15.pkl,2023,A,4.38,219,50,1789.03,60,6.277927946954319,1.2596769868498747,20.6168048554252,38.75725904577828,61.14254850672721,0.1967771048186303,0.0696878073204884,0.6112469589050439,1.13036328211066,1.6875575542166308,0.0796984349322388,0.023095238626265,0.1735908848381508
15,60→30,ADE,MLP,65.79,52.03,2023,2023-07-06_12-47_RoboTeam_Twente-vs-RoboDragons.log,RoboTeam_Twente vs RoboDragons,2 Conhecidos,4.83,33.92,76.05,52.03,0.0810387378060734,0.0582758177600566,0.0262799176647404,0.0486994202850582,0.554111400952554,0.0048205905551949,2023_RoboTeam_Twente_vs_RoboDragons,proc_set_15.pkl,2023,A,4.38,219,50,1789.03,60,6.277927946954319,1.2596769868498747,20.6168048554252,38.75725904577828,61.14254850672721,0.1967771048186303,0.0696878073204884,0.6112469589050439,1.13036328211066,1.6875575542166308,0.0796984349322388,0.023095238626265,0.1735908848381508
15,60→30,ADE,Kalman,70.72,52.03,2023,2023-07-06_12-47_RoboTeam_Twente-vs-RoboDragons.log,RoboTeam_Twente vs RoboDragons,2 Conhecidos,4.83,33.92,76.05,52.03,0.0810387378060734,0.0582758177600566,0.0262799176647404,0.0486994202850582,0.554111400952554,0.0048205905551949,2023_RoboTeam_Twente_vs_RoboDragons,proc_set_15.pkl,2023,A,4.38,219,50,1789.03,60,6.277927946954319,1.2596769868498747,20.6168048554252,38.75725904577828,61.14254850672721,0.1967771048186303,0.0696878073204884,0.6112469589050439,1.13036328211066,1.6875575542166308,0.0796984349322388,0.023095238626265,0.1735908848381508
15,60→30,FDE,Seq2Seq,109.54,42.3,2023,2023-07-06_12-47_RoboTeam_Twente-vs-RoboDragons.log,RoboTeam_Twente vs RoboDragons,2 Conhecidos,4.83,33.92,76.05,52.03,0.0810387378060734,0.0582758177600566,0.0262799176647404,0.0486994202850582,0.554111400952554,0.0048205905551949,2023_RoboTeam_Twente_vs_RoboDragons,proc_set_15.pkl,2023,A,4.38,219,50,1789.03,60,6.277927946954319,1.2596769868498747,20.6168048554252,38.75725904577828,61.14254850672721,0.1967771048186303,0.0696878073204884,0.6112469589050439,1.13036328211066,1.6875575542166308,0.0796984349322388,0.023095238626265,0.1735908848381508
15,60→30,FDE,MLP,182.43,42.3,2023,2023-07-06_12-47_RoboTeam_Twente-vs-RoboDragons.log,RoboTeam_Twente vs RoboDragons,2 Conhecidos,4.83,33.92,76.05,52.03,0.0810387378060734,0.0582758177600566,0.0262799176647404,0.0486994202850582,0.554111400952554,0.0048205905551949,2023_RoboTeam_Twente_vs_RoboDragons,proc_set_15.pkl,2023,A,4.38,219,50,1789.03,60,6.277927946954319,1.2596769868498747,20.6168048554252,38.75725904577828,61.14254850672721,0.1967771048186303,0.0696878073204884,0.6112469589050439,1.13036328211066,1.6875575542166308,0.0796984349322388,0.023095238626265,0.1735908848381508
15,60→30,FDE,Kalman,189.85,42.3,2023,2023-07-06_12-47_RoboTeam_Twente-vs-RoboDragons.log,RoboTeam_Twente vs RoboDragons,2 Conhecidos,4.83,33.92,76.05,52.03,0.0810387378060734,0.0582758177600566,0.0262799176647404,0.0486994202850582,0.554111400952554,0.0048205905551949,2023_RoboTeam_Twente_vs_RoboDragons,proc_set_15.pkl,2023,A,4.38,219,50,1789.03,60,6.277927946954319,1.2596769868498747,20.6168048554252,38.75725904577828,61.14254850672721,0.1967771048186303,0.0696878073204884,0.6112469589050439,1.13036328211066,1.6875575542166308,0.0796984349322388,0.023095238626265,0.1735908848381508
15,60→30,MAE,Seq2Seq,21.54,51.71,2023,2023-07-06_12-47_RoboTeam_Twente-vs-RoboDragons.log,RoboTeam_Twente vs RoboDragons,2 Conhecidos,4.83,33.92,76.05,52.03,0.0810387378060734,0.0582758177600566,0.0262799176647404,0.0486994202850582,0.554111400952554,0.0048205905551949,2023_RoboTeam_Twente_vs_RoboDragons,proc_set_15.pkl,2023,A,4.38,219,50,1789.03,60,6.277927946954319,1.2596769868498747,20.6168048554252,38.75725904577828,61.14254850672721,0.1967771048186303,0.0696878073204884,0.6112469589050439,1.13036328211066,1.6875575542166308,0.0796984349322388,0.023095238626265,0.1735908848381508
15,60→30,MAE,MLP,41.85,51.71,2023,2023-07-06_12-47_RoboTeam_Twente-vs-RoboDragons.log,RoboTeam_Twente vs RoboDragons,2 Conhecidos,4.83,33.92,76.05,52.03,0.0810387378060734,0.0582758177600566,0.0262799176647404,0.0486994202850582,0.554111400952554,0.0048205905551949,2023_RoboTeam_Twente_vs_RoboDragons,proc_set_15.pkl,2023,A,4.38,219,50,1789.03,60,6.277927946954319,1.2596769868498747,20.6168048554252,38.75725904577828,61.14254850672721,0.1967771048186303,0.0696878073204884,0.6112469589050439,1.13036328211066,1.6875575542166308,0.0796984349322388,0.023095238626265,0.1735908848381508
15,60→30,MAE,Kalman,44.62,51.71,2023,2023-07-06_12-47_RoboTeam_Twente-vs-RoboDragons.log,RoboTeam_Twente vs RoboDragons,2 Conhecidos,4.83,33.92,76.05,52.03,0.0810387378060734,0.0582758177600566,0.0262799176647404,0.0486994202850582,0.554111400952554,0.0048205905551949,2023_RoboTeam_Twente_vs_RoboDragons,proc_set_15.pkl,2023,A,4.38,219,50,1789.03,60,6.277927946954319,1.2596769868498747,20.6168048554252,38.75725904577828,61.14254850672721,0.1967771048186303,0.0696878073204884,0.6112469589050439,1.13036328211066,1.6875575542166308,0.0796984349322388,0.023095238626265,0.1735908848381508
16,30→15,ADE,Seq2Seq,5.17,77.82,2023,2023-07-08_11-01_ZJUNlict-vs-RoboDragons.log,ZJUNlict vs RoboDragons,1 Conhecido,5.17,39.74,77.82,51.43,0.1420041038255773,0.126119907685702,0.0819310449767455,0.1187997915186683,2.680889415566673,0.0164976829926431,2023_ZJUNlict_vs_RoboDragons,proc_set_16.pkl,2023,A,8.375,67,8,621.07,60,8.897751133284466,4.52300633567517,24.827523104712423,38.36175757533604,43.79064851694498,0.3185618887444901,0.2290696788789598,0.7637865492332299,1.2259240564357796,1.5722119082690584,0.0659819967382998,0.0176784518313519,0.1320983577380519
16,30→15,ADE,MLP,13.24,77.82,2023,2023-07-08_11-01_ZJUNlict-vs-RoboDragons.log,ZJUNlict vs RoboDragons,1 Conhecido,5.17,39.74,77.82,51.43,0.1420041038255773,0.126119907685702,0.0819310449767455,0.1187997915186683,2.680889415566673,0.0164976829926431,2023_ZJUNlict_vs_RoboDragons,proc_set_16.pkl,2023,A,8.375,67,8,621.07,60,8.897751133284466,4.52300633567517,24.827523104712423,38.36175757533604,43.79064851694498,0.3185618887444901,0.2290696788789598,0.7637865492332299,1.2259240564357796,1.5722119082690584,0.0659819967382998,0.0176784518313519,0.1320983577380519
16,30→15,ADE,Kalman,23.32,77.82,2023,2023-07-08_11-01_ZJUNlict-vs-RoboDragons.log,ZJUNlict vs RoboDragons,1 Conhecido,5.17,39.74,77.82,51.43,0.1420041038255773,0.126119907685702,0.0819310449767455,0.1187997915186683,2.680889415566673,0.0164976829926431,2023_ZJUNlict_vs_RoboDragons,proc_set_16.pkl,2023,A,8.375,67,8,621.07,60,8.897751133284466,4.52300633567517,24.827523104712423,38.36175757533604,43.79064851694498,0.3185618887444901,0.2290696788789598,0.7637865492332299,1.2259240564357796,1.5722119082690584,0.0659819967382998,0.0176784518313519,0.1320983577380519
16,30→15,FDE,Seq2Seq,17.02,71.98,2023,2023-07-08_11-01_ZJUNlict-vs-RoboDragons.log,ZJUNlict vs RoboDragons,1 Conhecido,5.17,39.74,77.82,51.43,0.1420041038255773,0.126119907685702,0.0819310449767455,0.1187997915186683,2.680889415566673,0.0164976829926431,2023_ZJUNlict_vs_RoboDragons,proc_set_16.pkl,2023,A,8.375,67,8,621.07,60,8.897751133284466,4.52300633567517,24.827523104712423,38.36175757533604,43.79064851694498,0.3185618887444901,0.2290696788789598,0.7637865492332299,1.2259240564357796,1.5722119082690584,0.0659819967382998,0.0176784518313519,0.1320983577380519
16,30→15,FDE,MLP,35.15,71.98,2023,2023-07-08_11-01_ZJUNlict-vs-RoboDragons.log,ZJUNlict vs RoboDragons,1 Conhecido,5.17,39.74,77.82,51.43,0.1420041038255773,0.126119907685702,0.0819310449767455,0.1187997915186683,2.680889415566673,0.0164976829926431,2023_ZJUNlict_vs_RoboDragons,proc_set_16.pkl,2023,A,8.375,67,8,621.07,60,8.897751133284466,4.52300633567517,24.827523104712423,38.36175757533604,43.79064851694498,0.3185618887444901,0.2290696788789598,0.7637865492332299,1.2259240564357796,1.5722119082690584,0.0659819967382998,0.0176784518313519,0.1320983577380519
16,30→15,FDE,Kalman,60.75,71.98,2023,2023-07-08_11-01_ZJUNlict-vs-RoboDragons.log,ZJUNlict vs RoboDragons,1 Conhecido,5.17,39.74,77.82,51.43,0.1420041038255773,0.126119907685702,0.0819310449767455,0.1187997915186683,2.680889415566673,0.0164976829926431,2023_ZJUNlict_vs_RoboDragons,proc_set_16.pkl,2023,A,8.375,67,8,621.07,60,8.897751133284466,4.52300633567517,24.827523104712423,38.36175757533604,43.79064851694498,0.3185618887444901,0.2290696788789598,0.7637865492332299,1.2259240564357796,1.5722119082690584,0.0659819967382998,0.0176784518313519,0.1320983577380519
16,30→15,MAE,Seq2Seq,3.29,77.66,2023,2023-07-08_11-01_ZJUNlict-vs-RoboDragons.log,ZJUNlict vs RoboDragons,1 Conhecido,5.17,39.74,77.82,51.43,0.1420041038255773,0.126119907685702,0.0819310449767455,0.1187997915186683,2.680889415566673,0.0164976829926431,2023_ZJUNlict_vs_RoboDragons,proc_set_16.pkl,2023,A,8.375,67,8,621.07,60,8.897751133284466,4.52300633567517,24.827523104712423,38.36175757533604,43.79064851694498,0.3185618887444901,0.2290696788789598,0.7637865492332299,1.2259240564357796,1.5722119082690584,0.0659819967382998,0.0176784518313519,0.1320983577380519
16,30→15,MAE,MLP,8.43,77.66,2023,2023-07-08_11-01_ZJUNlict-vs-RoboDragons.log,ZJUNlict vs RoboDragons,1 Conhecido,5.17,39.74,77.82,51.43,0.1420041038255773,0.126119907685702,0.0819310449767455,0.1187997915186683,2.680889415566673,0.0164976829926431,2023_ZJUNlict_vs_RoboDragons,proc_set_16.pkl,2023,A,8.375,67,8,621.07,60,8.897751133284466,4.52300633567517,24.827523104712423,38.36175757533604,43.79064851694498,0.3185618887444901,0.2290696788789598,0.7637865492332299,1.2259240564357796,1.5722119082690584,0.0659819967382998,0.0176784518313519,0.1320983577380519
16,30→15,MAE,Kalman,14.73,77.66,2023,2023-07-08_11-01_ZJUNlict-vs-RoboDragons.log,ZJUNlict vs RoboDragons,1 Conhecido,5.17,39.74,77.82,51.43,0.1420041038255773,0.126119907685702,0.0819310449767455,0.1187997915186683,2.680889415566673,0.0164976829926431,2023_ZJUNlict_vs_RoboDragons,proc_set_16.pkl,2023,A,8.375,67,8,621.07,60,8.897751133284466,4.52300633567517,24.827523104712423,38.36175757533604,43.79064851694498,0.3185618887444901,0.2290696788789598,0.7637865492332299,1.2259240564357796,1.5722119082690584,0.0659819967382998,0.0176784518313519,0.1320983577380519
16,60→30,ADE,Seq2Seq,39.74,51.43,2023,2023-07-08_11-01_ZJUNlict-vs-RoboDragons.log,ZJUNlict vs RoboDragons,1 Conhecido,5.17,39.74,77.82,51.43,0.1420041038255773,0.126119907685702,0.0819310449767455,0.1187997915186683,2.680889415566673,0.0164976829926431,2023_ZJUNlict_vs_RoboDragons,proc_set_16.pkl,2023,A,8.375,67,8,621.07,60,8.897751133284466,4.52300633567517,24.827523104712423,38.36175757533604,43.79064851694498,0.3185618887444901,0.2290696788789598,0.7637865492332299,1.2259240564357796,1.5722119082690584,0.0659819967382998,0.0176784518313519,0.1320983577380519
16,60→30,ADE,MLP,68.95,51.43,2023,2023-07-08_11-01_ZJUNlict-vs-RoboDragons.log,ZJUNlict vs RoboDragons,1 Conhecido,5.17,39.74,77.82,51.43,0.1420041038255773,0.126119907685702,0.0819310449767455,0.1187997915186683,2.680889415566673,0.0164976829926431,2023_ZJUNlict_vs_RoboDragons,proc_set_16.pkl,2023,A,8.375,67,8,621.07,60,8.897751133284466,4.52300633567517,24.827523104712423,38.36175757533604,43.79064851694498,0.3185618887444901,0.2290696788789598,0.7637865492332299,1.2259240564357796,1.5722119082690584,0.0659819967382998,0.0176784518313519,0.1320983577380519
16,60→30,ADE,Kalman,81.84,51.43,2023,2023-07-08_11-01_ZJUNlict-vs-RoboDragons.log,ZJUNlict vs RoboDragons,1 Conhecido,5.17,39.74,77.82,51.43,0.1420041038255773,0.126119907685702,0.0819310449767455,0.1187997915186683,2.680889415566673,0.0164976829926431,2023_ZJUNlict_vs_RoboDragons,proc_set_16.pkl,2023,A,8.375,67,8,621.07,60,8.897751133284466,4.52300633567517,24.827523104712423,38.36175757533604,43.79064851694498,0.3185618887444901,0.2290696788789598,0.7637865492332299,1.2259240564357796,1.5722119082690584,0.0659819967382998,0.0176784518313519,0.1320983577380519
16,60→30,FDE,Seq2Seq,128.83,41.15,2023,2023-07-08_11-01_ZJUNlict-vs-RoboDragons.log,ZJUNlict vs RoboDragons,1 Conhecido,5.17,39.74,77.82,51.43,0.1420041038255773,0.126119907685702,0.0819310449767455,0.1187997915186683,2.680889415566673,0.0164976829926431,2023_ZJUNlict_vs_RoboDragons,proc_set_16.pkl,2023,A,8.375,67,8,621.07,60,8.897751133284466,4.52300633567517,24.827523104712423,38.36175757533604,43.79064851694498,0.3185618887444901,0.2290696788789598,0.7637865492332299,1.2259240564357796,1.5722119082690584,0.0659819967382998,0.0176784518313519,0.1320983577380519
16,60→30,FDE,MLP,191.74,41.15,2023,2023-07-08_11-01_ZJUNlict-vs-RoboDragons.log,ZJUNlict vs RoboDragons,1 Conhecido,5.17,39.74,77.82,51.43,0.1420041038255773,0.126119907685702,0.0819310449767455,0.1187997915186683,2.680889415566673,0.0164976829926431,2023_ZJUNlict_vs_RoboDragons,proc_set_16.pkl,2023,A,8.375,67,8,621.07,60,8.897751133284466,4.52300633567517,24.827523104712423,38.36175757533604,43.79064851694498,0.3185618887444901,0.2290696788789598,0.7637865492332299,1.2259240564357796,1.5722119082690584,0.0659819967382998,0.0176784518313519,0.1320983577380519
16,60→30,FDE,Kalman,218.97,41.15,2023,2023-07-08_11-01_ZJUNlict-vs-RoboDragons.log,ZJUNlict vs RoboDragons,1 Conhecido,5.17,39.74,77.82,51.43,0.1420041038255773,0.126119907685702,0.0819310449767455,0.1187997915186683,2.680889415566673,0.0164976829926431,2023_ZJUNlict_vs_RoboDragons,proc_set_16.pkl,2023,A,8.375,67,8,621.07,60,8.897751133284466,4.52300633567517,24.827523104712423,38.36175757533604,43.79064851694498,0.3185618887444901,0.2290696788789598,0.7637865492332299,1.2259240564357796,1.5722119082690584,0.0659819967382998,0.0176784518313519,0.1320983577380519
16,60→30,MAE,Seq2Seq,25.29,51.13,2023,2023-07-08_11-01_ZJUNlict-vs-RoboDragons.log,ZJUNlict vs RoboDragons,1 Conhecido,5.17,39.74,77.82,51.43,0.1420041038255773,0.126119907685702,0.0819310449767455,0.1187997915186683,2.680889415566673,0.0164976829926431,2023_ZJUNlict_vs_RoboDragons,proc_set_16.pkl,2023,A,8.375,67,8,621.07,60,8.897751133284466,4.52300633567517,24.827523104712423,38.36175757533604,43.79064851694498,0.3185618887444901,0.2290696788789598,0.7637865492332299,1.2259240564357796,1.5722119082690584,0.0659819967382998,0.0176784518313519,0.1320983577380519
16,60→30,MAE,MLP,43.69,51.13,2023,2023-07-08_11-01_ZJUNlict-vs-RoboDragons.log,ZJUNlict vs RoboDragons,1 Conhecido,5.17,39.74,77.82,51.43,0.1420041038255773,0.126119907685702,0.0819310449767455,0.1187997915186683,2.680889415566673,0.0164976829926431,2023_ZJUNlict_vs_RoboDragons,proc_set_16.pkl,2023,A,8.375,67,8,621.07,60,8.897751133284466,4.52300633567517,24.827523104712423,38.36175757533604,43.79064851694498,0.3185618887444901,0.2290696788789598,0.7637865492332299,1.2259240564357796,1.5722119082690584,0.0659819967382998,0.0176784518313519,0.1320983577380519
16,60→30,MAE,Kalman,51.74,51.13,2023,2023-07-08_11-01_ZJUNlict-vs-RoboDragons.log,ZJUNlict vs RoboDragons,1 Conhecido,5.17,39.74,77.82,51.43,0.1420041038255773,0.126119907685702,0.0819310449767455,0.1187997915186683,2.680889415566673,0.0164976829926431,2023_ZJUNlict_vs_RoboDragons,proc_set_16.pkl,2023,A,8.375,67,8,621.07,60,8.897751133284466,4.52300633567517,24.827523104712423,38.36175757533604,43.79064851694498,0.3185618887444901,0.2290696788789598,0.7637865492332299,1.2259240564357796,1.5722119082690584,0.0659819967382998,0.0176784518313519,0.1320983577380519
17,30→15,ADE,Seq2Seq,4.92,76.03,2023,2023-07-08_09-11_RoboTeam_Twente-vs-KIKS.log,RoboTeam_Twente vs KIKS,1 Conhecido,4.92,35.33,76.03,50.58,0.0615709681519721,0.0681212513225866,0.0245232037525149,0.0430250717449605,1.3306319109529168,0.0058179933764224,2023_RoboTeam_Twente_vs_KIKS,proc_set_17.pkl,2023,A,6.8636,151,22,1071.13,60,7.559829933375536,2.158029102157334,23.021803904652916,37.671331024522274,49.82424466713441,0.2428613117874498,0.1204289499020307,0.6682231254819536,1.094715422696871,1.93993044912039,0.076649708094435,0.021971629478152,0.1675890182059878
17,30→15,ADE,MLP,12.55,76.03,2023,2023-07-08_09-11_RoboTeam_Twente-vs-KIKS.log,RoboTeam_Twente vs KIKS,1 Conhecido,4.92,35.33,76.03,50.58,0.0615709681519721,0.0681212513225866,0.0245232037525149,0.0430250717449605,1.3306319109529168,0.0058179933764224,2023_RoboTeam_Twente_vs_KIKS,proc_set_17.pkl,2023,A,6.8636,151,22,1071.13,60,7.559829933375536,2.158029102157334,23.021803904652916,37.671331024522274,49.82424466713441,0.2428613117874498,0.1204289499020307,0.6682231254819536,1.094715422696871,1.93993044912039,0.076649708094435,0.021971629478152,0.1675890182059878
17,30→15,ADE,Kalman,20.52,76.03,2023,2023-07-08_09-11_RoboTeam_Twente-vs-KIKS.log,RoboTeam_Twente vs KIKS,1 Conhecido,4.92,35.33,76.03,50.58,0.0615709681519721,0.0681212513225866,0.0245232037525149,0.0430250717449605,1.3306319109529168,0.0058179933764224,2023_RoboTeam_Twente_vs_KIKS,proc_set_17.pkl,2023,A,6.8636,151,22,1071.13,60,7.559829933375536,2.158029102157334,23.021803904652916,37.671331024522274,49.82424466713441,0.2428613117874498,0.1204289499020307,0.6682231254819536,1.094715422696871,1.93993044912039,0.076649708094435,0.021971629478152,0.1675890182059878
17,30→15,FDE,Seq2Seq,15.93,70.28,2023,2023-07-08_09-11_RoboTeam_Twente-vs-KIKS.log,RoboTeam_Twente vs KIKS,1 Conhecido,4.92,35.33,76.03,50.58,0.0615709681519721,0.0681212513225866,0.0245232037525149,0.0430250717449605,1.3306319109529168,0.0058179933764224,2023_RoboTeam_Twente_vs_KIKS,proc_set_17.pkl,2023,A,6.8636,151,22,1071.13,60,7.559829933375536,2.158029102157334,23.021803904652916,37.671331024522274,49.82424466713441,0.2428613117874498,0.1204289499020307,0.6682231254819536,1.094715422696871,1.93993044912039,0.076649708094435,0.021971629478152,0.1675890182059878
17,30→15,FDE,MLP,33.26,70.28,2023,2023-07-08_09-11_RoboTeam_Twente-vs-KIKS.log,RoboTeam_Twente vs KIKS,1 Conhecido,4.92,35.33,76.03,50.58,0.0615709681519721,0.0681212513225866,0.0245232037525149,0.0430250717449605,1.3306319109529168,0.0058179933764224,2023_RoboTeam_Twente_vs_KIKS,proc_set_17.pkl,2023,A,6.8636,151,22,1071.13,60,7.559829933375536,2.158029102157334,23.021803904652916,37.671331024522274,49.82424466713441,0.2428613117874498,0.1204289499020307,0.6682231254819536,1.094715422696871,1.93993044912039,0.076649708094435,0.021971629478152,0.1675890182059878
17,30→15,FDE,Kalman,53.59,70.28,2023,2023-07-08_09-11_RoboTeam_Twente-vs-KIKS.log,RoboTeam_Twente vs KIKS,1 Conhecido,4.92,35.33,76.03,50.58,0.0615709681519721,0.0681212513225866,0.0245232037525149,0.0430250717449605,1.3306319109529168,0.0058179933764224,2023_RoboTeam_Twente_vs_KIKS,proc_set_17.pkl,2023,A,6.8636,151,22,1071.13,60,7.559829933375536,2.158029102157334,23.021803904652916,37.671331024522274,49.82424466713441,0.2428613117874498,0.1204289499020307,0.6682231254819536,1.094715422696871,1.93993044912039,0.076649708094435,0.021971629478152,0.1675890182059878
17,30→15,MAE,Seq2Seq,3.12,75.95,2023,2023-07-08_09-11_RoboTeam_Twente-vs-KIKS.log,RoboTeam_Twente vs KIKS,1 Conhecido,4.92,35.33,76.03,50.58,0.0615709681519721,0.0681212513225866,0.0245232037525149,0.0430250717449605,1.3306319109529168,0.0058179933764224,2023_RoboTeam_Twente_vs_KIKS,proc_set_17.pkl,2023,A,6.8636,151,22,1071.13,60,7.559829933375536,2.158029102157334,23.021803904652916,37.671331024522274,49.82424466713441,0.2428613117874498,0.1204289499020307,0.6682231254819536,1.094715422696871,1.93993044912039,0.076649708094435,0.021971629478152,0.1675890182059878
17,30→15,MAE,MLP,7.95,75.95,2023,2023-07-08_09-11_RoboTeam_Twente-vs-KIKS.log,RoboTeam_Twente vs KIKS,1 Conhecido,4.92,35.33,76.03,50.58,0.0615709681519721,0.0681212513225866,0.0245232037525149,0.0430250717449605,1.3306319109529168,0.0058179933764224,2023_RoboTeam_Twente_vs_KIKS,proc_set_17.pkl,2023,A,6.8636,151,22,1071.13,60,7.559829933375536,2.158029102157334,23.021803904652916,37.671331024522274,49.82424466713441,0.2428613117874498,0.1204289499020307,0.6682231254819536,1.094715422696871,1.93993044912039,0.076649708094435,0.021971629478152,0.1675890182059878
17,30→15,MAE,Kalman,12.97,75.95,2023,2023-07-08_09-11_RoboTeam_Twente-vs-KIKS.log,RoboTeam_Twente vs KIKS,1 Conhecido,4.92,35.33,76.03,50.58,0.0615709681519721,0.0681212513225866,0.0245232037525149,0.0430250717449605,1.3306319109529168,0.0058179933764224,2023_RoboTeam_Twente_vs_KIKS,proc_set_17.pkl,2023,A,6.8636,151,22,1071.13,60,7.559829933375536,2.158029102157334,23.021803904652916,37.671331024522274,49.82424466713441,0.2428613117874498,0.1204289499020307,0.6682231254819536,1.094715422696871,1.93993044912039,0.076649708094435,0.021971629478152,0.1675890182059878
17,60→30,ADE,Seq2Seq,35.33,50.58,2023,2023-07-08_09-11_RoboTeam_Twente-vs-KIKS.log,RoboTeam_Twente vs KIKS,1 Conhecido,4.92,35.33,76.03,50.58,0.0615709681519721,0.0681212513225866,0.0245232037525149,0.0430250717449605,1.3306319109529168,0.0058179933764224,2023_RoboTeam_Twente_vs_KIKS,proc_set_17.pkl,2023,A,6.8636,151,22,1071.13,60,7.559829933375536,2.158029102157334,23.021803904652916,37.671331024522274,49.82424466713441,0.2428613117874498,0.1204289499020307,0.6682231254819536,1.094715422696871,1.93993044912039,0.076649708094435,0.021971629478152,0.1675890182059878
17,60→30,ADE,MLP,65.4,50.58,2023,2023-07-08_09-11_RoboTeam_Twente-vs-KIKS.log,RoboTeam_Twente vs KIKS,1 Conhecido,4.92,35.33,76.03,50.58,0.0615709681519721,0.0681212513225866,0.0245232037525149,0.0430250717449605,1.3306319109529168,0.0058179933764224,2023_RoboTeam_Twente_vs_KIKS,proc_set_17.pkl,2023,A,6.8636,151,22,1071.13,60,7.559829933375536,2.158029102157334,23.021803904652916,37.671331024522274,49.82424466713441,0.2428613117874498,0.1204289499020307,0.6682231254819536,1.094715422696871,1.93993044912039,0.076649708094435,0.021971629478152,0.1675890182059878
17,60→30,ADE,Kalman,71.48,50.58,2023,2023-07-08_09-11_RoboTeam_Twente-vs-KIKS.log,RoboTeam_Twente vs KIKS,1 Conhecido,4.92,35.33,76.03,50.58,0.0615709681519721,0.0681212513225866,0.0245232037525149,0.0430250717449605,1.3306319109529168,0.0058179933764224,2023_RoboTeam_Twente_vs_KIKS,proc_set_17.pkl,2023,A,6.8636,151,22,1071.13,60,7.559829933375536,2.158029102157334,23.021803904652916,37.671331024522274,49.82424466713441,0.2428613117874498,0.1204289499020307,0.6682231254819536,1.094715422696871,1.93993044912039,0.076649708094435,0.021971629478152,0.1675890182059878
17,60→30,FDE,Seq2Seq,113.67,40.94,2023,2023-07-08_09-11_RoboTeam_Twente-vs-KIKS.log,RoboTeam_Twente vs KIKS,1 Conhecido,4.92,35.33,76.03,50.58,0.0615709681519721,0.0681212513225866,0.0245232037525149,0.0430250717449605,1.3306319109529168,0.0058179933764224,2023_RoboTeam_Twente_vs_KIKS,proc_set_17.pkl,2023,A,6.8636,151,22,1071.13,60,7.559829933375536,2.158029102157334,23.021803904652916,37.671331024522274,49.82424466713441,0.2428613117874498,0.1204289499020307,0.6682231254819536,1.094715422696871,1.93993044912039,0.076649708094435,0.021971629478152,0.1675890182059878
17,60→30,FDE,MLP,181.01,40.94,2023,2023-07-08_09-11_RoboTeam_Twente-vs-KIKS.log,RoboTeam_Twente vs KIKS,1 Conhecido,4.92,35.33,76.03,50.58,0.0615709681519721,0.0681212513225866,0.0245232037525149,0.0430250717449605,1.3306319109529168,0.0058179933764224,2023_RoboTeam_Twente_vs_KIKS,proc_set_17.pkl,2023,A,6.8636,151,22,1071.13,60,7.559829933375536,2.158029102157334,23.021803904652916,37.671331024522274,49.82424466713441,0.2428613117874498,0.1204289499020307,0.6682231254819536,1.094715422696871,1.93993044912039,0.076649708094435,0.021971629478152,0.1675890182059878
17,60→30,FDE,Kalman,192.49,40.94,2023,2023-07-08_09-11_RoboTeam_Twente-vs-KIKS.log,RoboTeam_Twente vs KIKS,1 Conhecido,4.92,35.33,76.03,50.58,0.0615709681519721,0.0681212513225866,0.0245232037525149,0.0430250717449605,1.3306319109529168,0.0058179933764224,2023_RoboTeam_Twente_vs_KIKS,proc_set_17.pkl,2023,A,6.8636,151,22,1071.13,60,7.559829933375536,2.158029102157334,23.021803904652916,37.671331024522274,49.82424466713441,0.2428613117874498,0.1204289499020307,0.6682231254819536,1.094715422696871,1.93993044912039,0.076649708094435,0.021971629478152,0.1675890182059878
17,60→30,MAE,Seq2Seq,22.34,50.53,2023,2023-07-08_09-11_RoboTeam_Twente-vs-KIKS.log,RoboTeam_Twente vs KIKS,1 Conhecido,4.92,35.33,76.03,50.58,0.0615709681519721,0.0681212513225866,0.0245232037525149,0.0430250717449605,1.3306319109529168,0.0058179933764224,2023_RoboTeam_Twente_vs_KIKS,proc_set_17.pkl,2023,A,6.8636,151,22,1071.13,60,7.559829933375536,2.158029102157334,23.021803904652916,37.671331024522274,49.82424466713441,0.2428613117874498,0.1204289499020307,0.6682231254819536,1.094715422696871,1.93993044912039,0.076649708094435,0.021971629478152,0.1675890182059878
17,60→30,MAE,MLP,41.79,50.53,2023,2023-07-08_09-11_RoboTeam_Twente-vs-KIKS.log,RoboTeam_Twente vs KIKS,1 Conhecido,4.92,35.33,76.03,50.58,0.0615709681519721,0.0681212513225866,0.0245232037525149,0.0430250717449605,1.3306319109529168,0.0058179933764224,2023_RoboTeam_Twente_vs_KIKS,proc_set_17.pkl,2023,A,6.8636,151,22,1071.13,60,7.559829933375536,2.158029102157334,23.021803904652916,37.671331024522274,49.82424466713441,0.2428613117874498,0.1204289499020307,0.6682231254819536,1.094715422696871,1.93993044912039,0.076649708094435,0.021971629478152,0.1675890182059878
17,60→30,MAE,Kalman,45.15,50.53,2023,2023-07-08_09-11_RoboTeam_Twente-vs-KIKS.log,RoboTeam_Twente vs KIKS,1 Conhecido,4.92,35.33,76.03,50.58,0.0615709681519721,0.0681212513225866,0.0245232037525149,0.0430250717449605,1.3306319109529168,0.0058179933764224,2023_RoboTeam_Twente_vs_KIKS,proc_set_17.pkl,2023,A,6.8636,151,22,1071.13,60,7.559829933375536,2.158029102157334,23.021803904652916,37.671331024522274,49.82424466713441,0.2428613117874498,0.1204289499020307,0.6682231254819536,1.094715422696871,1.93993044912039,0.076649708094435,0.021971629478152,0.1675890182059878
18,30→15,ADE,Seq2Seq,5.32,74.62,2023,2023-07-08_17-03_ZJUNlict-vs-TIGERs_Mannheim.log,ZJUNlict vs TIGERs_Mannheim,0 Conhecidos,5.32,37.98,74.62,47.05,0.2823135057995159,0.2822438330611732,0.127751380410524,0.1740004677202303,4.929365997663473,0.0305694452285454,2023_ZJUNlict_vs_TIGERs_Mannheim,proc_set_18.pkl,2023,A,10.3333,124,12,2122.93,60,11.169328132579002,8.746835877959635,26.382359439971815,41.96756349521938,56.45948065780758,0.373449215697934,0.3673155745769211,0.7119999680911946,1.053034565978162,1.5908307950936726,0.0517206712001038,0.0152411512568264,0.0981153740724388
18,30→15,ADE,MLP,13.55,74.62,2023,2023-07-08_17-03_ZJUNlict-vs-TIGERs_Mannheim.log,ZJUNlict vs TIGERs_Mannheim,0 Conhecidos,5.32,37.98,74.62,47.05,0.2823135057995159,0.2822438330611732,0.127751380410524,0.1740004677202303,4.929365997663473,0.0305694452285454,2023_ZJUNlict_vs_TIGERs_Mannheim,proc_set_18.pkl,2023,A,10.3333,124,12,2122.93,60,11.169328132579002,8.746835877959635,26.382359439971815,41.96756349521938,56.45948065780758,0.373449215697934,0.3673155745769211,0.7119999680911946,1.053034565978162,1.5908307950936726,0.0517206712001038,0.0152411512568264,0.0981153740724388
18,30→15,ADE,Kalman,20.98,74.62,2023,2023-07-08_17-03_ZJUNlict-vs-TIGERs_Mannheim.log,ZJUNlict vs TIGERs_Mannheim,0 Conhecidos,5.32,37.98,74.62,47.05,0.2823135057995159,0.2822438330611732,0.127751380410524,0.1740004677202303,4.929365997663473,0.0305694452285454,2023_ZJUNlict_vs_TIGERs_Mannheim,proc_set_18.pkl,2023,A,10.3333,124,12,2122.93,60,11.169328132579002,8.746835877959635,26.382359439971815,41.96756349521938,56.45948065780758,0.373449215697934,0.3673155745769211,0.7119999680911946,1.053034565978162,1.5908307950936726,0.0517206712001038,0.0152411512568264,0.0981153740724388
18,30→15,FDE,Seq2Seq,17.35,68.2,2023,2023-07-08_17-03_ZJUNlict-vs-TIGERs_Mannheim.log,ZJUNlict vs TIGERs_Mannheim,0 Conhecidos,5.32,37.98,74.62,47.05,0.2823135057995159,0.2822438330611732,0.127751380410524,0.1740004677202303,4.929365997663473,0.0305694452285454,2023_ZJUNlict_vs_TIGERs_Mannheim,proc_set_18.pkl,2023,A,10.3333,124,12,2122.93,60,11.169328132579002,8.746835877959635,26.382359439971815,41.96756349521938,56.45948065780758,0.373449215697934,0.3673155745769211,0.7119999680911946,1.053034565978162,1.5908307950936726,0.0517206712001038,0.0152411512568264,0.0981153740724388
18,30→15,FDE,MLP,35.79,68.2,2023,2023-07-08_17-03_ZJUNlict-vs-TIGERs_Mannheim.log,ZJUNlict vs TIGERs_Mannheim,0 Conhecidos,5.32,37.98,74.62,47.05,0.2823135057995159,0.2822438330611732,0.127751380410524,0.1740004677202303,4.929365997663473,0.0305694452285454,2023_ZJUNlict_vs_TIGERs_Mannheim,proc_set_18.pkl,2023,A,10.3333,124,12,2122.93,60,11.169328132579002,8.746835877959635,26.382359439971815,41.96756349521938,56.45948065780758,0.373449215697934,0.3673155745769211,0.7119999680911946,1.053034565978162,1.5908307950936726,0.0517206712001038,0.0152411512568264,0.0981153740724388
18,30→15,FDE,Kalman,54.56,68.2,2023,2023-07-08_17-03_ZJUNlict-vs-TIGERs_Mannheim.log,ZJUNlict vs TIGERs_Mannheim,0 Conhecidos,5.32,37.98,74.62,47.05,0.2823135057995159,0.2822438330611732,0.127751380410524,0.1740004677202303,4.929365997663473,0.0305694452285454,2023_ZJUNlict_vs_TIGERs_Mannheim,proc_set_18.pkl,2023,A,10.3333,124,12,2122.93,60,11.169328132579002,8.746835877959635,26.382359439971815,41.96756349521938,56.45948065780758,0.373449215697934,0.3673155745769211,0.7119999680911946,1.053034565978162,1.5908307950936726,0.0517206712001038,0.0152411512568264,0.0981153740724388
18,30→15,MAE,Seq2Seq,3.38,74.62,2023,2023-07-08_17-03_ZJUNlict-vs-TIGERs_Mannheim.log,ZJUNlict vs TIGERs_Mannheim,0 Conhecidos,5.32,37.98,74.62,47.05,0.2823135057995159,0.2822438330611732,0.127751380410524,0.1740004677202303,4.929365997663473,0.0305694452285454,2023_ZJUNlict_vs_TIGERs_Mannheim,proc_set_18.pkl,2023,A,10.3333,124,12,2122.93,60,11.169328132579002,8.746835877959635,26.382359439971815,41.96756349521938,56.45948065780758,0.373449215697934,0.3673155745769211,0.7119999680911946,1.053034565978162,1.5908307950936726,0.0517206712001038,0.0152411512568264,0.0981153740724388
18,30→15,MAE,MLP,8.58,74.62,2023,2023-07-08_17-03_ZJUNlict-vs-TIGERs_Mannheim.log,ZJUNlict vs TIGERs_Mannheim,0 Conhecidos,5.32,37.98,74.62,47.05,0.2823135057995159,0.2822438330611732,0.127751380410524,0.1740004677202303,4.929365997663473,0.0305694452285454,2023_ZJUNlict_vs_TIGERs_Mannheim,proc_set_18.pkl,2023,A,10.3333,124,12,2122.93,60,11.169328132579002,8.746835877959635,26.382359439971815,41.96756349521938,56.45948065780758,0.373449215697934,0.3673155745769211,0.7119999680911946,1.053034565978162,1.5908307950936726,0.0517206712001038,0.0152411512568264,0.0981153740724388
18,30→15,MAE,Kalman,13.3,74.62,2023,2023-07-08_17-03_ZJUNlict-vs-TIGERs_Mannheim.log,ZJUNlict vs TIGERs_Mannheim,0 Conhecidos,5.32,37.98,74.62,47.05,0.2823135057995159,0.2822438330611732,0.127751380410524,0.1740004677202303,4.929365997663473,0.0305694452285454,2023_ZJUNlict_vs_TIGERs_Mannheim,proc_set_18.pkl,2023,A,10.3333,124,12,2122.93,60,11.169328132579002,8.746835877959635,26.382359439971815,41.96756349521938,56.45948065780758,0.373449215697934,0.3673155745769211,0.7119999680911946,1.053034565978162,1.5908307950936726,0.0517206712001038,0.0152411512568264,0.0981153740724388
18,60→30,ADE,Seq2Seq,37.98,47.05,2023,2023-07-08_17-03_ZJUNlict-vs-TIGERs_Mannheim.log,ZJUNlict vs TIGERs_Mannheim,0 Conhecidos,5.32,37.98,74.62,47.05,0.2823135057995159,0.2822438330611732,0.127751380410524,0.1740004677202303,4.929365997663473,0.0305694452285454,2023_ZJUNlict_vs_TIGERs_Mannheim,proc_set_18.pkl,2023,A,10.3333,124,12,2122.93,60,11.169328132579002,8.746835877959635,26.382359439971815,41.96756349521938,56.45948065780758,0.373449215697934,0.3673155745769211,0.7119999680911946,1.053034565978162,1.5908307950936726,0.0517206712001038,0.0152411512568264,0.0981153740724388
18,60→30,ADE,MLP,72.05,47.05,2023,2023-07-08_17-03_ZJUNlict-vs-TIGERs_Mannheim.log,ZJUNlict vs TIGERs_Mannheim,0 Conhecidos,5.32,37.98,74.62,47.05,0.2823135057995159,0.2822438330611732,0.127751380410524,0.1740004677202303,4.929365997663473,0.0305694452285454,2023_ZJUNlict_vs_TIGERs_Mannheim,proc_set_18.pkl,2023,A,10.3333,124,12,2122.93,60,11.169328132579002,8.746835877959635,26.382359439971815,41.96756349521938,56.45948065780758,0.373449215697934,0.3673155745769211,0.7119999680911946,1.053034565978162,1.5908307950936726,0.0517206712001038,0.0152411512568264,0.0981153740724388
18,60→30,ADE,Kalman,71.73,47.05,2023,2023-07-08_17-03_ZJUNlict-vs-TIGERs_Mannheim.log,ZJUNlict vs TIGERs_Mannheim,0 Conhecidos,5.32,37.98,74.62,47.05,0.2823135057995159,0.2822438330611732,0.127751380410524,0.1740004677202303,4.929365997663473,0.0305694452285454,2023_ZJUNlict_vs_TIGERs_Mannheim,proc_set_18.pkl,2023,A,10.3333,124,12,2122.93,60,11.169328132579002,8.746835877959635,26.382359439971815,41.96756349521938,56.45948065780758,0.373449215697934,0.3673155745769211,0.7119999680911946,1.053034565978162,1.5908307950936726,0.0517206712001038,0.0152411512568264,0.0981153740724388
18,60→30,FDE,Seq2Seq,122.11,35.94,2023,2023-07-08_17-03_ZJUNlict-vs-TIGERs_Mannheim.log,ZJUNlict vs TIGERs_Mannheim,0 Conhecidos,5.32,37.98,74.62,47.05,0.2823135057995159,0.2822438330611732,0.127751380410524,0.1740004677202303,4.929365997663473,0.0305694452285454,2023_ZJUNlict_vs_TIGERs_Mannheim,proc_set_18.pkl,2023,A,10.3333,124,12,2122.93,60,11.169328132579002,8.746835877959635,26.382359439971815,41.96756349521938,56.45948065780758,0.373449215697934,0.3673155745769211,0.7119999680911946,1.053034565978162,1.5908307950936726,0.0517206712001038,0.0152411512568264,0.0981153740724388
18,60→30,FDE,MLP,198.58,35.94,2023,2023-07-08_17-03_ZJUNlict-vs-TIGERs_Mannheim.log,ZJUNlict vs TIGERs_Mannheim,0 Conhecidos,5.32,37.98,74.62,47.05,0.2823135057995159,0.2822438330611732,0.127751380410524,0.1740004677202303,4.929365997663473,0.0305694452285454,2023_ZJUNlict_vs_TIGERs_Mannheim,proc_set_18.pkl,2023,A,10.3333,124,12,2122.93,60,11.169328132579002,8.746835877959635,26.382359439971815,41.96756349521938,56.45948065780758,0.373449215697934,0.3673155745769211,0.7119999680911946,1.053034565978162,1.5908307950936726,0.0517206712001038,0.0152411512568264,0.0981153740724388
18,60→30,FDE,Kalman,190.54,35.94,2023,2023-07-08_17-03_ZJUNlict-vs-TIGERs_Mannheim.log,ZJUNlict vs TIGERs_Mannheim,0 Conhecidos,5.32,37.98,74.62,47.05,0.2823135057995159,0.2822438330611732,0.127751380410524,0.1740004677202303,4.929365997663473,0.0305694452285454,2023_ZJUNlict_vs_TIGERs_Mannheim,proc_set_18.pkl,2023,A,10.3333,124,12,2122.93,60,11.169328132579002,8.746835877959635,26.382359439971815,41.96756349521938,56.45948065780758,0.373449215697934,0.3673155745769211,0.7119999680911946,1.053034565978162,1.5908307950936726,0.0517206712001038,0.0152411512568264,0.0981153740724388
18,60→30,MAE,Seq2Seq,24.11,46.98,2023,2023-07-08_17-03_ZJUNlict-vs-TIGERs_Mannheim.log,ZJUNlict vs TIGERs_Mannheim,0 Conhecidos,5.32,37.98,74.62,47.05,0.2823135057995159,0.2822438330611732,0.127751380410524,0.1740004677202303,4.929365997663473,0.0305694452285454,2023_ZJUNlict_vs_TIGERs_Mannheim,proc_set_18.pkl,2023,A,10.3333,124,12,2122.93,60,11.169328132579002,8.746835877959635,26.382359439971815,41.96756349521938,56.45948065780758,0.373449215697934,0.3673155745769211,0.7119999680911946,1.053034565978162,1.5908307950936726,0.0517206712001038,0.0152411512568264,0.0981153740724388
18,60→30,MAE,MLP,45.72,46.98,2023,2023-07-08_17-03_ZJUNlict-vs-TIGERs_Mannheim.log,ZJUNlict vs TIGERs_Mannheim,0 Conhecidos,5.32,37.98,74.62,47.05,0.2823135057995159,0.2822438330611732,0.127751380410524,0.1740004677202303,4.929365997663473,0.0305694452285454,2023_ZJUNlict_vs_TIGERs_Mannheim,proc_set_18.pkl,2023,A,10.3333,124,12,2122.93,60,11.169328132579002,8.746835877959635,26.382359439971815,41.96756349521938,56.45948065780758,0.373449215697934,0.3673155745769211,0.7119999680911946,1.053034565978162,1.5908307950936726,0.0517206712001038,0.0152411512568264,0.0981153740724388
18,60→30,MAE,Kalman,45.47,46.98,2023,2023-07-08_17-03_ZJUNlict-vs-TIGERs_Mannheim.log,ZJUNlict vs TIGERs_Mannheim,0 Conhecidos,5.32,37.98,74.62,47.05,0.2823135057995159,0.2822438330611732,0.127751380410524,0.1740004677202303,4.929365997663473,0.0305694452285454,2023_ZJUNlict_vs_TIGERs_Mannheim,proc_set_18.pkl,2023,A,10.3333,124,12,2122.93,60,11.169328132579002,8.746835877959635,26.382359439971815,41.96756349521938,56.45948065780758,0.373449215697934,0.3673155745769211,0.7119999680911946,1.053034565978162,1.5908307950936726,0.0517206712001038,0.0152411512568264,0.0981153740724388
19,30→15,ADE,Seq2Seq,5.02,75.32,2023,2023-07-08_18-31_Immortals-vs-KIKS.log,Immortals vs KIKS,0 Conhecidos,5.02,35.42,75.32,50.0,0.1000589432551818,0.1250440468822108,0.0560889857288481,0.0753641755622315,2.619290732230981,0.0141461761062357,2023_Immortals_vs_KIKS,proc_set_19.pkl,2023,A,8.25,198,24,2455.8,60,8.690227361738469,4.409913334373044,24.434156640496223,34.81963416321923,42.08772039692172,0.2770787713476288,0.1788937541204471,0.7156916660548801,1.1155011569166908,5.538267684556555,0.068148866519511,0.0203960430416123,0.1452808638213363
19,30→15,ADE,MLP,12.62,75.32,2023,2023-07-08_18-31_Immortals-vs-KIKS.log,Immortals vs KIKS,0 Conhecidos,5.02,35.42,75.32,50.0,0.1000589432551818,0.1250440468822108,0.0560889857288481,0.0753641755622315,2.619290732230981,0.0141461761062357,2023_Immortals_vs_KIKS,proc_set_19.pkl,2023,A,8.25,198,24,2455.8,60,8.690227361738469,4.409913334373044,24.434156640496223,34.81963416321923,42.08772039692172,0.2770787713476288,0.1788937541204471,0.7156916660548801,1.1155011569166908,5.538267684556555,0.068148866519511,0.0203960430416123,0.1452808638213363
19,30→15,ADE,Kalman,20.32,75.32,2023,2023-07-08_18-31_Immortals-vs-KIKS.log,Immortals vs KIKS,0 Conhecidos,5.02,35.42,75.32,50.0,0.1000589432551818,0.1250440468822108,0.0560889857288481,0.0753641755622315,2.619290732230981,0.0141461761062357,2023_Immortals_vs_KIKS,proc_set_19.pkl,2023,A,8.25,198,24,2455.8,60,8.690227361738469,4.409913334373044,24.434156640496223,34.81963416321923,42.08772039692172,0.2770787713476288,0.1788937541204471,0.7156916660548801,1.1155011569166908,5.538267684556555,0.068148866519511,0.0203960430416123,0.1452808638213363
19,30→15,FDE,Seq2Seq,16.28,69.23,2023,2023-07-08_18-31_Immortals-vs-KIKS.log,Immortals vs KIKS,0 Conhecidos,5.02,35.42,75.32,50.0,0.1000589432551818,0.1250440468822108,0.0560889857288481,0.0753641755622315,2.619290732230981,0.0141461761062357,2023_Immortals_vs_KIKS,proc_set_19.pkl,2023,A,8.25,198,24,2455.8,60,8.690227361738469,4.409913334373044,24.434156640496223,34.81963416321923,42.08772039692172,0.2770787713476288,0.1788937541204471,0.7156916660548801,1.1155011569166908,5.538267684556555,0.068148866519511,0.0203960430416123,0.1452808638213363
19,30→15,FDE,MLP,33.18,69.23,2023,2023-07-08_18-31_Immortals-vs-KIKS.log,Immortals vs KIKS,0 Conhecidos,5.02,35.42,75.32,50.0,0.1000589432551818,0.1250440468822108,0.0560889857288481,0.0753641755622315,2.619290732230981,0.0141461761062357,2023_Immortals_vs_KIKS,proc_set_19.pkl,2023,A,8.25,198,24,2455.8,60,8.690227361738469,4.409913334373044,24.434156640496223,34.81963416321923,42.08772039692172,0.2770787713476288,0.1788937541204471,0.7156916660548801,1.1155011569166908,5.538267684556555,0.068148866519511,0.0203960430416123,0.1452808638213363
19,30→15,FDE,Kalman,52.91,69.23,2023,2023-07-08_18-31_Immortals-vs-KIKS.log,Immortals vs KIKS,0 Conhecidos,5.02,35.42,75.32,50.0,0.1000589432551818,0.1250440468822108,0.0560889857288481,0.0753641755622315,2.619290732230981,0.0141461761062357,2023_Immortals_vs_KIKS,proc_set_19.pkl,2023,A,8.25,198,24,2455.8,60,8.690227361738469,4.409913334373044,24.434156640496223,34.81963416321923,42.08772039692172,0.2770787713476288,0.1788937541204471,0.7156916660548801,1.1155011569166908,5.538267684556555,0.068148866519511,0.0203960430416123,0.1452808638213363
19,30→15,MAE,Seq2Seq,3.19,75.26,2023,2023-07-08_18-31_Immortals-vs-KIKS.log,Immortals vs KIKS,0 Conhecidos,5.02,35.42,75.32,50.0,0.1000589432551818,0.1250440468822108,0.0560889857288481,0.0753641755622315,2.619290732230981,0.0141461761062357,2023_Immortals_vs_KIKS,proc_set_19.pkl,2023,A,8.25,198,24,2455.8,60,8.690227361738469,4.409913334373044,24.434156640496223,34.81963416321923,42.08772039692172,0.2770787713476288,0.1788937541204471,0.7156916660548801,1.1155011569166908,5.538267684556555,0.068148866519511,0.0203960430416123,0.1452808638213363
19,30→15,MAE,MLP,8.03,75.26,2023,2023-07-08_18-31_Immortals-vs-KIKS.log,Immortals vs KIKS,0 Conhecidos,5.02,35.42,75.32,50.0,0.1000589432551818,0.1250440468822108,0.0560889857288481,0.0753641755622315,2.619290732230981,0.0141461761062357,2023_Immortals_vs_KIKS,proc_set_19.pkl,2023,A,8.25,198,24,2455.8,60,8.690227361738469,4.409913334373044,24.434156640496223,34.81963416321923,42.08772039692172,0.2770787713476288,0.1788937541204471,0.7156916660548801,1.1155011569166908,5.538267684556555,0.068148866519511,0.0203960430416123,0.1452808638213363
19,30→15,MAE,Kalman,12.9,75.26,2023,2023-07-08_18-31_Immortals-vs-KIKS.log,Immortals vs KIKS,0 Conhecidos,5.02,35.42,75.32,50.0,0.1000589432551818,0.1250440468822108,0.0560889857288481,0.0753641755622315,2.619290732230981,0.0141461761062357,2023_Immortals_vs_KIKS,proc_set_19.pkl,2023,A,8.25,198,24,2455.8,60,8.690227361738469,4.409913334373044,24.434156640496223,34.81963416321923,42.08772039692172,0.2770787713476288,0.1788937541204471,0.7156916660548801,1.1155011569166908,5.538267684556555,0.068148866519511,0.0203960430416123,0.1452808638213363
19,60→30,ADE,Seq2Seq,35.42,50.0,2023,2023-07-08_18-31_Immortals-vs-KIKS.log,Immortals vs KIKS,0 Conhecidos,5.02,35.42,75.32,50.0,0.1000589432551818,0.1250440468822108,0.0560889857288481,0.0753641755622315,2.619290732230981,0.0141461761062357,2023_Immortals_vs_KIKS,proc_set_19.pkl,2023,A,8.25,198,24,2455.8,60,8.690227361738469,4.409913334373044,24.434156640496223,34.81963416321923,42.08772039692172,0.2770787713476288,0.1788937541204471,0.7156916660548801,1.1155011569166908,5.538267684556555,0.068148866519511,0.0203960430416123,0.1452808638213363
19,60→30,ADE,MLP,66.78,50.0,2023,2023-07-08_18-31_Immortals-vs-KIKS.log,Immortals vs KIKS,0 Conhecidos,5.02,35.42,75.32,50.0,0.1000589432551818,0.1250440468822108,0.0560889857288481,0.0753641755622315,2.619290732230981,0.0141461761062357,2023_Immortals_vs_KIKS,proc_set_19.pkl,2023,A,8.25,198,24,2455.8,60,8.690227361738469,4.409913334373044,24.434156640496223,34.81963416321923,42.08772039692172,0.2770787713476288,0.1788937541204471,0.7156916660548801,1.1155011569166908,5.538267684556555,0.068148866519511,0.0203960430416123,0.1452808638213363
19,60→30,ADE,Kalman,70.85,50.0,2023,2023-07-08_18-31_Immortals-vs-KIKS.log,Immortals vs KIKS,0 Conhecidos,5.02,35.42,75.32,50.0,0.1000589432551818,0.1250440468822108,0.0560889857288481,0.0753641755622315,2.619290732230981,0.0141461761062357,2023_Immortals_vs_KIKS,proc_set_19.pkl,2023,A,8.25,198,24,2455.8,60,8.690227361738469,4.409913334373044,24.434156640496223,34.81963416321923,42.08772039692172,0.2770787713476288,0.1788937541204471,0.7156916660548801,1.1155011569166908,5.538267684556555,0.068148866519511,0.0203960430416123,0.1452808638213363
19,60→30,FDE,Seq2Seq,113.93,40.17,2023,2023-07-08_18-31_Immortals-vs-KIKS.log,Immortals vs KIKS,0 Conhecidos,5.02,35.42,75.32,50.0,0.1000589432551818,0.1250440468822108,0.0560889857288481,0.0753641755622315,2.619290732230981,0.0141461761062357,2023_Immortals_vs_KIKS,proc_set_19.pkl,2023,A,8.25,198,24,2455.8,60,8.690227361738469,4.409913334373044,24.434156640496223,34.81963416321923,42.08772039692172,0.2770787713476288,0.1788937541204471,0.7156916660548801,1.1155011569166908,5.538267684556555,0.068148866519511,0.0203960430416123,0.1452808638213363
19,60→30,FDE,MLP,183.79,40.17,2023,2023-07-08_18-31_Immortals-vs-KIKS.log,Immortals vs KIKS,0 Conhecidos,5.02,35.42,75.32,50.0,0.1000589432551818,0.1250440468822108,0.0560889857288481,0.0753641755622315,2.619290732230981,0.0141461761062357,2023_Immortals_vs_KIKS,proc_set_19.pkl,2023,A,8.25,198,24,2455.8,60,8.690227361738469,4.409913334373044,24.434156640496223,34.81963416321923,42.08772039692172,0.2770787713476288,0.1788937541204471,0.7156916660548801,1.1155011569166908,5.538267684556555,0.068148866519511,0.0203960430416123,0.1452808638213363
19,60→30,FDE,Kalman,190.44,40.17,2023,2023-07-08_18-31_Immortals-vs-KIKS.log,Immortals vs KIKS,0 Conhecidos,5.02,35.42,75.32,50.0,0.1000589432551818,0.1250440468822108,0.0560889857288481,0.0753641755622315,2.619290732230981,0.0141461761062357,2023_Immortals_vs_KIKS,proc_set_19.pkl,2023,A,8.25,198,24,2455.8,60,8.690227361738469,4.409913334373044,24.434156640496223,34.81963416321923,42.08772039692172,0.2770787713476288,0.1788937541204471,0.7156916660548801,1.1155011569166908,5.538267684556555,0.068148866519511,0.0203960430416123,0.1452808638213363
19,60→30,MAE,Seq2Seq,22.59,49.84,2023,2023-07-08_18-31_Immortals-vs-KIKS.log,Immortals vs KIKS,0 Conhecidos,5.02,35.42,75.32,50.0,0.1000589432551818,0.1250440468822108,0.0560889857288481,0.0753641755622315,2.619290732230981,0.0141461761062357,2023_Immortals_vs_KIKS,proc_set_19.pkl,2023,A,8.25,198,24,2455.8,60,8.690227361738469,4.409913334373044,24.434156640496223,34.81963416321923,42.08772039692172,0.2770787713476288,0.1788937541204471,0.7156916660548801,1.1155011569166908,5.538267684556555,0.068148866519511,0.0203960430416123,0.1452808638213363
19,60→30,MAE,MLP,42.4,49.84,2023,2023-07-08_18-31_Immortals-vs-KIKS.log,Immortals vs KIKS,0 Conhecidos,5.02,35.42,75.32,50.0,0.1000589432551818,0.1250440468822108,0.0560889857288481,0.0753641755622315,2.619290732230981,0.0141461761062357,2023_Immortals_vs_KIKS,proc_set_19.pkl,2023,A,8.25,198,24,2455.8,60,8.690227361738469,4.409913334373044,24.434156640496223,34.81963416321923,42.08772039692172,0.2770787713476288,0.1788937541204471,0.7156916660548801,1.1155011569166908,5.538267684556555,0.068148866519511,0.0203960430416123,0.1452808638213363
19,60→30,MAE,Kalman,45.05,49.84,2023,2023-07-08_18-31_Immortals-vs-KIKS.log,Immortals vs KIKS,0 Conhecidos,5.02,35.42,75.32,50.0,0.1000589432551818,0.1250440468822108,0.0560889857288481,0.0753641755622315,2.619290732230981,0.0141461761062357,2023_Immortals_vs_KIKS,proc_set_19.pkl,2023,A,8.25,198,24,2455.8,60,8.690227361738469,4.409913334373044,24.434156640496223,34.81963416321923,42.08772039692172,0.2770787713476288,0.1788937541204471,0.7156916660548801,1.1155011569166908,5.538267684556555,0.068148866519511,0.0203960430416123,0.1452808638213363
20,30→15,ADE,Seq2Seq,4.85,76.02,2023,2023-07-09_13-02_TIGERs_Mannheim-vs-ZJUNlict.log,TIGERs_Mannheim vs ZJUNlict,0 Conhecidos,4.85,34.83,76.02,49.88,0.152117017602836,0.1497413106055986,0.0863192094004033,0.0886916601030729,2.416016743693402,0.0154418221667713,2023_TIGERs_Mannheim_vs_ZJUNlict,proc_set_20.pkl,2023,A,6.0,144,24,1093.13,60,8.643577776771528,5.3798856929805465,22.94940218573961,37.57012109361364,46.54791345552144,0.2874118266961195,0.2461202921566689,0.649882954445957,0.9427130622422698,1.437417921094316,0.0672056094792524,0.0165563803317378,0.1341436782713424
20,30→15,ADE,MLP,11.96,76.02,2023,2023-07-09_13-02_TIGERs_Mannheim-vs-ZJUNlict.log,TIGERs_Mannheim vs ZJUNlict,0 Conhecidos,4.85,34.83,76.02,49.88,0.152117017602836,0.1497413106055986,0.0863192094004033,0.0886916601030729,2.416016743693402,0.0154418221667713,2023_TIGERs_Mannheim_vs_ZJUNlict,proc_set_20.pkl,2023,A,6.0,144,24,1093.13,60,8.643577776771528,5.3798856929805465,22.94940218573961,37.57012109361364,46.54791345552144,0.2874118266961195,0.2461202921566689,0.649882954445957,0.9427130622422698,1.437417921094316,0.0672056094792524,0.0165563803317378,0.1341436782713424
20,30→15,ADE,Kalman,20.21,76.02,2023,2023-07-09_13-02_TIGERs_Mannheim-vs-ZJUNlict.log,TIGERs_Mannheim vs ZJUNlict,0 Conhecidos,4.85,34.83,76.02,49.88,0.152117017602836,0.1497413106055986,0.0863192094004033,0.0886916601030729,2.416016743693402,0.0154418221667713,2023_TIGERs_Mannheim_vs_ZJUNlict,proc_set_20.pkl,2023,A,6.0,144,24,1093.13,60,8.643577776771528,5.3798856929805465,22.94940218573961,37.57012109361364,46.54791345552144,0.2874118266961195,0.2461202921566689,0.649882954445957,0.9427130622422698,1.437417921094316,0.0672056094792524,0.0165563803317378,0.1341436782713424
20,30→15,FDE,Seq2Seq,15.79,70.02,2023,2023-07-09_13-02_TIGERs_Mannheim-vs-ZJUNlict.log,TIGERs_Mannheim vs ZJUNlict,0 Conhecidos,4.85,34.83,76.02,49.88,0.152117017602836,0.1497413106055986,0.0863192094004033,0.0886916601030729,2.416016743693402,0.0154418221667713,2023_TIGERs_Mannheim_vs_ZJUNlict,proc_set_20.pkl,2023,A,6.0,144,24,1093.13,60,8.643577776771528,5.3798856929805465,22.94940218573961,37.57012109361364,46.54791345552144,0.2874118266961195,0.2461202921566689,0.649882954445957,0.9427130622422698,1.437417921094316,0.0672056094792524,0.0165563803317378,0.1341436782713424
20,30→15,FDE,MLP,31.67,70.02,2023,2023-07-09_13-02_TIGERs_Mannheim-vs-ZJUNlict.log,TIGERs_Mannheim vs ZJUNlict,0 Conhecidos,4.85,34.83,76.02,49.88,0.152117017602836,0.1497413106055986,0.0863192094004033,0.0886916601030729,2.416016743693402,0.0154418221667713,2023_TIGERs_Mannheim_vs_ZJUNlict,proc_set_20.pkl,2023,A,6.0,144,24,1093.13,60,8.643577776771528,5.3798856929805465,22.94940218573961,37.57012109361364,46.54791345552144,0.2874118266961195,0.2461202921566689,0.649882954445957,0.9427130622422698,1.437417921094316,0.0672056094792524,0.0165563803317378,0.1341436782713424
20,30→15,FDE,Kalman,52.68,70.02,2023,2023-07-09_13-02_TIGERs_Mannheim-vs-ZJUNlict.log,TIGERs_Mannheim vs ZJUNlict,0 Conhecidos,4.85,34.83,76.02,49.88,0.152117017602836,0.1497413106055986,0.0863192094004033,0.0886916601030729,2.416016743693402,0.0154418221667713,2023_TIGERs_Mannheim_vs_ZJUNlict,proc_set_20.pkl,2023,A,6.0,144,24,1093.13,60,8.643577776771528,5.3798856929805465,22.94940218573961,37.57012109361364,46.54791345552144,0.2874118266961195,0.2461202921566689,0.649882954445957,0.9427130622422698,1.437417921094316,0.0672056094792524,0.0165563803317378,0.1341436782713424
20,30→15,MAE,Seq2Seq,3.07,75.93,2023,2023-07-09_13-02_TIGERs_Mannheim-vs-ZJUNlict.log,TIGERs_Mannheim vs ZJUNlict,0 Conhecidos,4.85,34.83,76.02,49.88,0.152117017602836,0.1497413106055986,0.0863192094004033,0.0886916601030729,2.416016743693402,0.0154418221667713,2023_TIGERs_Mannheim_vs_ZJUNlict,proc_set_20.pkl,2023,A,6.0,144,24,1093.13,60,8.643577776771528,5.3798856929805465,22.94940218573961,37.57012109361364,46.54791345552144,0.2874118266961195,0.2461202921566689,0.649882954445957,0.9427130622422698,1.437417921094316,0.0672056094792524,0.0165563803317378,0.1341436782713424
20,30→15,MAE,MLP,7.56,75.93,2023,2023-07-09_13-02_TIGERs_Mannheim-vs-ZJUNlict.log,TIGERs_Mannheim vs ZJUNlict,0 Conhecidos,4.85,34.83,76.02,49.88,0.152117017602836,0.1497413106055986,0.0863192094004033,0.0886916601030729,2.416016743693402,0.0154418221667713,2023_TIGERs_Mannheim_vs_ZJUNlict,proc_set_20.pkl,2023,A,6.0,144,24,1093.13,60,8.643577776771528,5.3798856929805465,22.94940218573961,37.57012109361364,46.54791345552144,0.2874118266961195,0.2461202921566689,0.649882954445957,0.9427130622422698,1.437417921094316,0.0672056094792524,0.0165563803317378,0.1341436782713424
20,30→15,MAE,Kalman,12.73,75.93,2023,2023-07-09_13-02_TIGERs_Mannheim-vs-ZJUNlict.log,TIGERs_Mannheim vs ZJUNlict,0 Conhecidos,4.85,34.83,76.02,49.88,0.152117017602836,0.1497413106055986,0.0863192094004033,0.0886916601030729,2.416016743693402,0.0154418221667713,2023_TIGERs_Mannheim_vs_ZJUNlict,proc_set_20.pkl,2023,A,6.0,144,24,1093.13,60,8.643577776771528,5.3798856929805465,22.94940218573961,37.57012109361364,46.54791345552144,0.2874118266961195,0.2461202921566689,0.649882954445957,0.9427130622422698,1.437417921094316,0.0672056094792524,0.0165563803317378,0.1341436782713424
20,60→30,ADE,Seq2Seq,34.83,49.88,2023,2023-07-09_13-02_TIGERs_Mannheim-vs-ZJUNlict.log,TIGERs_Mannheim vs ZJUNlict,0 Conhecidos,4.85,34.83,76.02,49.88,0.152117017602836,0.1497413106055986,0.0863192094004033,0.0886916601030729,2.416016743693402,0.0154418221667713,2023_TIGERs_Mannheim_vs_ZJUNlict,proc_set_20.pkl,2023,A,6.0,144,24,1093.13,60,8.643577776771528,5.3798856929805465,22.94940218573961,37.57012109361364,46.54791345552144,0.2874118266961195,0.2461202921566689,0.649882954445957,0.9427130622422698,1.437417921094316,0.0672056094792524,0.0165563803317378,0.1341436782713424
20,60→30,ADE,MLP,62.55,49.88,2023,2023-07-09_13-02_TIGERs_Mannheim-vs-ZJUNlict.log,TIGERs_Mannheim vs ZJUNlict,0 Conhecidos,4.85,34.83,76.02,49.88,0.152117017602836,0.1497413106055986,0.0863192094004033,0.0886916601030729,2.416016743693402,0.0154418221667713,2023_TIGERs_Mannheim_vs_ZJUNlict,proc_set_20.pkl,2023,A,6.0,144,24,1093.13,60,8.643577776771528,5.3798856929805465,22.94940218573961,37.57012109361364,46.54791345552144,0.2874118266961195,0.2461202921566689,0.649882954445957,0.9427130622422698,1.437417921094316,0.0672056094792524,0.0165563803317378,0.1341436782713424
20,60→30,ADE,Kalman,69.47,49.88,2023,2023-07-09_13-02_TIGERs_Mannheim-vs-ZJUNlict.log,TIGERs_Mannheim vs ZJUNlict,0 Conhecidos,4.85,34.83,76.02,49.88,0.152117017602836,0.1497413106055986,0.0863192094004033,0.0886916601030729,2.416016743693402,0.0154418221667713,2023_TIGERs_Mannheim_vs_ZJUNlict,proc_set_20.pkl,2023,A,6.0,144,24,1093.13,60,8.643577776771528,5.3798856929805465,22.94940218573961,37.57012109361364,46.54791345552144,0.2874118266961195,0.2461202921566689,0.649882954445957,0.9427130622422698,1.437417921094316,0.0672056094792524,0.0165563803317378,0.1341436782713424
20,60→30,FDE,Seq2Seq,111.91,39.95,2023,2023-07-09_13-02_TIGERs_Mannheim-vs-ZJUNlict.log,TIGERs_Mannheim vs ZJUNlict,0 Conhecidos,4.85,34.83,76.02,49.88,0.152117017602836,0.1497413106055986,0.0863192094004033,0.0886916601030729,2.416016743693402,0.0154418221667713,2023_TIGERs_Mannheim_vs_ZJUNlict,proc_set_20.pkl,2023,A,6.0,144,24,1093.13,60,8.643577776771528,5.3798856929805465,22.94940218573961,37.57012109361364,46.54791345552144,0.2874118266961195,0.2461202921566689,0.649882954445957,0.9427130622422698,1.437417921094316,0.0672056094792524,0.0165563803317378,0.1341436782713424
20,60→30,FDE,MLP,174.25,39.95,2023,2023-07-09_13-02_TIGERs_Mannheim-vs-ZJUNlict.log,TIGERs_Mannheim vs ZJUNlict,0 Conhecidos,4.85,34.83,76.02,49.88,0.152117017602836,0.1497413106055986,0.0863192094004033,0.0886916601030729,2.416016743693402,0.0154418221667713,2023_TIGERs_Mannheim_vs_ZJUNlict,proc_set_20.pkl,2023,A,6.0,144,24,1093.13,60,8.643577776771528,5.3798856929805465,22.94940218573961,37.57012109361364,46.54791345552144,0.2874118266961195,0.2461202921566689,0.649882954445957,0.9427130622422698,1.437417921094316,0.0672056094792524,0.0165563803317378,0.1341436782713424
20,60→30,FDE,Kalman,186.32,39.95,2023,2023-07-09_13-02_TIGERs_Mannheim-vs-ZJUNlict.log,TIGERs_Mannheim vs ZJUNlict,0 Conhecidos,4.85,34.83,76.02,49.88,0.152117017602836,0.1497413106055986,0.0863192094004033,0.0886916601030729,2.416016743693402,0.0154418221667713,2023_TIGERs_Mannheim_vs_ZJUNlict,proc_set_20.pkl,2023,A,6.0,144,24,1093.13,60,8.643577776771528,5.3798856929805465,22.94940218573961,37.57012109361364,46.54791345552144,0.2874118266961195,0.2461202921566689,0.649882954445957,0.9427130622422698,1.437417921094316,0.0672056094792524,0.0165563803317378,0.1341436782713424
20,60→30,MAE,Seq2Seq,22.03,49.64,2023,2023-07-09_13-02_TIGERs_Mannheim-vs-ZJUNlict.log,TIGERs_Mannheim vs ZJUNlict,0 Conhecidos,4.85,34.83,76.02,49.88,0.152117017602836,0.1497413106055986,0.0863192094004033,0.0886916601030729,2.416016743693402,0.0154418221667713,2023_TIGERs_Mannheim_vs_ZJUNlict,proc_set_20.pkl,2023,A,6.0,144,24,1093.13,60,8.643577776771528,5.3798856929805465,22.94940218573961,37.57012109361364,46.54791345552144,0.2874118266961195,0.2461202921566689,0.649882954445957,0.9427130622422698,1.437417921094316,0.0672056094792524,0.0165563803317378,0.1341436782713424
20,60→30,MAE,MLP,39.85,49.64,2023,2023-07-09_13-02_TIGERs_Mannheim-vs-ZJUNlict.log,TIGERs_Mannheim vs ZJUNlict,0 Conhecidos,4.85,34.83,76.02,49.88,0.152117017602836,0.1497413106055986,0.0863192094004033,0.0886916601030729,2.416016743693402,0.0154418221667713,2023_TIGERs_Mannheim_vs_ZJUNlict,proc_set_20.pkl,2023,A,6.0,144,24,1093.13,60,8.643577776771528,5.3798856929805465,22.94940218573961,37.57012109361364,46.54791345552144,0.2874118266961195,0.2461202921566689,0.649882954445957,0.9427130622422698,1.437417921094316,0.0672056094792524,0.0165563803317378,0.1341436782713424
20,60→30,MAE,Kalman,43.74,49.64,2023,2023-07-09_13-02_TIGERs_Mannheim-vs-ZJUNlict.log,TIGERs_Mannheim vs ZJUNlict,0 Conhecidos,4.85,34.83,76.02,49.88,0.152117017602836,0.1497413106055986,0.0863192094004033,0.0886916601030729,2.416016743693402,0.0154418221667713,2023_TIGERs_Mannheim_vs_ZJUNlict,proc_set_20.pkl,2023,A,6.0,144,24,1093.13,60,8.643577776771528,5.3798856929805465,22.94940218573961,37.57012109361364,46.54791345552144,0.2874118266961195,0.2461202921566689,0.649882954445957,0.9427130622422698,1.437417921094316,0.0672056094792524,0.0165563803317378,0.1341436782713424
21,30→15,ADE,Seq2Seq,4.71,78.45,2025,2025-07-19_15-05_ELIMINATION_PHASE_ER-Force-vs-RoboDragons.log,ER-Force vs RoboDragons,2 Conhecidos,4.71,33.76,78.45,55.43,0.214935,0.230595,0.082415,0.1467001697217969,4.31699855471234,0.02448419842563,2025_ERForce_vs_RoboDragons,proc_set_21.pkl,2025,A,4.625,185,40,3603.4,60,10.530007618558686,6.764436639073583,27.81560384574549,38.752435676125366,48.85287986297362,0.3475732359457988,0.2917359980227763,0.7716159885486319,1.1528856522227915,3.3533849531917035,0.057802511032034,0.0190244940022443,0.1226635228486959
21,30→15,ADE,MLP,12.66,78.45,2025,2025-07-19_15-05_ELIMINATION_PHASE_ER-Force-vs-RoboDragons.log,ER-Force vs RoboDragons,2 Conhecidos,4.71,33.76,78.45,55.43,0.214935,0.230595,0.082415,0.1467001697217969,4.31699855471234,0.02448419842563,2025_ERForce_vs_RoboDragons,proc_set_21.pkl,2025,A,4.625,185,40,3603.4,60,10.530007618558686,6.764436639073583,27.81560384574549,38.752435676125366,48.85287986297362,0.3475732359457988,0.2917359980227763,0.7716159885486319,1.1528856522227915,3.3533849531917035,0.057802511032034,0.0190244940022443,0.1226635228486959
21,30→15,ADE,Kalman,21.83,78.45,2025,2025-07-19_15-05_ELIMINATION_PHASE_ER-Force-vs-RoboDragons.log,ER-Force vs RoboDragons,2 Conhecidos,4.71,33.76,78.45,55.43,0.214935,0.230595,0.082415,0.1467001697217969,4.31699855471234,0.02448419842563,2025_ERForce_vs_RoboDragons,proc_set_21.pkl,2025,A,4.625,185,40,3603.4,60,10.530007618558686,6.764436639073583,27.81560384574549,38.752435676125366,48.85287986297362,0.3475732359457988,0.2917359980227763,0.7716159885486319,1.1528856522227915,3.3533849531917035,0.057802511032034,0.0190244940022443,0.1226635228486959
21,30→15,FDE,Seq2Seq,15.34,73.08,2025,2025-07-19_15-05_ELIMINATION_PHASE_ER-Force-vs-RoboDragons.log,ER-Force vs RoboDragons,2 Conhecidos,4.71,33.76,78.45,55.43,0.214935,0.230595,0.082415,0.1467001697217969,4.31699855471234,0.02448419842563,2025_ERForce_vs_RoboDragons,proc_set_21.pkl,2025,A,4.625,185,40,3603.4,60,10.530007618558686,6.764436639073583,27.81560384574549,38.752435676125366,48.85287986297362,0.3475732359457988,0.2917359980227763,0.7716159885486319,1.1528856522227915,3.3533849531917035,0.057802511032034,0.0190244940022443,0.1226635228486959
21,30→15,FDE,MLP,33.28,73.08,2025,2025-07-19_15-05_ELIMINATION_PHASE_ER-Force-vs-RoboDragons.log,ER-Force vs RoboDragons,2 Conhecidos,4.71,33.76,78.45,55.43,0.214935,0.230595,0.082415,0.1467001697217969,4.31699855471234,0.02448419842563,2025_ERForce_vs_RoboDragons,proc_set_21.pkl,2025,A,4.625,185,40,3603.4,60,10.530007618558686,6.764436639073583,27.81560384574549,38.752435676125366,48.85287986297362,0.3475732359457988,0.2917359980227763,0.7716159885486319,1.1528856522227915,3.3533849531917035,0.057802511032034,0.0190244940022443,0.1226635228486959
21,30→15,FDE,Kalman,57.0,73.08,2025,2025-07-19_15-05_ELIMINATION_PHASE_ER-Force-vs-RoboDragons.log,ER-Force vs RoboDragons,2 Conhecidos,4.71,33.76,78.45,55.43,0.214935,0.230595,0.082415,0.1467001697217969,4.31699855471234,0.02448419842563,2025_ERForce_vs_RoboDragons,proc_set_21.pkl,2025,A,4.625,185,40,3603.4,60,10.530007618558686,6.764436639073583,27.81560384574549,38.752435676125366,48.85287986297362,0.3475732359457988,0.2917359980227763,0.7716159885486319,1.1528856522227915,3.3533849531917035,0.057802511032034,0.0190244940022443,0.1226635228486959
21,30→15,MAE,Seq2Seq,2.98,78.32,2025,2025-07-19_15-05_ELIMINATION_PHASE_ER-Force-vs-RoboDragons.log,ER-Force vs RoboDragons,2 Conhecidos,4.71,33.76,78.45,55.43,0.214935,0.230595,0.082415,0.1467001697217969,4.31699855471234,0.02448419842563,2025_ERForce_vs_RoboDragons,proc_set_21.pkl,2025,A,4.625,185,40,3603.4,60,10.530007618558686,6.764436639073583,27.81560384574549,38.752435676125366,48.85287986297362,0.3475732359457988,0.2917359980227763,0.7716159885486319,1.1528856522227915,3.3533849531917035,0.057802511032034,0.0190244940022443,0.1226635228486959
21,30→15,MAE,MLP,8.03,78.32,2025,2025-07-19_15-05_ELIMINATION_PHASE_ER-Force-vs-RoboDragons.log,ER-Force vs RoboDragons,2 Conhecidos,4.71,33.76,78.45,55.43,0.214935,0.230595,0.082415,0.1467001697217969,4.31699855471234,0.02448419842563,2025_ERForce_vs_RoboDragons,proc_set_21.pkl,2025,A,4.625,185,40,3603.4,60,10.530007618558686,6.764436639073583,27.81560384574549,38.752435676125366,48.85287986297362,0.3475732359457988,0.2917359980227763,0.7716159885486319,1.1528856522227915,3.3533849531917035,0.057802511032034,0.0190244940022443,0.1226635228486959
21,30→15,MAE,Kalman,13.75,78.32,2025,2025-07-19_15-05_ELIMINATION_PHASE_ER-Force-vs-RoboDragons.log,ER-Force vs RoboDragons,2 Conhecidos,4.71,33.76,78.45,55.43,0.214935,0.230595,0.082415,0.1467001697217969,4.31699855471234,0.02448419842563,2025_ERForce_vs_RoboDragons,proc_set_21.pkl,2025,A,4.625,185,40,3603.4,60,10.530007618558686,6.764436639073583,27.81560384574549,38.752435676125366,48.85287986297362,0.3475732359457988,0.2917359980227763,0.7716159885486319,1.1528856522227915,3.3533849531917035,0.057802511032034,0.0190244940022443,0.1226635228486959
21,60→30,ADE,Seq2Seq,33.76,55.43,2025,2025-07-19_15-05_ELIMINATION_PHASE_ER-Force-vs-RoboDragons.log,ER-Force vs RoboDragons,2 Conhecidos,4.71,33.76,78.45,55.43,0.214935,0.230595,0.082415,0.1467001697217969,4.31699855471234,0.02448419842563,2025_ERForce_vs_RoboDragons,proc_set_21.pkl,2025,A,4.625,185,40,3603.4,60,10.530007618558686,6.764436639073583,27.81560384574549,38.752435676125366,48.85287986297362,0.3475732359457988,0.2917359980227763,0.7716159885486319,1.1528856522227915,3.3533849531917035,0.057802511032034,0.0190244940022443,0.1226635228486959
21,60→30,ADE,MLP,68.87,55.43,2025,2025-07-19_15-05_ELIMINATION_PHASE_ER-Force-vs-RoboDragons.log,ER-Force vs RoboDragons,2 Conhecidos,4.71,33.76,78.45,55.43,0.214935,0.230595,0.082415,0.1467001697217969,4.31699855471234,0.02448419842563,2025_ERForce_vs_RoboDragons,proc_set_21.pkl,2025,A,4.625,185,40,3603.4,60,10.530007618558686,6.764436639073583,27.81560384574549,38.752435676125366,48.85287986297362,0.3475732359457988,0.2917359980227763,0.7716159885486319,1.1528856522227915,3.3533849531917035,0.057802511032034,0.0190244940022443,0.1226635228486959
21,60→30,ADE,Kalman,75.73,55.43,2025,2025-07-19_15-05_ELIMINATION_PHASE_ER-Force-vs-RoboDragons.log,ER-Force vs RoboDragons,2 Conhecidos,4.71,33.76,78.45,55.43,0.214935,0.230595,0.082415,0.1467001697217969,4.31699855471234,0.02448419842563,2025_ERForce_vs_RoboDragons,proc_set_21.pkl,2025,A,4.625,185,40,3603.4,60,10.530007618558686,6.764436639073583,27.81560384574549,38.752435676125366,48.85287986297362,0.3475732359457988,0.2917359980227763,0.7716159885486319,1.1528856522227915,3.3533849531917035,0.057802511032034,0.0190244940022443,0.1226635228486959
21,60→30,FDE,Seq2Seq,109.6,46.49,2025,2025-07-19_15-05_ELIMINATION_PHASE_ER-Force-vs-RoboDragons.log,ER-Force vs RoboDragons,2 Conhecidos,4.71,33.76,78.45,55.43,0.214935,0.230595,0.082415,0.1467001697217969,4.31699855471234,0.02448419842563,2025_ERForce_vs_RoboDragons,proc_set_21.pkl,2025,A,4.625,185,40,3603.4,60,10.530007618558686,6.764436639073583,27.81560384574549,38.752435676125366,48.85287986297362,0.3475732359457988,0.2917359980227763,0.7716159885486319,1.1528856522227915,3.3533849531917035,0.057802511032034,0.0190244940022443,0.1226635228486959
21,60→30,FDE,MLP,189.93,46.49,2025,2025-07-19_15-05_ELIMINATION_PHASE_ER-Force-vs-RoboDragons.log,ER-Force vs RoboDragons,2 Conhecidos,4.71,33.76,78.45,55.43,0.214935,0.230595,0.082415,0.1467001697217969,4.31699855471234,0.02448419842563,2025_ERForce_vs_RoboDragons,proc_set_21.pkl,2025,A,4.625,185,40,3603.4,60,10.530007618558686,6.764436639073583,27.81560384574549,38.752435676125366,48.85287986297362,0.3475732359457988,0.2917359980227763,0.7716159885486319,1.1528856522227915,3.3533849531917035,0.057802511032034,0.0190244940022443,0.1226635228486959
21,60→30,FDE,Kalman,204.77,46.49,2025,2025-07-19_15-05_ELIMINATION_PHASE_ER-Force-vs-RoboDragons.log,ER-Force vs RoboDragons,2 Conhecidos,4.71,33.76,78.45,55.43,0.214935,0.230595,0.082415,0.1467001697217969,4.31699855471234,0.02448419842563,2025_ERForce_vs_RoboDragons,proc_set_21.pkl,2025,A,4.625,185,40,3603.4,60,10.530007618558686,6.764436639073583,27.81560384574549,38.752435676125366,48.85287986297362,0.3475732359457988,0.2917359980227763,0.7716159885486319,1.1528856522227915,3.3533849531917035,0.057802511032034,0.0190244940022443,0.1226635228486959
21,60→30,MAE,Seq2Seq,21.39,55.13,2025,2025-07-19_15-05_ELIMINATION_PHASE_ER-Force-vs-RoboDragons.log,ER-Force vs RoboDragons,2 Conhecidos,4.71,33.76,78.45,55.43,0.214935,0.230595,0.082415,0.1467001697217969,4.31699855471234,0.02448419842563,2025_ERForce_vs_RoboDragons,proc_set_21.pkl,2025,A,4.625,185,40,3603.4,60,10.530007618558686,6.764436639073583,27.81560384574549,38.752435676125366,48.85287986297362,0.3475732359457988,0.2917359980227763,0.7716159885486319,1.1528856522227915,3.3533849531917035,0.057802511032034,0.0190244940022443,0.1226635228486959
21,60→30,MAE,MLP,43.84,55.13,2025,2025-07-19_15-05_ELIMINATION_PHASE_ER-Force-vs-RoboDragons.log,ER-Force vs RoboDragons,2 Conhecidos,4.71,33.76,78.45,55.43,0.214935,0.230595,0.082415,0.1467001697217969,4.31699855471234,0.02448419842563,2025_ERForce_vs_RoboDragons,proc_set_21.pkl,2025,A,4.625,185,40,3603.4,60,10.530007618558686,6.764436639073583,27.81560384574549,38.752435676125366,48.85287986297362,0.3475732359457988,0.2917359980227763,0.7716159885486319,1.1528856522227915,3.3533849531917035,0.057802511032034,0.0190244940022443,0.1226635228486959
21,60→30,MAE,Kalman,47.66,55.13,2025,2025-07-19_15-05_ELIMINATION_PHASE_ER-Force-vs-RoboDragons.log,ER-Force vs RoboDragons,2 Conhecidos,4.71,33.76,78.45,55.43,0.214935,0.230595,0.082415,0.1467001697217969,4.31699855471234,0.02448419842563,2025_ERForce_vs_RoboDragons,proc_set_21.pkl,2025,A,4.625,185,40,3603.4,60,10.530007618558686,6.764436639073583,27.81560384574549,38.752435676125366,48.85287986297362,0.3475732359457988,0.2917359980227763,0.7716159885486319,1.1528856522227915,3.3533849531917035,0.057802511032034,0.0190244940022443,0.1226635228486959
22,30→15,ADE,Seq2Seq,5.13,78.73,2025,2025-07-17_21-33_GROUP_PHASE_RoboDragons-vs-ZJUNlict.log,RoboDragons vs ZJUNlict,1 Conhecido,5.13,38.15,78.73,54.12,0.19713964622212,0.1801562228143867,0.083321108587093,0.1532054295081313,3.616638798645544,0.0216827510096773,2025_RoboDragons_vs_ZJUNlict,proc_set_22.pkl,2025,A,7.5833,182,24,1741.88,60,9.852198788872782,6.009494821083207,26.062069946993887,39.4433920058661,53.102762153164974,0.3536875081212531,0.2977025159583706,0.8064322828174653,1.1951911350240052,2.7522542553916813,0.0606187847007744,0.0177240403967235,0.1292162809156853
22,30→15,ADE,MLP,13.25,78.73,2025,2025-07-17_21-33_GROUP_PHASE_RoboDragons-vs-ZJUNlict.log,RoboDragons vs ZJUNlict,1 Conhecido,5.13,38.15,78.73,54.12,0.19713964622212,0.1801562228143867,0.083321108587093,0.1532054295081313,3.616638798645544,0.0216827510096773,2025_RoboDragons_vs_ZJUNlict,proc_set_22.pkl,2025,A,7.5833,182,24,1741.88,60,9.852198788872782,6.009494821083207,26.062069946993887,39.4433920058661,53.102762153164974,0.3536875081212531,0.2977025159583706,0.8064322828174653,1.1951911350240052,2.7522542553916813,0.0606187847007744,0.0177240403967235,0.1292162809156853
22,30→15,ADE,Kalman,24.11,78.73,2025,2025-07-17_21-33_GROUP_PHASE_RoboDragons-vs-ZJUNlict.log,RoboDragons vs ZJUNlict,1 Conhecido,5.13,38.15,78.73,54.12,0.19713964622212,0.1801562228143867,0.083321108587093,0.1532054295081313,3.616638798645544,0.0216827510096773,2025_RoboDragons_vs_ZJUNlict,proc_set_22.pkl,2025,A,7.5833,182,24,1741.88,60,9.852198788872782,6.009494821083207,26.062069946993887,39.4433920058661,53.102762153164974,0.3536875081212531,0.2977025159583706,0.8064322828174653,1.1951911350240052,2.7522542553916813,0.0606187847007744,0.0177240403967235,0.1292162809156853
22,30→15,FDE,Seq2Seq,16.85,73.2,2025,2025-07-17_21-33_GROUP_PHASE_RoboDragons-vs-ZJUNlict.log,RoboDragons vs ZJUNlict,1 Conhecido,5.13,38.15,78.73,54.12,0.19713964622212,0.1801562228143867,0.083321108587093,0.1532054295081313,3.616638798645544,0.0216827510096773,2025_RoboDragons_vs_ZJUNlict,proc_set_22.pkl,2025,A,7.5833,182,24,1741.88,60,9.852198788872782,6.009494821083207,26.062069946993887,39.4433920058661,53.102762153164974,0.3536875081212531,0.2977025159583706,0.8064322828174653,1.1951911350240052,2.7522542553916813,0.0606187847007744,0.0177240403967235,0.1292162809156853
22,30→15,FDE,MLP,35.24,73.2,2025,2025-07-17_21-33_GROUP_PHASE_RoboDragons-vs-ZJUNlict.log,RoboDragons vs ZJUNlict,1 Conhecido,5.13,38.15,78.73,54.12,0.19713964622212,0.1801562228143867,0.083321108587093,0.1532054295081313,3.616638798645544,0.0216827510096773,2025_RoboDragons_vs_ZJUNlict,proc_set_22.pkl,2025,A,7.5833,182,24,1741.88,60,9.852198788872782,6.009494821083207,26.062069946993887,39.4433920058661,53.102762153164974,0.3536875081212531,0.2977025159583706,0.8064322828174653,1.1951911350240052,2.7522542553916813,0.0606187847007744,0.0177240403967235,0.1292162809156853
22,30→15,FDE,Kalman,62.87,73.2,2025,2025-07-17_21-33_GROUP_PHASE_RoboDragons-vs-ZJUNlict.log,RoboDragons vs ZJUNlict,1 Conhecido,5.13,38.15,78.73,54.12,0.19713964622212,0.1801562228143867,0.083321108587093,0.1532054295081313,3.616638798645544,0.0216827510096773,2025_RoboDragons_vs_ZJUNlict,proc_set_22.pkl,2025,A,7.5833,182,24,1741.88,60,9.852198788872782,6.009494821083207,26.062069946993887,39.4433920058661,53.102762153164974,0.3536875081212531,0.2977025159583706,0.8064322828174653,1.1951911350240052,2.7522542553916813,0.0606187847007744,0.0177240403967235,0.1292162809156853
22,30→15,MAE,Seq2Seq,3.26,78.59,2025,2025-07-17_21-33_GROUP_PHASE_RoboDragons-vs-ZJUNlict.log,RoboDragons vs ZJUNlict,1 Conhecido,5.13,38.15,78.73,54.12,0.19713964622212,0.1801562228143867,0.083321108587093,0.1532054295081313,3.616638798645544,0.0216827510096773,2025_RoboDragons_vs_ZJUNlict,proc_set_22.pkl,2025,A,7.5833,182,24,1741.88,60,9.852198788872782,6.009494821083207,26.062069946993887,39.4433920058661,53.102762153164974,0.3536875081212531,0.2977025159583706,0.8064322828174653,1.1951911350240052,2.7522542553916813,0.0606187847007744,0.0177240403967235,0.1292162809156853
22,30→15,MAE,MLP,8.42,78.59,2025,2025-07-17_21-33_GROUP_PHASE_RoboDragons-vs-ZJUNlict.log,RoboDragons vs ZJUNlict,1 Conhecido,5.13,38.15,78.73,54.12,0.19713964622212,0.1801562228143867,0.083321108587093,0.1532054295081313,3.616638798645544,0.0216827510096773,2025_RoboDragons_vs_ZJUNlict,proc_set_22.pkl,2025,A,7.5833,182,24,1741.88,60,9.852198788872782,6.009494821083207,26.062069946993887,39.4433920058661,53.102762153164974,0.3536875081212531,0.2977025159583706,0.8064322828174653,1.1951911350240052,2.7522542553916813,0.0606187847007744,0.0177240403967235,0.1292162809156853
22,30→15,MAE,Kalman,15.21,78.59,2025,2025-07-17_21-33_GROUP_PHASE_RoboDragons-vs-ZJUNlict.log,RoboDragons vs ZJUNlict,1 Conhecido,5.13,38.15,78.73,54.12,0.19713964622212,0.1801562228143867,0.083321108587093,0.1532054295081313,3.616638798645544,0.0216827510096773,2025_RoboDragons_vs_ZJUNlict,proc_set_22.pkl,2025,A,7.5833,182,24,1741.88,60,9.852198788872782,6.009494821083207,26.062069946993887,39.4433920058661,53.102762153164974,0.3536875081212531,0.2977025159583706,0.8064322828174653,1.1951911350240052,2.7522542553916813,0.0606187847007744,0.0177240403967235,0.1292162809156853
22,60→30,ADE,Seq2Seq,38.15,54.12,2025,2025-07-17_21-33_GROUP_PHASE_RoboDragons-vs-ZJUNlict.log,RoboDragons vs ZJUNlict,1 Conhecido,5.13,38.15,78.73,54.12,0.19713964622212,0.1801562228143867,0.083321108587093,0.1532054295081313,3.616638798645544,0.0216827510096773,2025_RoboDragons_vs_ZJUNlict,proc_set_22.pkl,2025,A,7.5833,182,24,1741.88,60,9.852198788872782,6.009494821083207,26.062069946993887,39.4433920058661,53.102762153164974,0.3536875081212531,0.2977025159583706,0.8064322828174653,1.1951911350240052,2.7522542553916813,0.0606187847007744,0.0177240403967235,0.1292162809156853
22,60→30,ADE,MLP,71.16,54.12,2025,2025-07-17_21-33_GROUP_PHASE_RoboDragons-vs-ZJUNlict.log,RoboDragons vs ZJUNlict,1 Conhecido,5.13,38.15,78.73,54.12,0.19713964622212,0.1801562228143867,0.083321108587093,0.1532054295081313,3.616638798645544,0.0216827510096773,2025_RoboDragons_vs_ZJUNlict,proc_set_22.pkl,2025,A,7.5833,182,24,1741.88,60,9.852198788872782,6.009494821083207,26.062069946993887,39.4433920058661,53.102762153164974,0.3536875081212531,0.2977025159583706,0.8064322828174653,1.1951911350240052,2.7522542553916813,0.0606187847007744,0.0177240403967235,0.1292162809156853
22,60→30,ADE,Kalman,83.14,54.12,2025,2025-07-17_21-33_GROUP_PHASE_RoboDragons-vs-ZJUNlict.log,RoboDragons vs ZJUNlict,1 Conhecido,5.13,38.15,78.73,54.12,0.19713964622212,0.1801562228143867,0.083321108587093,0.1532054295081313,3.616638798645544,0.0216827510096773,2025_RoboDragons_vs_ZJUNlict,proc_set_22.pkl,2025,A,7.5833,182,24,1741.88,60,9.852198788872782,6.009494821083207,26.062069946993887,39.4433920058661,53.102762153164974,0.3536875081212531,0.2977025159583706,0.8064322828174653,1.1951911350240052,2.7522542553916813,0.0606187847007744,0.0177240403967235,0.1292162809156853
22,60→30,FDE,Seq2Seq,124.86,43.98,2025,2025-07-17_21-33_GROUP_PHASE_RoboDragons-vs-ZJUNlict.log,RoboDragons vs ZJUNlict,1 Conhecido,5.13,38.15,78.73,54.12,0.19713964622212,0.1801562228143867,0.083321108587093,0.1532054295081313,3.616638798645544,0.0216827510096773,2025_RoboDragons_vs_ZJUNlict,proc_set_22.pkl,2025,A,7.5833,182,24,1741.88,60,9.852198788872782,6.009494821083207,26.062069946993887,39.4433920058661,53.102762153164974,0.3536875081212531,0.2977025159583706,0.8064322828174653,1.1951911350240052,2.7522542553916813,0.0606187847007744,0.0177240403967235,0.1292162809156853
22,60→30,FDE,MLP,197.35,43.98,2025,2025-07-17_21-33_GROUP_PHASE_RoboDragons-vs-ZJUNlict.log,RoboDragons vs ZJUNlict,1 Conhecido,5.13,38.15,78.73,54.12,0.19713964622212,0.1801562228143867,0.083321108587093,0.1532054295081313,3.616638798645544,0.0216827510096773,2025_RoboDragons_vs_ZJUNlict,proc_set_22.pkl,2025,A,7.5833,182,24,1741.88,60,9.852198788872782,6.009494821083207,26.062069946993887,39.4433920058661,53.102762153164974,0.3536875081212531,0.2977025159583706,0.8064322828174653,1.1951911350240052,2.7522542553916813,0.0606187847007744,0.0177240403967235,0.1292162809156853
22,60→30,FDE,Kalman,222.9,43.98,2025,2025-07-17_21-33_GROUP_PHASE_RoboDragons-vs-ZJUNlict.log,RoboDragons vs ZJUNlict,1 Conhecido,5.13,38.15,78.73,54.12,0.19713964622212,0.1801562228143867,0.083321108587093,0.1532054295081313,3.616638798645544,0.0216827510096773,2025_RoboDragons_vs_ZJUNlict,proc_set_22.pkl,2025,A,7.5833,182,24,1741.88,60,9.852198788872782,6.009494821083207,26.062069946993887,39.4433920058661,53.102762153164974,0.3536875081212531,0.2977025159583706,0.8064322828174653,1.1951911350240052,2.7522542553916813,0.0606187847007744,0.0177240403967235,0.1292162809156853
22,60→30,MAE,Seq2Seq,24.19,53.95,2025,2025-07-17_21-33_GROUP_PHASE_RoboDragons-vs-ZJUNlict.log,RoboDragons vs ZJUNlict,1 Conhecido,5.13,38.15,78.73,54.12,0.19713964622212,0.1801562228143867,0.083321108587093,0.1532054295081313,3.616638798645544,0.0216827510096773,2025_RoboDragons_vs_ZJUNlict,proc_set_22.pkl,2025,A,7.5833,182,24,1741.88,60,9.852198788872782,6.009494821083207,26.062069946993887,39.4433920058661,53.102762153164974,0.3536875081212531,0.2977025159583706,0.8064322828174653,1.1951911350240052,2.7522542553916813,0.0606187847007744,0.0177240403967235,0.1292162809156853
22,60→30,MAE,MLP,45.36,53.95,2025,2025-07-17_21-33_GROUP_PHASE_RoboDragons-vs-ZJUNlict.log,RoboDragons vs ZJUNlict,1 Conhecido,5.13,38.15,78.73,54.12,0.19713964622212,0.1801562228143867,0.083321108587093,0.1532054295081313,3.616638798645544,0.0216827510096773,2025_RoboDragons_vs_ZJUNlict,proc_set_22.pkl,2025,A,7.5833,182,24,1741.88,60,9.852198788872782,6.009494821083207,26.062069946993887,39.4433920058661,53.102762153164974,0.3536875081212531,0.2977025159583706,0.8064322828174653,1.1951911350240052,2.7522542553916813,0.0606187847007744,0.0177240403967235,0.1292162809156853
22,60→30,MAE,Kalman,52.55,53.95,2025,2025-07-17_21-33_GROUP_PHASE_RoboDragons-vs-ZJUNlict.log,RoboDragons vs ZJUNlict,1 Conhecido,5.13,38.15,78.73,54.12,0.19713964622212,0.1801562228143867,0.083321108587093,0.1532054295081313,3.616638798645544,0.0216827510096773,2025_RoboDragons_vs_ZJUNlict,proc_set_22.pkl,2025,A,7.5833,182,24,1741.88,60,9.852198788872782,6.009494821083207,26.062069946993887,39.4433920058661,53.102762153164974,0.3536875081212531,0.2977025159583706,0.8064322828174653,1.1951911350240052,2.7522542553916813,0.0606187847007744,0.0177240403967235,0.1292162809156853
23,30→15,ADE,Seq2Seq,4.95,78.63,2025,2025-07-17_17-01_GROUP_PHASE_TIGERs_Mannheim-vs-RoboDragons.log,TIGERs_Mannheim vs RoboDragons,1 Conhecido,4.95,35.4,78.63,55.96,0.2862449999999999,0.298705,0.156615,0.1923868010134472,6.389491778386296,0.0386083673345989,2025_TIGERs_Mannheim_vs_RoboDragons,proc_set_23.pkl,2025,A,7.1538,186,26,3486.23,60,12.632196351766094,9.68846745691168,30.2277743560799,41.22406666183385,55.12000788503026,0.3931121372556989,0.3749061524547586,0.7765682409488304,1.1591222205790228,2.7979064779730574,0.0436207276002168,0.014266426458571,0.0813854913640355
23,30→15,ADE,MLP,13.61,78.63,2025,2025-07-17_17-01_GROUP_PHASE_TIGERs_Mannheim-vs-RoboDragons.log,TIGERs_Mannheim vs RoboDragons,1 Conhecido,4.95,35.4,78.63,55.96,0.2862449999999999,0.298705,0.156615,0.1923868010134472,6.389491778386296,0.0386083673345989,2025_TIGERs_Mannheim_vs_RoboDragons,proc_set_23.pkl,2025,A,7.1538,186,26,3486.23,60,12.632196351766094,9.68846745691168,30.2277743560799,41.22406666183385,55.12000788503026,0.3931121372556989,0.3749061524547586,0.7765682409488304,1.1591222205790228,2.7979064779730574,0.0436207276002168,0.014266426458571,0.0813854913640355
23,30→15,ADE,Kalman,23.17,78.63,2025,2025-07-17_17-01_GROUP_PHASE_TIGERs_Mannheim-vs-RoboDragons.log,TIGERs_Mannheim vs RoboDragons,1 Conhecido,4.95,35.4,78.63,55.96,0.2862449999999999,0.298705,0.156615,0.1923868010134472,6.389491778386296,0.0386083673345989,2025_TIGERs_Mannheim_vs_RoboDragons,proc_set_23.pkl,2025,A,7.1538,186,26,3486.23,60,12.632196351766094,9.68846745691168,30.2277743560799,41.22406666183385,55.12000788503026,0.3931121372556989,0.3749061524547586,0.7765682409488304,1.1591222205790228,2.7979064779730574,0.0436207276002168,0.014266426458571,0.0813854913640355
23,30→15,FDE,Seq2Seq,16.05,73.48,2025,2025-07-17_17-01_GROUP_PHASE_TIGERs_Mannheim-vs-RoboDragons.log,TIGERs_Mannheim vs RoboDragons,1 Conhecido,4.95,35.4,78.63,55.96,0.2862449999999999,0.298705,0.156615,0.1923868010134472,6.389491778386296,0.0386083673345989,2025_TIGERs_Mannheim_vs_RoboDragons,proc_set_23.pkl,2025,A,7.1538,186,26,3486.23,60,12.632196351766094,9.68846745691168,30.2277743560799,41.22406666183385,55.12000788503026,0.3931121372556989,0.3749061524547586,0.7765682409488304,1.1591222205790228,2.7979064779730574,0.0436207276002168,0.014266426458571,0.0813854913640355
23,30→15,FDE,MLP,35.53,73.48,2025,2025-07-17_17-01_GROUP_PHASE_TIGERs_Mannheim-vs-RoboDragons.log,TIGERs_Mannheim vs RoboDragons,1 Conhecido,4.95,35.4,78.63,55.96,0.2862449999999999,0.298705,0.156615,0.1923868010134472,6.389491778386296,0.0386083673345989,2025_TIGERs_Mannheim_vs_RoboDragons,proc_set_23.pkl,2025,A,7.1538,186,26,3486.23,60,12.632196351766094,9.68846745691168,30.2277743560799,41.22406666183385,55.12000788503026,0.3931121372556989,0.3749061524547586,0.7765682409488304,1.1591222205790228,2.7979064779730574,0.0436207276002168,0.014266426458571,0.0813854913640355
23,30→15,FDE,Kalman,60.53,73.48,2025,2025-07-17_17-01_GROUP_PHASE_TIGERs_Mannheim-vs-RoboDragons.log,TIGERs_Mannheim vs RoboDragons,1 Conhecido,4.95,35.4,78.63,55.96,0.2862449999999999,0.298705,0.156615,0.1923868010134472,6.389491778386296,0.0386083673345989,2025_TIGERs_Mannheim_vs_RoboDragons,proc_set_23.pkl,2025,A,7.1538,186,26,3486.23,60,12.632196351766094,9.68846745691168,30.2277743560799,41.22406666183385,55.12000788503026,0.3931121372556989,0.3749061524547586,0.7765682409488304,1.1591222205790228,2.7979064779730574,0.0436207276002168,0.014266426458571,0.0813854913640355
23,30→15,MAE,Seq2Seq,3.14,78.55,2025,2025-07-17_17-01_GROUP_PHASE_TIGERs_Mannheim-vs-RoboDragons.log,TIGERs_Mannheim vs RoboDragons,1 Conhecido,4.95,35.4,78.63,55.96,0.2862449999999999,0.298705,0.156615,0.1923868010134472,6.389491778386296,0.0386083673345989,2025_TIGERs_Mannheim_vs_RoboDragons,proc_set_23.pkl,2025,A,7.1538,186,26,3486.23,60,12.632196351766094,9.68846745691168,30.2277743560799,41.22406666183385,55.12000788503026,0.3931121372556989,0.3749061524547586,0.7765682409488304,1.1591222205790228,2.7979064779730574,0.0436207276002168,0.014266426458571,0.0813854913640355
23,30→15,MAE,MLP,8.69,78.55,2025,2025-07-17_17-01_GROUP_PHASE_TIGERs_Mannheim-vs-RoboDragons.log,TIGERs_Mannheim vs RoboDragons,1 Conhecido,4.95,35.4,78.63,55.96,0.2862449999999999,0.298705,0.156615,0.1923868010134472,6.389491778386296,0.0386083673345989,2025_TIGERs_Mannheim_vs_RoboDragons,proc_set_23.pkl,2025,A,7.1538,186,26,3486.23,60,12.632196351766094,9.68846745691168,30.2277743560799,41.22406666183385,55.12000788503026,0.3931121372556989,0.3749061524547586,0.7765682409488304,1.1591222205790228,2.7979064779730574,0.0436207276002168,0.014266426458571,0.0813854913640355
23,30→15,MAE,Kalman,14.64,78.55,2025,2025-07-17_17-01_GROUP_PHASE_TIGERs_Mannheim-vs-RoboDragons.log,TIGERs_Mannheim vs RoboDragons,1 Conhecido,4.95,35.4,78.63,55.96,0.2862449999999999,0.298705,0.156615,0.1923868010134472,6.389491778386296,0.0386083673345989,2025_TIGERs_Mannheim_vs_RoboDragons,proc_set_23.pkl,2025,A,7.1538,186,26,3486.23,60,12.632196351766094,9.68846745691168,30.2277743560799,41.22406666183385,55.12000788503026,0.3931121372556989,0.3749061524547586,0.7765682409488304,1.1591222205790228,2.7979064779730574,0.0436207276002168,0.014266426458571,0.0813854913640355
23,60→30,ADE,Seq2Seq,35.4,55.96,2025,2025-07-17_17-01_GROUP_PHASE_TIGERs_Mannheim-vs-RoboDragons.log,TIGERs_Mannheim vs RoboDragons,1 Conhecido,4.95,35.4,78.63,55.96,0.2862449999999999,0.298705,0.156615,0.1923868010134472,6.389491778386296,0.0386083673345989,2025_TIGERs_Mannheim_vs_RoboDragons,proc_set_23.pkl,2025,A,7.1538,186,26,3486.23,60,12.632196351766094,9.68846745691168,30.2277743560799,41.22406666183385,55.12000788503026,0.3931121372556989,0.3749061524547586,0.7765682409488304,1.1591222205790228,2.7979064779730574,0.0436207276002168,0.014266426458571,0.0813854913640355
23,60→30,ADE,MLP,74.89,55.96,2025,2025-07-17_17-01_GROUP_PHASE_TIGERs_Mannheim-vs-RoboDragons.log,TIGERs_Mannheim vs RoboDragons,1 Conhecido,4.95,35.4,78.63,55.96,0.2862449999999999,0.298705,0.156615,0.1923868010134472,6.389491778386296,0.0386083673345989,2025_TIGERs_Mannheim_vs_RoboDragons,proc_set_23.pkl,2025,A,7.1538,186,26,3486.23,60,12.632196351766094,9.68846745691168,30.2277743560799,41.22406666183385,55.12000788503026,0.3931121372556989,0.3749061524547586,0.7765682409488304,1.1591222205790228,2.7979064779730574,0.0436207276002168,0.014266426458571,0.0813854913640355
23,60→30,ADE,Kalman,80.39,55.96,2025,2025-07-17_17-01_GROUP_PHASE_TIGERs_Mannheim-vs-RoboDragons.log,TIGERs_Mannheim vs RoboDragons,1 Conhecido,4.95,35.4,78.63,55.96,0.2862449999999999,0.298705,0.156615,0.1923868010134472,6.389491778386296,0.0386083673345989,2025_TIGERs_Mannheim_vs_RoboDragons,proc_set_23.pkl,2025,A,7.1538,186,26,3486.23,60,12.632196351766094,9.68846745691168,30.2277743560799,41.22406666183385,55.12000788503026,0.3931121372556989,0.3749061524547586,0.7765682409488304,1.1591222205790228,2.7979064779730574,0.0436207276002168,0.014266426458571,0.0813854913640355
23,60→30,FDE,Seq2Seq,115.39,46.7,2025,2025-07-17_17-01_GROUP_PHASE_TIGERs_Mannheim-vs-RoboDragons.log,TIGERs_Mannheim vs RoboDragons,1 Conhecido,4.95,35.4,78.63,55.96,0.2862449999999999,0.298705,0.156615,0.1923868010134472,6.389491778386296,0.0386083673345989,2025_TIGERs_Mannheim_vs_RoboDragons,proc_set_23.pkl,2025,A,7.1538,186,26,3486.23,60,12.632196351766094,9.68846745691168,30.2277743560799,41.22406666183385,55.12000788503026,0.3931121372556989,0.3749061524547586,0.7765682409488304,1.1591222205790228,2.7979064779730574,0.0436207276002168,0.014266426458571,0.0813854913640355
23,60→30,FDE,MLP,206.27,46.7,2025,2025-07-17_17-01_GROUP_PHASE_TIGERs_Mannheim-vs-RoboDragons.log,TIGERs_Mannheim vs RoboDragons,1 Conhecido,4.95,35.4,78.63,55.96,0.2862449999999999,0.298705,0.156615,0.1923868010134472,6.389491778386296,0.0386083673345989,2025_TIGERs_Mannheim_vs_RoboDragons,proc_set_23.pkl,2025,A,7.1538,186,26,3486.23,60,12.632196351766094,9.68846745691168,30.2277743560799,41.22406666183385,55.12000788503026,0.3931121372556989,0.3749061524547586,0.7765682409488304,1.1591222205790228,2.7979064779730574,0.0436207276002168,0.014266426458571,0.0813854913640355
23,60→30,FDE,Kalman,216.51,46.7,2025,2025-07-17_17-01_GROUP_PHASE_TIGERs_Mannheim-vs-RoboDragons.log,TIGERs_Mannheim vs RoboDragons,1 Conhecido,4.95,35.4,78.63,55.96,0.2862449999999999,0.298705,0.156615,0.1923868010134472,6.389491778386296,0.0386083673345989,2025_TIGERs_Mannheim_vs_RoboDragons,proc_set_23.pkl,2025,A,7.1538,186,26,3486.23,60,12.632196351766094,9.68846745691168,30.2277743560799,41.22406666183385,55.12000788503026,0.3931121372556989,0.3749061524547586,0.7765682409488304,1.1591222205790228,2.7979064779730574,0.0436207276002168,0.014266426458571,0.0813854913640355
23,60→30,MAE,Seq2Seq,22.46,55.86,2025,2025-07-17_17-01_GROUP_PHASE_TIGERs_Mannheim-vs-RoboDragons.log,TIGERs_Mannheim vs RoboDragons,1 Conhecido,4.95,35.4,78.63,55.96,0.2862449999999999,0.298705,0.156615,0.1923868010134472,6.389491778386296,0.0386083673345989,2025_TIGERs_Mannheim_vs_RoboDragons,proc_set_23.pkl,2025,A,7.1538,186,26,3486.23,60,12.632196351766094,9.68846745691168,30.2277743560799,41.22406666183385,55.12000788503026,0.3931121372556989,0.3749061524547586,0.7765682409488304,1.1591222205790228,2.7979064779730574,0.0436207276002168,0.014266426458571,0.0813854913640355
23,60→30,MAE,MLP,47.72,55.86,2025,2025-07-17_17-01_GROUP_PHASE_TIGERs_Mannheim-vs-RoboDragons.log,TIGERs_Mannheim vs RoboDragons,1 Conhecido,4.95,35.4,78.63,55.96,0.2862449999999999,0.298705,0.156615,0.1923868010134472,6.389491778386296,0.0386083673345989,2025_TIGERs_Mannheim_vs_RoboDragons,proc_set_23.pkl,2025,A,7.1538,186,26,3486.23,60,12.632196351766094,9.68846745691168,30.2277743560799,41.22406666183385,55.12000788503026,0.3931121372556989,0.3749061524547586,0.7765682409488304,1.1591222205790228,2.7979064779730574,0.0436207276002168,0.014266426458571,0.0813854913640355
23,60→30,MAE,Kalman,50.89,55.86,2025,2025-07-17_17-01_GROUP_PHASE_TIGERs_Mannheim-vs-RoboDragons.log,TIGERs_Mannheim vs RoboDragons,1 Conhecido,4.95,35.4,78.63,55.96,0.2862449999999999,0.298705,0.156615,0.1923868010134472,6.389491778386296,0.0386083673345989,2025_TIGERs_Mannheim_vs_RoboDragons,proc_set_23.pkl,2025,A,7.1538,186,26,3486.23,60,12.632196351766094,9.68846745691168,30.2277743560799,41.22406666183385,55.12000788503026,0.3931121372556989,0.3749061524547586,0.7765682409488304,1.1591222205790228,2.7979064779730574,0.0436207276002168,0.014266426458571,0.0813854913640355
24,30→15,ADE,Seq2Seq,5.17,75.56,2025,2025-07-18_19-02_GROUP_PHASE_TIGERs_Mannheim-vs-ZJUNlict.log,TIGERs_Mannheim vs ZJUNlict,0 Conhecidos,5.17,36.2,75.56,50.03,0.301455,0.296185,0.14925,0.1770335299991945,5.047505885839645,0.0344568370460771,2025_TIGERs_Mannheim_vs_ZJUNlict,proc_set_24.pkl,2025,A,10.2727,226,22,5572.18,60,11.27808737614132,9.045999344246804,25.85755878855148,41.50910371970296,90.4301601689945,0.380353048341132,0.3729567145866062,0.715765720283472,1.072387504121887,29.677936285761614,0.0481517950413245,0.014018547685386,0.091652204233932
24,30→15,ADE,MLP,13.21,75.56,2025,2025-07-18_19-02_GROUP_PHASE_TIGERs_Mannheim-vs-ZJUNlict.log,TIGERs_Mannheim vs ZJUNlict,0 Conhecidos,5.17,36.2,75.56,50.03,0.301455,0.296185,0.14925,0.1770335299991945,5.047505885839645,0.0344568370460771,2025_TIGERs_Mannheim_vs_ZJUNlict,proc_set_24.pkl,2025,A,10.2727,226,22,5572.18,60,11.27808737614132,9.045999344246804,25.85755878855148,41.50910371970296,90.4301601689945,0.380353048341132,0.3729567145866062,0.715765720283472,1.072387504121887,29.677936285761614,0.0481517950413245,0.014018547685386,0.091652204233932
24,30→15,ADE,Kalman,21.13,75.56,2025,2025-07-18_19-02_GROUP_PHASE_TIGERs_Mannheim-vs-ZJUNlict.log,TIGERs_Mannheim vs ZJUNlict,0 Conhecidos,5.17,36.2,75.56,50.03,0.301455,0.296185,0.14925,0.1770335299991945,5.047505885839645,0.0344568370460771,2025_TIGERs_Mannheim_vs_ZJUNlict,proc_set_24.pkl,2025,A,10.2727,226,22,5572.18,60,11.27808737614132,9.045999344246804,25.85755878855148,41.50910371970296,90.4301601689945,0.380353048341132,0.3729567145866062,0.715765720283472,1.072387504121887,29.677936285761614,0.0481517950413245,0.014018547685386,0.091652204233932
24,30→15,FDE,Seq2Seq,16.8,69.41,2025,2025-07-18_19-02_GROUP_PHASE_TIGERs_Mannheim-vs-ZJUNlict.log,TIGERs_Mannheim vs ZJUNlict,0 Conhecidos,5.17,36.2,75.56,50.03,0.301455,0.296185,0.14925,0.1770335299991945,5.047505885839645,0.0344568370460771,2025_TIGERs_Mannheim_vs_ZJUNlict,proc_set_24.pkl,2025,A,10.2727,226,22,5572.18,60,11.27808737614132,9.045999344246804,25.85755878855148,41.50910371970296,90.4301601689945,0.380353048341132,0.3729567145866062,0.715765720283472,1.072387504121887,29.677936285761614,0.0481517950413245,0.014018547685386,0.091652204233932
24,30→15,FDE,MLP,34.9,69.41,2025,2025-07-18_19-02_GROUP_PHASE_TIGERs_Mannheim-vs-ZJUNlict.log,TIGERs_Mannheim vs ZJUNlict,0 Conhecidos,5.17,36.2,75.56,50.03,0.301455,0.296185,0.14925,0.1770335299991945,5.047505885839645,0.0344568370460771,2025_TIGERs_Mannheim_vs_ZJUNlict,proc_set_24.pkl,2025,A,10.2727,226,22,5572.18,60,11.27808737614132,9.045999344246804,25.85755878855148,41.50910371970296,90.4301601689945,0.380353048341132,0.3729567145866062,0.715765720283472,1.072387504121887,29.677936285761614,0.0481517950413245,0.014018547685386,0.091652204233932
24,30→15,FDE,Kalman,54.94,69.41,2025,2025-07-18_19-02_GROUP_PHASE_TIGERs_Mannheim-vs-ZJUNlict.log,TIGERs_Mannheim vs ZJUNlict,0 Conhecidos,5.17,36.2,75.56,50.03,0.301455,0.296185,0.14925,0.1770335299991945,5.047505885839645,0.0344568370460771,2025_TIGERs_Mannheim_vs_ZJUNlict,proc_set_24.pkl,2025,A,10.2727,226,22,5572.18,60,11.27808737614132,9.045999344246804,25.85755878855148,41.50910371970296,90.4301601689945,0.380353048341132,0.3729567145866062,0.715765720283472,1.072387504121887,29.677936285761614,0.0481517950413245,0.014018547685386,0.091652204233932
24,30→15,MAE,Seq2Seq,3.27,75.45,2025,2025-07-18_19-02_GROUP_PHASE_TIGERs_Mannheim-vs-ZJUNlict.log,TIGERs_Mannheim vs ZJUNlict,0 Conhecidos,5.17,36.2,75.56,50.03,0.301455,0.296185,0.14925,0.1770335299991945,5.047505885839645,0.0344568370460771,2025_TIGERs_Mannheim_vs_ZJUNlict,proc_set_24.pkl,2025,A,10.2727,226,22,5572.18,60,11.27808737614132,9.045999344246804,25.85755878855148,41.50910371970296,90.4301601689945,0.380353048341132,0.3729567145866062,0.715765720283472,1.072387504121887,29.677936285761614,0.0481517950413245,0.014018547685386,0.091652204233932
24,30→15,MAE,MLP,8.4,75.45,2025,2025-07-18_19-02_GROUP_PHASE_TIGERs_Mannheim-vs-ZJUNlict.log,TIGERs_Mannheim vs ZJUNlict,0 Conhecidos,5.17,36.2,75.56,50.03,0.301455,0.296185,0.14925,0.1770335299991945,5.047505885839645,0.0344568370460771,2025_TIGERs_Mannheim_vs_ZJUNlict,proc_set_24.pkl,2025,A,10.2727,226,22,5572.18,60,11.27808737614132,9.045999344246804,25.85755878855148,41.50910371970296,90.4301601689945,0.380353048341132,0.3729567145866062,0.715765720283472,1.072387504121887,29.677936285761614,0.0481517950413245,0.014018547685386,0.091652204233932
24,30→15,MAE,Kalman,13.3,75.45,2025,2025-07-18_19-02_GROUP_PHASE_TIGERs_Mannheim-vs-ZJUNlict.log,TIGERs_Mannheim vs ZJUNlict,0 Conhecidos,5.17,36.2,75.56,50.03,0.301455,0.296185,0.14925,0.1770335299991945,5.047505885839645,0.0344568370460771,2025_TIGERs_Mannheim_vs_ZJUNlict,proc_set_24.pkl,2025,A,10.2727,226,22,5572.18,60,11.27808737614132,9.045999344246804,25.85755878855148,41.50910371970296,90.4301601689945,0.380353048341132,0.3729567145866062,0.715765720283472,1.072387504121887,29.677936285761614,0.0481517950413245,0.014018547685386,0.091652204233932
24,60→30,ADE,Seq2Seq,36.2,50.03,2025,2025-07-18_19-02_GROUP_PHASE_TIGERs_Mannheim-vs-ZJUNlict.log,TIGERs_Mannheim vs ZJUNlict,0 Conhecidos,5.17,36.2,75.56,50.03,0.301455,0.296185,0.14925,0.1770335299991945,5.047505885839645,0.0344568370460771,2025_TIGERs_Mannheim_vs_ZJUNlict,proc_set_24.pkl,2025,A,10.2727,226,22,5572.18,60,11.27808737614132,9.045999344246804,25.85755878855148,41.50910371970296,90.4301601689945,0.380353048341132,0.3729567145866062,0.715765720283472,1.072387504121887,29.677936285761614,0.0481517950413245,0.014018547685386,0.091652204233932
24,60→30,ADE,MLP,69.4,50.03,2025,2025-07-18_19-02_GROUP_PHASE_TIGERs_Mannheim-vs-ZJUNlict.log,TIGERs_Mannheim vs ZJUNlict,0 Conhecidos,5.17,36.2,75.56,50.03,0.301455,0.296185,0.14925,0.1770335299991945,5.047505885839645,0.0344568370460771,2025_TIGERs_Mannheim_vs_ZJUNlict,proc_set_24.pkl,2025,A,10.2727,226,22,5572.18,60,11.27808737614132,9.045999344246804,25.85755878855148,41.50910371970296,90.4301601689945,0.380353048341132,0.3729567145866062,0.715765720283472,1.072387504121887,29.677936285761614,0.0481517950413245,0.014018547685386,0.091652204233932
24,60→30,ADE,Kalman,72.46,50.03,2025,2025-07-18_19-02_GROUP_PHASE_TIGERs_Mannheim-vs-ZJUNlict.log,TIGERs_Mannheim vs ZJUNlict,0 Conhecidos,5.17,36.2,75.56,50.03,0.301455,0.296185,0.14925,0.1770335299991945,5.047505885839645,0.0344568370460771,2025_TIGERs_Mannheim_vs_ZJUNlict,proc_set_24.pkl,2025,A,10.2727,226,22,5572.18,60,11.27808737614132,9.045999344246804,25.85755878855148,41.50910371970296,90.4301601689945,0.380353048341132,0.3729567145866062,0.715765720283472,1.072387504121887,29.677936285761614,0.0481517950413245,0.014018547685386,0.091652204233932
24,60→30,FDE,Seq2Seq,116.76,39.49,2025,2025-07-18_19-02_GROUP_PHASE_TIGERs_Mannheim-vs-ZJUNlict.log,TIGERs_Mannheim vs ZJUNlict,0 Conhecidos,5.17,36.2,75.56,50.03,0.301455,0.296185,0.14925,0.1770335299991945,5.047505885839645,0.0344568370460771,2025_TIGERs_Mannheim_vs_ZJUNlict,proc_set_24.pkl,2025,A,10.2727,226,22,5572.18,60,11.27808737614132,9.045999344246804,25.85755878855148,41.50910371970296,90.4301601689945,0.380353048341132,0.3729567145866062,0.715765720283472,1.072387504121887,29.677936285761614,0.0481517950413245,0.014018547685386,0.091652204233932
24,60→30,FDE,MLP,191.71,39.49,2025,2025-07-18_19-02_GROUP_PHASE_TIGERs_Mannheim-vs-ZJUNlict.log,TIGERs_Mannheim vs ZJUNlict,0 Conhecidos,5.17,36.2,75.56,50.03,0.301455,0.296185,0.14925,0.1770335299991945,5.047505885839645,0.0344568370460771,2025_TIGERs_Mannheim_vs_ZJUNlict,proc_set_24.pkl,2025,A,10.2727,226,22,5572.18,60,11.27808737614132,9.045999344246804,25.85755878855148,41.50910371970296,90.4301601689945,0.380353048341132,0.3729567145866062,0.715765720283472,1.072387504121887,29.677936285761614,0.0481517950413245,0.014018547685386,0.091652204233932
24,60→30,FDE,Kalman,192.96,39.49,2025,2025-07-18_19-02_GROUP_PHASE_TIGERs_Mannheim-vs-ZJUNlict.log,TIGERs_Mannheim vs ZJUNlict,0 Conhecidos,5.17,36.2,75.56,50.03,0.301455,0.296185,0.14925,0.1770335299991945,5.047505885839645,0.0344568370460771,2025_TIGERs_Mannheim_vs_ZJUNlict,proc_set_24.pkl,2025,A,10.2727,226,22,5572.18,60,11.27808737614132,9.045999344246804,25.85755878855148,41.50910371970296,90.4301601689945,0.380353048341132,0.3729567145866062,0.715765720283472,1.072387504121887,29.677936285761614,0.0481517950413245,0.014018547685386,0.091652204233932
24,60→30,MAE,Seq2Seq,22.99,49.56,2025,2025-07-18_19-02_GROUP_PHASE_TIGERs_Mannheim-vs-ZJUNlict.log,TIGERs_Mannheim vs ZJUNlict,0 Conhecidos,5.17,36.2,75.56,50.03,0.301455,0.296185,0.14925,0.1770335299991945,5.047505885839645,0.0344568370460771,2025_TIGERs_Mannheim_vs_ZJUNlict,proc_set_24.pkl,2025,A,10.2727,226,22,5572.18,60,11.27808737614132,9.045999344246804,25.85755878855148,41.50910371970296,90.4301601689945,0.380353048341132,0.3729567145866062,0.715765720283472,1.072387504121887,29.677936285761614,0.0481517950413245,0.014018547685386,0.091652204233932
24,60→30,MAE,MLP,44.19,49.56,2025,2025-07-18_19-02_GROUP_PHASE_TIGERs_Mannheim-vs-ZJUNlict.log,TIGERs_Mannheim vs ZJUNlict,0 Conhecidos,5.17,36.2,75.56,50.03,0.301455,0.296185,0.14925,0.1770335299991945,5.047505885839645,0.0344568370460771,2025_TIGERs_Mannheim_vs_ZJUNlict,proc_set_24.pkl,2025,A,10.2727,226,22,5572.18,60,11.27808737614132,9.045999344246804,25.85755878855148,41.50910371970296,90.4301601689945,0.380353048341132,0.3729567145866062,0.715765720283472,1.072387504121887,29.677936285761614,0.0481517950413245,0.014018547685386,0.091652204233932
24,60→30,MAE,Kalman,45.58,49.56,2025,2025-07-18_19-02_GROUP_PHASE_TIGERs_Mannheim-vs-ZJUNlict.log,TIGERs_Mannheim vs ZJUNlict,0 Conhecidos,5.17,36.2,75.56,50.03,0.301455,0.296185,0.14925,0.1770335299991945,5.047505885839645,0.0344568370460771,2025_TIGERs_Mannheim_vs_ZJUNlict,proc_set_24.pkl,2025,A,10.2727,226,22,5572.18,60,11.27808737614132,9.045999344246804,25.85755878855148,41.50910371970296,90.4301601689945,0.380353048341132,0.3729567145866062,0.715765720283472,1.072387504121887,29.677936285761614,0.0481517950413245,0.014018547685386,0.091652204233932
25,30→15,ADE,Seq2Seq,5.06,76.11,2025,2025-07-19_13-32_ELIMINATION_PHASE_RobôCin-vs-ZJUNlict.log,RobôCin vs ZJUNlict,0 Conhecidos,5.06,37.57,76.11,48.43,0.1651844235259525,0.1602790382723082,0.0655014677344033,0.1151081864382566,1.7427125372293124,0.0171158707131329,2025_RobCin_vs_ZJUNlict,proc_set_25.pkl,2025,A,9.1667,110,12,965.45,60,7.972842046446453,4.714417012807949,21.158788463791705,37.92326821006197,48.77702945842624,0.3140531714761573,0.2595407380671632,0.7178078949127624,1.0978476228465606,1.3966470356341776,0.0652383051566887,0.0186128454821838,0.1422288644326133
25,30→15,ADE,MLP,12.17,76.11,2025,2025-07-19_13-32_ELIMINATION_PHASE_RobôCin-vs-ZJUNlict.log,RobôCin vs ZJUNlict,0 Conhecidos,5.06,37.57,76.11,48.43,0.1651844235259525,0.1602790382723082,0.0655014677344033,0.1151081864382566,1.7427125372293124,0.0171158707131329,2025_RobCin_vs_ZJUNlict,proc_set_25.pkl,2025,A,9.1667,110,12,965.45,60,7.972842046446453,4.714417012807949,21.158788463791705,37.92326821006197,48.77702945842624,0.3140531714761573,0.2595407380671632,0.7178078949127624,1.0978476228465606,1.3966470356341776,0.0652383051566887,0.0186128454821838,0.1422288644326133
25,30→15,ADE,Kalman,21.18,76.11,2025,2025-07-19_13-32_ELIMINATION_PHASE_RobôCin-vs-ZJUNlict.log,RobôCin vs ZJUNlict,0 Conhecidos,5.06,37.57,76.11,48.43,0.1651844235259525,0.1602790382723082,0.0655014677344033,0.1151081864382566,1.7427125372293124,0.0171158707131329,2025_RobCin_vs_ZJUNlict,proc_set_25.pkl,2025,A,9.1667,110,12,965.45,60,7.972842046446453,4.714417012807949,21.158788463791705,37.92326821006197,48.77702945842624,0.3140531714761573,0.2595407380671632,0.7178078949127624,1.0978476228465606,1.3966470356341776,0.0652383051566887,0.0186128454821838,0.1422288644326133
25,30→15,FDE,Seq2Seq,16.58,69.83,2025,2025-07-19_13-32_ELIMINATION_PHASE_RobôCin-vs-ZJUNlict.log,RobôCin vs ZJUNlict,0 Conhecidos,5.06,37.57,76.11,48.43,0.1651844235259525,0.1602790382723082,0.0655014677344033,0.1151081864382566,1.7427125372293124,0.0171158707131329,2025_RobCin_vs_ZJUNlict,proc_set_25.pkl,2025,A,9.1667,110,12,965.45,60,7.972842046446453,4.714417012807949,21.158788463791705,37.92326821006197,48.77702945842624,0.3140531714761573,0.2595407380671632,0.7178078949127624,1.0978476228465606,1.3966470356341776,0.0652383051566887,0.0186128454821838,0.1422288644326133
25,30→15,FDE,MLP,32.49,69.83,2025,2025-07-19_13-32_ELIMINATION_PHASE_RobôCin-vs-ZJUNlict.log,RobôCin vs ZJUNlict,0 Conhecidos,5.06,37.57,76.11,48.43,0.1651844235259525,0.1602790382723082,0.0655014677344033,0.1151081864382566,1.7427125372293124,0.0171158707131329,2025_RobCin_vs_ZJUNlict,proc_set_25.pkl,2025,A,9.1667,110,12,965.45,60,7.972842046446453,4.714417012807949,21.158788463791705,37.92326821006197,48.77702945842624,0.3140531714761573,0.2595407380671632,0.7178078949127624,1.0978476228465606,1.3966470356341776,0.0652383051566887,0.0186128454821838,0.1422288644326133
25,30→15,FDE,Kalman,54.93,69.83,2025,2025-07-19_13-32_ELIMINATION_PHASE_RobôCin-vs-ZJUNlict.log,RobôCin vs ZJUNlict,0 Conhecidos,5.06,37.57,76.11,48.43,0.1651844235259525,0.1602790382723082,0.0655014677344033,0.1151081864382566,1.7427125372293124,0.0171158707131329,2025_RobCin_vs_ZJUNlict,proc_set_25.pkl,2025,A,9.1667,110,12,965.45,60,7.972842046446453,4.714417012807949,21.158788463791705,37.92326821006197,48.77702945842624,0.3140531714761573,0.2595407380671632,0.7178078949127624,1.0978476228465606,1.3966470356341776,0.0652383051566887,0.0186128454821838,0.1422288644326133
25,30→15,MAE,Seq2Seq,3.21,76.06,2025,2025-07-19_13-32_ELIMINATION_PHASE_RobôCin-vs-ZJUNlict.log,RobôCin vs ZJUNlict,0 Conhecidos,5.06,37.57,76.11,48.43,0.1651844235259525,0.1602790382723082,0.0655014677344033,0.1151081864382566,1.7427125372293124,0.0171158707131329,2025_RobCin_vs_ZJUNlict,proc_set_25.pkl,2025,A,9.1667,110,12,965.45,60,7.972842046446453,4.714417012807949,21.158788463791705,37.92326821006197,48.77702945842624,0.3140531714761573,0.2595407380671632,0.7178078949127624,1.0978476228465606,1.3966470356341776,0.0652383051566887,0.0186128454821838,0.1422288644326133
25,30→15,MAE,MLP,7.75,76.06,2025,2025-07-19_13-32_ELIMINATION_PHASE_RobôCin-vs-ZJUNlict.log,RobôCin vs ZJUNlict,0 Conhecidos,5.06,37.57,76.11,48.43,0.1651844235259525,0.1602790382723082,0.0655014677344033,0.1151081864382566,1.7427125372293124,0.0171158707131329,2025_RobCin_vs_ZJUNlict,proc_set_25.pkl,2025,A,9.1667,110,12,965.45,60,7.972842046446453,4.714417012807949,21.158788463791705,37.92326821006197,48.77702945842624,0.3140531714761573,0.2595407380671632,0.7178078949127624,1.0978476228465606,1.3966470356341776,0.0652383051566887,0.0186128454821838,0.1422288644326133
25,30→15,MAE,Kalman,13.39,76.06,2025,2025-07-19_13-32_ELIMINATION_PHASE_RobôCin-vs-ZJUNlict.log,RobôCin vs ZJUNlict,0 Conhecidos,5.06,37.57,76.11,48.43,0.1651844235259525,0.1602790382723082,0.0655014677344033,0.1151081864382566,1.7427125372293124,0.0171158707131329,2025_RobCin_vs_ZJUNlict,proc_set_25.pkl,2025,A,9.1667,110,12,965.45,60,7.972842046446453,4.714417012807949,21.158788463791705,37.92326821006197,48.77702945842624,0.3140531714761573,0.2595407380671632,0.7178078949127624,1.0978476228465606,1.3966470356341776,0.0652383051566887,0.0186128454821838,0.1422288644326133
25,60→30,ADE,Seq2Seq,37.57,48.43,2025,2025-07-19_13-32_ELIMINATION_PHASE_RobôCin-vs-ZJUNlict.log,RobôCin vs ZJUNlict,0 Conhecidos,5.06,37.57,76.11,48.43,0.1651844235259525,0.1602790382723082,0.0655014677344033,0.1151081864382566,1.7427125372293124,0.0171158707131329,2025_RobCin_vs_ZJUNlict,proc_set_25.pkl,2025,A,9.1667,110,12,965.45,60,7.972842046446453,4.714417012807949,21.158788463791705,37.92326821006197,48.77702945842624,0.3140531714761573,0.2595407380671632,0.7178078949127624,1.0978476228465606,1.3966470356341776,0.0652383051566887,0.0186128454821838,0.1422288644326133
25,60→30,ADE,MLP,65.13,48.43,2025,2025-07-19_13-32_ELIMINATION_PHASE_RobôCin-vs-ZJUNlict.log,RobôCin vs ZJUNlict,0 Conhecidos,5.06,37.57,76.11,48.43,0.1651844235259525,0.1602790382723082,0.0655014677344033,0.1151081864382566,1.7427125372293124,0.0171158707131329,2025_RobCin_vs_ZJUNlict,proc_set_25.pkl,2025,A,9.1667,110,12,965.45,60,7.972842046446453,4.714417012807949,21.158788463791705,37.92326821006197,48.77702945842624,0.3140531714761573,0.2595407380671632,0.7178078949127624,1.0978476228465606,1.3966470356341776,0.0652383051566887,0.0186128454821838,0.1422288644326133
25,60→30,ADE,Kalman,72.84,48.43,2025,2025-07-19_13-32_ELIMINATION_PHASE_RobôCin-vs-ZJUNlict.log,RobôCin vs ZJUNlict,0 Conhecidos,5.06,37.57,76.11,48.43,0.1651844235259525,0.1602790382723082,0.0655014677344033,0.1151081864382566,1.7427125372293124,0.0171158707131329,2025_RobCin_vs_ZJUNlict,proc_set_25.pkl,2025,A,9.1667,110,12,965.45,60,7.972842046446453,4.714417012807949,21.158788463791705,37.92326821006197,48.77702945842624,0.3140531714761573,0.2595407380671632,0.7178078949127624,1.0978476228465606,1.3966470356341776,0.0652383051566887,0.0186128454821838,0.1422288644326133
25,60→30,FDE,Seq2Seq,120.89,37.43,2025,2025-07-19_13-32_ELIMINATION_PHASE_RobôCin-vs-ZJUNlict.log,RobôCin vs ZJUNlict,0 Conhecidos,5.06,37.57,76.11,48.43,0.1651844235259525,0.1602790382723082,0.0655014677344033,0.1151081864382566,1.7427125372293124,0.0171158707131329,2025_RobCin_vs_ZJUNlict,proc_set_25.pkl,2025,A,9.1667,110,12,965.45,60,7.972842046446453,4.714417012807949,21.158788463791705,37.92326821006197,48.77702945842624,0.3140531714761573,0.2595407380671632,0.7178078949127624,1.0978476228465606,1.3966470356341776,0.0652383051566887,0.0186128454821838,0.1422288644326133
25,60→30,FDE,MLP,178.84,37.43,2025,2025-07-19_13-32_ELIMINATION_PHASE_RobôCin-vs-ZJUNlict.log,RobôCin vs ZJUNlict,0 Conhecidos,5.06,37.57,76.11,48.43,0.1651844235259525,0.1602790382723082,0.0655014677344033,0.1151081864382566,1.7427125372293124,0.0171158707131329,2025_RobCin_vs_ZJUNlict,proc_set_25.pkl,2025,A,9.1667,110,12,965.45,60,7.972842046446453,4.714417012807949,21.158788463791705,37.92326821006197,48.77702945842624,0.3140531714761573,0.2595407380671632,0.7178078949127624,1.0978476228465606,1.3966470356341776,0.0652383051566887,0.0186128454821838,0.1422288644326133
25,60→30,FDE,Kalman,193.19,37.43,2025,2025-07-19_13-32_ELIMINATION_PHASE_RobôCin-vs-ZJUNlict.log,RobôCin vs ZJUNlict,0 Conhecidos,5.06,37.57,76.11,48.43,0.1651844235259525,0.1602790382723082,0.0655014677344033,0.1151081864382566,1.7427125372293124,0.0171158707131329,2025_RobCin_vs_ZJUNlict,proc_set_25.pkl,2025,A,9.1667,110,12,965.45,60,7.972842046446453,4.714417012807949,21.158788463791705,37.92326821006197,48.77702945842624,0.3140531714761573,0.2595407380671632,0.7178078949127624,1.0978476228465606,1.3966470356341776,0.0652383051566887,0.0186128454821838,0.1422288644326133
25,60→30,MAE,Seq2Seq,23.76,48.33,2025,2025-07-19_13-32_ELIMINATION_PHASE_RobôCin-vs-ZJUNlict.log,RobôCin vs ZJUNlict,0 Conhecidos,5.06,37.57,76.11,48.43,0.1651844235259525,0.1602790382723082,0.0655014677344033,0.1151081864382566,1.7427125372293124,0.0171158707131329,2025_RobCin_vs_ZJUNlict,proc_set_25.pkl,2025,A,9.1667,110,12,965.45,60,7.972842046446453,4.714417012807949,21.158788463791705,37.92326821006197,48.77702945842624,0.3140531714761573,0.2595407380671632,0.7178078949127624,1.0978476228465606,1.3966470356341776,0.0652383051566887,0.0186128454821838,0.1422288644326133
25,60→30,MAE,MLP,41.49,48.33,2025,2025-07-19_13-32_ELIMINATION_PHASE_RobôCin-vs-ZJUNlict.log,RobôCin vs ZJUNlict,0 Conhecidos,5.06,37.57,76.11,48.43,0.1651844235259525,0.1602790382723082,0.0655014677344033,0.1151081864382566,1.7427125372293124,0.0171158707131329,2025_RobCin_vs_ZJUNlict,proc_set_25.pkl,2025,A,9.1667,110,12,965.45,60,7.972842046446453,4.714417012807949,21.158788463791705,37.92326821006197,48.77702945842624,0.3140531714761573,0.2595407380671632,0.7178078949127624,1.0978476228465606,1.3966470356341776,0.0652383051566887,0.0186128454821838,0.1422288644326133
25,60→30,MAE,Kalman,45.98,48.33,2025,2025-07-19_13-32_ELIMINATION_PHASE_RobôCin-vs-ZJUNlict.log,RobôCin vs ZJUNlict,0 Conhecidos,5.06,37.57,76.11,48.43,0.1651844235259525,0.1602790382723082,0.0655014677344033,0.1151081864382566,1.7427125372293124,0.0171158707131329,2025_RobCin_vs_ZJUNlict,proc_set_25.pkl,2025,A,9.1667,110,12,965.45,60,7.972842046446453,4.714417012807949,21.158788463791705,37.92326821006197,48.77702945842624,0.3140531714761573,0.2595407380671632,0.7178078949127624,1.0978476228465606,1.3966470356341776,0.0652383051566887,0.0186128454821838,0.1422288644326133
26,30→15,ADE,Seq2Seq,4.98,75.73,2025,2025-07-20_15-31_ELIMINATION_PHASE_TIGERs_Mannheim-vs-ZJUNlict.log,TIGERs_Mannheim vs ZJUNlict,0 Conhecidos,4.98,35.1,75.73,50.93,0.2719885080132282,0.2685442786170794,0.1466894619689646,0.1571604330373221,4.459752242719439,0.0320702329661454,2025_TIGERs_Mannheim_vs_ZJUNlict,proc_set_26.pkl,2025,A,10.375,166,16,2623.43,60,10.697063052101752,8.673107109991331,24.77523999001585,39.99960013617413,53.333855365791486,0.3562792135032534,0.3505703283659015,0.6878407712614785,1.032203000090845,1.48341611266825,0.0502238113276797,0.0139635580119135,0.0970273504690138
26,30→15,ADE,MLP,12.55,75.73,2025,2025-07-20_15-31_ELIMINATION_PHASE_TIGERs_Mannheim-vs-ZJUNlict.log,TIGERs_Mannheim vs ZJUNlict,0 Conhecidos,4.98,35.1,75.73,50.93,0.2719885080132282,0.2685442786170794,0.1466894619689646,0.1571604330373221,4.459752242719439,0.0320702329661454,2025_TIGERs_Mannheim_vs_ZJUNlict,proc_set_26.pkl,2025,A,10.375,166,16,2623.43,60,10.697063052101752,8.673107109991331,24.77523999001585,39.99960013617413,53.333855365791486,0.3562792135032534,0.3505703283659015,0.6878407712614785,1.032203000090845,1.48341611266825,0.0502238113276797,0.0139635580119135,0.0970273504690138
26,30→15,ADE,Kalman,20.52,75.73,2025,2025-07-20_15-31_ELIMINATION_PHASE_TIGERs_Mannheim-vs-ZJUNlict.log,TIGERs_Mannheim vs ZJUNlict,0 Conhecidos,4.98,35.1,75.73,50.93,0.2719885080132282,0.2685442786170794,0.1466894619689646,0.1571604330373221,4.459752242719439,0.0320702329661454,2025_TIGERs_Mannheim_vs_ZJUNlict,proc_set_26.pkl,2025,A,10.375,166,16,2623.43,60,10.697063052101752,8.673107109991331,24.77523999001585,39.99960013617413,53.333855365791486,0.3562792135032534,0.3505703283659015,0.6878407712614785,1.032203000090845,1.48341611266825,0.0502238113276797,0.0139635580119135,0.0970273504690138
26,30→15,FDE,Seq2Seq,16.18,69.78,2025,2025-07-20_15-31_ELIMINATION_PHASE_TIGERs_Mannheim-vs-ZJUNlict.log,TIGERs_Mannheim vs ZJUNlict,0 Conhecidos,4.98,35.1,75.73,50.93,0.2719885080132282,0.2685442786170794,0.1466894619689646,0.1571604330373221,4.459752242719439,0.0320702329661454,2025_TIGERs_Mannheim_vs_ZJUNlict,proc_set_26.pkl,2025,A,10.375,166,16,2623.43,60,10.697063052101752,8.673107109991331,24.77523999001585,39.99960013617413,53.333855365791486,0.3562792135032534,0.3505703283659015,0.6878407712614785,1.032203000090845,1.48341611266825,0.0502238113276797,0.0139635580119135,0.0970273504690138
26,30→15,FDE,MLP,33.27,69.78,2025,2025-07-20_15-31_ELIMINATION_PHASE_TIGERs_Mannheim-vs-ZJUNlict.log,TIGERs_Mannheim vs ZJUNlict,0 Conhecidos,4.98,35.1,75.73,50.93,0.2719885080132282,0.2685442786170794,0.1466894619689646,0.1571604330373221,4.459752242719439,0.0320702329661454,2025_TIGERs_Mannheim_vs_ZJUNlict,proc_set_26.pkl,2025,A,10.375,166,16,2623.43,60,10.697063052101752,8.673107109991331,24.77523999001585,39.99960013617413,53.333855365791486,0.3562792135032534,0.3505703283659015,0.6878407712614785,1.032203000090845,1.48341611266825,0.0502238113276797,0.0139635580119135,0.0970273504690138
26,30→15,FDE,Kalman,53.54,69.78,2025,2025-07-20_15-31_ELIMINATION_PHASE_TIGERs_Mannheim-vs-ZJUNlict.log,TIGERs_Mannheim vs ZJUNlict,0 Conhecidos,4.98,35.1,75.73,50.93,0.2719885080132282,0.2685442786170794,0.1466894619689646,0.1571604330373221,4.459752242719439,0.0320702329661454,2025_TIGERs_Mannheim_vs_ZJUNlict,proc_set_26.pkl,2025,A,10.375,166,16,2623.43,60,10.697063052101752,8.673107109991331,24.77523999001585,39.99960013617413,53.333855365791486,0.3562792135032534,0.3505703283659015,0.6878407712614785,1.032203000090845,1.48341611266825,0.0502238113276797,0.0139635580119135,0.0970273504690138
26,30→15,MAE,Seq2Seq,3.15,75.69,2025,2025-07-20_15-31_ELIMINATION_PHASE_TIGERs_Mannheim-vs-ZJUNlict.log,TIGERs_Mannheim vs ZJUNlict,0 Conhecidos,4.98,35.1,75.73,50.93,0.2719885080132282,0.2685442786170794,0.1466894619689646,0.1571604330373221,4.459752242719439,0.0320702329661454,2025_TIGERs_Mannheim_vs_ZJUNlict,proc_set_26.pkl,2025,A,10.375,166,16,2623.43,60,10.697063052101752,8.673107109991331,24.77523999001585,39.99960013617413,53.333855365791486,0.3562792135032534,0.3505703283659015,0.6878407712614785,1.032203000090845,1.48341611266825,0.0502238113276797,0.0139635580119135,0.0970273504690138
26,30→15,MAE,MLP,7.99,75.69,2025,2025-07-20_15-31_ELIMINATION_PHASE_TIGERs_Mannheim-vs-ZJUNlict.log,TIGERs_Mannheim vs ZJUNlict,0 Conhecidos,4.98,35.1,75.73,50.93,0.2719885080132282,0.2685442786170794,0.1466894619689646,0.1571604330373221,4.459752242719439,0.0320702329661454,2025_TIGERs_Mannheim_vs_ZJUNlict,proc_set_26.pkl,2025,A,10.375,166,16,2623.43,60,10.697063052101752,8.673107109991331,24.77523999001585,39.99960013617413,53.333855365791486,0.3562792135032534,0.3505703283659015,0.6878407712614785,1.032203000090845,1.48341611266825,0.0502238113276797,0.0139635580119135,0.0970273504690138
26,30→15,MAE,Kalman,12.94,75.69,2025,2025-07-20_15-31_ELIMINATION_PHASE_TIGERs_Mannheim-vs-ZJUNlict.log,TIGERs_Mannheim vs ZJUNlict,0 Conhecidos,4.98,35.1,75.73,50.93,0.2719885080132282,0.2685442786170794,0.1466894619689646,0.1571604330373221,4.459752242719439,0.0320702329661454,2025_TIGERs_Mannheim_vs_ZJUNlict,proc_set_26.pkl,2025,A,10.375,166,16,2623.43,60,10.697063052101752,8.673107109991331,24.77523999001585,39.99960013617413,53.333855365791486,0.3562792135032534,0.3505703283659015,0.6878407712614785,1.032203000090845,1.48341611266825,0.0502238113276797,0.0139635580119135,0.0970273504690138
26,60→30,ADE,Seq2Seq,35.1,50.93,2025,2025-07-20_15-31_ELIMINATION_PHASE_TIGERs_Mannheim-vs-ZJUNlict.log,TIGERs_Mannheim vs ZJUNlict,0 Conhecidos,4.98,35.1,75.73,50.93,0.2719885080132282,0.2685442786170794,0.1466894619689646,0.1571604330373221,4.459752242719439,0.0320702329661454,2025_TIGERs_Mannheim_vs_ZJUNlict,proc_set_26.pkl,2025,A,10.375,166,16,2623.43,60,10.697063052101752,8.673107109991331,24.77523999001585,39.99960013617413,53.333855365791486,0.3562792135032534,0.3505703283659015,0.6878407712614785,1.032203000090845,1.48341611266825,0.0502238113276797,0.0139635580119135,0.0970273504690138
26,60→30,ADE,MLP,68.4,50.93,2025,2025-07-20_15-31_ELIMINATION_PHASE_TIGERs_Mannheim-vs-ZJUNlict.log,TIGERs_Mannheim vs ZJUNlict,0 Conhecidos,4.98,35.1,75.73,50.93,0.2719885080132282,0.2685442786170794,0.1466894619689646,0.1571604330373221,4.459752242719439,0.0320702329661454,2025_TIGERs_Mannheim_vs_ZJUNlict,proc_set_26.pkl,2025,A,10.375,166,16,2623.43,60,10.697063052101752,8.673107109991331,24.77523999001585,39.99960013617413,53.333855365791486,0.3562792135032534,0.3505703283659015,0.6878407712614785,1.032203000090845,1.48341611266825,0.0502238113276797,0.0139635580119135,0.0970273504690138
26,60→30,ADE,Kalman,71.55,50.93,2025,2025-07-20_15-31_ELIMINATION_PHASE_TIGERs_Mannheim-vs-ZJUNlict.log,TIGERs_Mannheim vs ZJUNlict,0 Conhecidos,4.98,35.1,75.73,50.93,0.2719885080132282,0.2685442786170794,0.1466894619689646,0.1571604330373221,4.459752242719439,0.0320702329661454,2025_TIGERs_Mannheim_vs_ZJUNlict,proc_set_26.pkl,2025,A,10.375,166,16,2623.43,60,10.697063052101752,8.673107109991331,24.77523999001585,39.99960013617413,53.333855365791486,0.3562792135032534,0.3505703283659015,0.6878407712614785,1.032203000090845,1.48341611266825,0.0502238113276797,0.0139635580119135,0.0970273504690138
26,60→30,FDE,Seq2Seq,112.6,41.27,2025,2025-07-20_15-31_ELIMINATION_PHASE_TIGERs_Mannheim-vs-ZJUNlict.log,TIGERs_Mannheim vs ZJUNlict,0 Conhecidos,4.98,35.1,75.73,50.93,0.2719885080132282,0.2685442786170794,0.1466894619689646,0.1571604330373221,4.459752242719439,0.0320702329661454,2025_TIGERs_Mannheim_vs_ZJUNlict,proc_set_26.pkl,2025,A,10.375,166,16,2623.43,60,10.697063052101752,8.673107109991331,24.77523999001585,39.99960013617413,53.333855365791486,0.3562792135032534,0.3505703283659015,0.6878407712614785,1.032203000090845,1.48341611266825,0.0502238113276797,0.0139635580119135,0.0970273504690138
26,60→30,FDE,MLP,189.03,41.27,2025,2025-07-20_15-31_ELIMINATION_PHASE_TIGERs_Mannheim-vs-ZJUNlict.log,TIGERs_Mannheim vs ZJUNlict,0 Conhecidos,4.98,35.1,75.73,50.93,0.2719885080132282,0.2685442786170794,0.1466894619689646,0.1571604330373221,4.459752242719439,0.0320702329661454,2025_TIGERs_Mannheim_vs_ZJUNlict,proc_set_26.pkl,2025,A,10.375,166,16,2623.43,60,10.697063052101752,8.673107109991331,24.77523999001585,39.99960013617413,53.333855365791486,0.3562792135032534,0.3505703283659015,0.6878407712614785,1.032203000090845,1.48341611266825,0.0502238113276797,0.0139635580119135,0.0970273504690138
26,60→30,FDE,Kalman,191.7,41.27,2025,2025-07-20_15-31_ELIMINATION_PHASE_TIGERs_Mannheim-vs-ZJUNlict.log,TIGERs_Mannheim vs ZJUNlict,0 Conhecidos,4.98,35.1,75.73,50.93,0.2719885080132282,0.2685442786170794,0.1466894619689646,0.1571604330373221,4.459752242719439,0.0320702329661454,2025_TIGERs_Mannheim_vs_ZJUNlict,proc_set_26.pkl,2025,A,10.375,166,16,2623.43,60,10.697063052101752,8.673107109991331,24.77523999001585,39.99960013617413,53.333855365791486,0.3562792135032534,0.3505703283659015,0.6878407712614785,1.032203000090845,1.48341611266825,0.0502238113276797,0.0139635580119135,0.0970273504690138
26,60→30,MAE,Seq2Seq,22.22,50.6,2025,2025-07-20_15-31_ELIMINATION_PHASE_TIGERs_Mannheim-vs-ZJUNlict.log,TIGERs_Mannheim vs ZJUNlict,0 Conhecidos,4.98,35.1,75.73,50.93,0.2719885080132282,0.2685442786170794,0.1466894619689646,0.1571604330373221,4.459752242719439,0.0320702329661454,2025_TIGERs_Mannheim_vs_ZJUNlict,proc_set_26.pkl,2025,A,10.375,166,16,2623.43,60,10.697063052101752,8.673107109991331,24.77523999001585,39.99960013617413,53.333855365791486,0.3562792135032534,0.3505703283659015,0.6878407712614785,1.032203000090845,1.48341611266825,0.0502238113276797,0.0139635580119135,0.0970273504690138
26,60→30,MAE,MLP,43.43,50.6,2025,2025-07-20_15-31_ELIMINATION_PHASE_TIGERs_Mannheim-vs-ZJUNlict.log,TIGERs_Mannheim vs ZJUNlict,0 Conhecidos,4.98,35.1,75.73,50.93,0.2719885080132282,0.2685442786170794,0.1466894619689646,0.1571604330373221,4.459752242719439,0.0320702329661454,2025_TIGERs_Mannheim_vs_ZJUNlict,proc_set_26.pkl,2025,A,10.375,166,16,2623.43,60,10.697063052101752,8.673107109991331,24.77523999001585,39.99960013617413,53.333855365791486,0.3562792135032534,0.3505703283659015,0.6878407712614785,1.032203000090845,1.48341611266825,0.0502238113276797,0.0139635580119135,0.0970273504690138
26,60→30,MAE,Kalman,44.98,50.6,2025,2025-07-20_15-31_ELIMINATION_PHASE_TIGERs_Mannheim-vs-ZJUNlict.log,TIGERs_Mannheim vs ZJUNlict,0 Conhecidos,4.98,35.1,75.73,50.93,0.2719885080132282,0.2685442786170794,0.1466894619689646,0.1571604330373221,4.459752242719439,0.0320702329661454,2025_TIGERs_Mannheim_vs_ZJUNlict,proc_set_26.pkl,2025,A,10.375,166,16,2623.43,60,10.697063052101752,8.673107109991331,24.77523999001585,39.99960013617413,53.333855365791486,0.3562792135032534,0.3505703283659015,0.6878407712614785,1.032203000090845,1.48341611266825,0.0502238113276797,0.0139635580119135,0.0970273504690138
27,30→15,ADE,Seq2Seq,5.47,73.1,2022,2022-07-13_09-12_RoboDragons-vs-ER-Force.log,RoboDragons vs ER Force,2 Conhecidos,5.47,37.18,73.1,48.8,0.1715297265679081,0.1917113268946255,0.1106482264986847,0.0950252385666497,3.1006366585088645,0.0316801051290365,2022_RoboDragons_vs_ERForce,proc_set_27.pkl,2022,A,7.75,93,12,1205.38,60,9.332011191982517,5.087055432360482,26.37692545939821,40.24607526655205,47.80230401884959,0.29501222737709,0.2260227298915652,0.6782856273268357,1.1518548401740514,1.8853509558783867,0.0506654453808087,0.0178168374772413,0.0991896153685935
27,30→15,ADE,MLP,13.001,73.1,2022,2022-07-13_09-12_RoboDragons-vs-ER-Force.log,RoboDragons vs ER Force,2 Conhecidos,5.47,37.18,73.1,48.8,0.1715297265679081,0.1917113268946255,0.1106482264986847,0.0950252385666497,3.1006366585088645,0.0316801051290365,2022_RoboDragons_vs_ERForce,proc_set_27.pkl,2022,A,7.75,93,12,1205.38,60,9.332011191982517,5.087055432360482,26.37692545939821,40.24607526655205,47.80230401884959,0.29501222737709,0.2260227298915652,0.6782856273268357,1.1518548401740514,1.8853509558783867,0.0506654453808087,0.0178168374772413,0.0991896153685935
27,30→15,ADE,Kalman,20.333,73.1,2022,2022-07-13_09-12_RoboDragons-vs-ER-Force.log,RoboDragons vs ER Force,2 Conhecidos,5.47,37.18,73.1,48.8,0.1715297265679081,0.1917113268946255,0.1106482264986847,0.0950252385666497,3.1006366585088645,0.0316801051290365,2022_RoboDragons_vs_ERForce,proc_set_27.pkl,2022,A,7.75,93,12,1205.38,60,9.332011191982517,5.087055432360482,26.37692545939821,40.24607526655205,47.80230401884959,0.29501222737709,0.2260227298915652,0.6782856273268357,1.1518548401740514,1.8853509558783867,0.0506654453808087,0.0178168374772413,0.0991896153685935
27,30→15,FDE,Seq2Seq,17.493,67.05,2022,2022-07-13_09-12_RoboDragons-vs-ER-Force.log,RoboDragons vs ER Force,2 Conhecidos,5.47,37.18,73.1,48.8,0.1715297265679081,0.1917113268946255,0.1106482264986847,0.0950252385666497,3.1006366585088645,0.0316801051290365,2022_RoboDragons_vs_ERForce,proc_set_27.pkl,2022,A,7.75,93,12,1205.38,60,9.332011191982517,5.087055432360482,26.37692545939821,40.24607526655205,47.80230401884959,0.29501222737709,0.2260227298915652,0.6782856273268357,1.1518548401740514,1.8853509558783867,0.0506654453808087,0.0178168374772413,0.0991896153685935
27,30→15,FDE,MLP,33.889,67.05,2022,2022-07-13_09-12_RoboDragons-vs-ER-Force.log,RoboDragons vs ER Force,2 Conhecidos,5.47,37.18,73.1,48.8,0.1715297265679081,0.1917113268946255,0.1106482264986847,0.0950252385666497,3.1006366585088645,0.0316801051290365,2022_RoboDragons_vs_ERForce,proc_set_27.pkl,2022,A,7.75,93,12,1205.38,60,9.332011191982517,5.087055432360482,26.37692545939821,40.24607526655205,47.80230401884959,0.29501222737709,0.2260227298915652,0.6782856273268357,1.1518548401740514,1.8853509558783867,0.0506654453808087,0.0178168374772413,0.0991896153685935
27,30→15,FDE,Kalman,53.083,67.05,2022,2022-07-13_09-12_RoboDragons-vs-ER-Force.log,RoboDragons vs ER Force,2 Conhecidos,5.47,37.18,73.1,48.8,0.1715297265679081,0.1917113268946255,0.1106482264986847,0.0950252385666497,3.1006366585088645,0.0316801051290365,2022_RoboDragons_vs_ERForce,proc_set_27.pkl,2022,A,7.75,93,12,1205.38,60,9.332011191982517,5.087055432360482,26.37692545939821,40.24607526655205,47.80230401884959,0.29501222737709,0.2260227298915652,0.6782856273268357,1.1518548401740514,1.8853509558783867,0.0506654453808087,0.0178168374772413,0.0991896153685935
27,30→15,MAE,Seq2Seq,3.505,72.92,2022,2022-07-13_09-12_RoboDragons-vs-ER-Force.log,RoboDragons vs ER Force,2 Conhecidos,5.47,37.18,73.1,48.8,0.1715297265679081,0.1917113268946255,0.1106482264986847,0.0950252385666497,3.1006366585088645,0.0316801051290365,2022_RoboDragons_vs_ERForce,proc_set_27.pkl,2022,A,7.75,93,12,1205.38,60,9.332011191982517,5.087055432360482,26.37692545939821,40.24607526655205,47.80230401884959,0.29501222737709,0.2260227298915652,0.6782856273268357,1.1518548401740514,1.8853509558783867,0.0506654453808087,0.0178168374772413,0.0991896153685935
27,30→15,MAE,MLP,8.268,72.92,2022,2022-07-13_09-12_RoboDragons-vs-ER-Force.log,RoboDragons vs ER Force,2 Conhecidos,5.47,37.18,73.1,48.8,0.1715297265679081,0.1917113268946255,0.1106482264986847,0.0950252385666497,3.1006366585088645,0.0316801051290365,2022_RoboDragons_vs_ERForce,proc_set_27.pkl,2022,A,7.75,93,12,1205.38,60,9.332011191982517,5.087055432360482,26.37692545939821,40.24607526655205,47.80230401884959,0.29501222737709,0.2260227298915652,0.6782856273268357,1.1518548401740514,1.8853509558783867,0.0506654453808087,0.0178168374772413,0.0991896153685935
27,30→15,MAE,Kalman,12.941,72.92,2022,2022-07-13_09-12_RoboDragons-vs-ER-Force.log,RoboDragons vs ER Force,2 Conhecidos,5.47,37.18,73.1,48.8,0.1715297265679081,0.1917113268946255,0.1106482264986847,0.0950252385666497,3.1006366585088645,0.0316801051290365,2022_RoboDragons_vs_ERForce,proc_set_27.pkl,2022,A,7.75,93,12,1205.38,60,9.332011191982517,5.087055432360482,26.37692545939821,40.24607526655205,47.80230401884959,0.29501222737709,0.2260227298915652,0.6782856273268357,1.1518548401740514,1.8853509558783867,0.0506654453808087,0.0178168374772413,0.0991896153685935
27,60→30,ADE,Seq2Seq,37.179,48.8,2022,2022-07-13_09-12_RoboDragons-vs-ER-Force.log,RoboDragons vs ER Force,2 Conhecidos,5.47,37.18,73.1,48.8,0.1715297265679081,0.1917113268946255,0.1106482264986847,0.0950252385666497,3.1006366585088645,0.0316801051290365,2022_RoboDragons_vs_ERForce,proc_set_27.pkl,2022,A,7.75,93,12,1205.38,60,9.332011191982517,5.087055432360482,26.37692545939821,40.24607526655205,47.80230401884959,0.29501222737709,0.2260227298915652,0.6782856273268357,1.1518548401740514,1.8853509558783867,0.0506654453808087,0.0178168374772413,0.0991896153685935
27,60→30,ADE,MLP,71.024,48.8,2022,2022-07-13_09-12_RoboDragons-vs-ER-Force.log,RoboDragons vs ER Force,2 Conhecidos,5.47,37.18,73.1,48.8,0.1715297265679081,0.1917113268946255,0.1106482264986847,0.0950252385666497,3.1006366585088645,0.0316801051290365,2022_RoboDragons_vs_ERForce,proc_set_27.pkl,2022,A,7.75,93,12,1205.38,60,9.332011191982517,5.087055432360482,26.37692545939821,40.24607526655205,47.80230401884959,0.29501222737709,0.2260227298915652,0.6782856273268357,1.1518548401740514,1.8853509558783867,0.0506654453808087,0.0178168374772413,0.0991896153685935
27,60→30,ADE,Kalman,72.644,48.8,2022,2022-07-13_09-12_RoboDragons-vs-ER-Force.log,RoboDragons vs ER Force,2 Conhecidos,5.47,37.18,73.1,48.8,0.1715297265679081,0.1917113268946255,0.1106482264986847,0.0950252385666497,3.1006366585088645,0.0316801051290365,2022_RoboDragons_vs_ERForce,proc_set_27.pkl,2022,A,7.75,93,12,1205.38,60,9.332011191982517,5.087055432360482,26.37692545939821,40.24607526655205,47.80230401884959,0.29501222737709,0.2260227298915652,0.6782856273268357,1.1518548401740514,1.8853509558783867,0.0506654453808087,0.0178168374772413,0.0991896153685935
27,60→30,FDE,Seq2Seq,118.179,39.58,2022,2022-07-13_09-12_RoboDragons-vs-ER-Force.log,RoboDragons vs ER Force,2 Conhecidos,5.47,37.18,73.1,48.8,0.1715297265679081,0.1917113268946255,0.1106482264986847,0.0950252385666497,3.1006366585088645,0.0316801051290365,2022_RoboDragons_vs_ERForce,proc_set_27.pkl,2022,A,7.75,93,12,1205.38,60,9.332011191982517,5.087055432360482,26.37692545939821,40.24607526655205,47.80230401884959,0.29501222737709,0.2260227298915652,0.6782856273268357,1.1518548401740514,1.8853509558783867,0.0506654453808087,0.0178168374772413,0.0991896153685935
27,60→30,FDE,MLP,194.723,39.58,2022,2022-07-13_09-12_RoboDragons-vs-ER-Force.log,RoboDragons vs ER Force,2 Conhecidos,5.47,37.18,73.1,48.8,0.1715297265679081,0.1917113268946255,0.1106482264986847,0.0950252385666497,3.1006366585088645,0.0316801051290365,2022_RoboDragons_vs_ERForce,proc_set_27.pkl,2022,A,7.75,93,12,1205.38,60,9.332011191982517,5.087055432360482,26.37692545939821,40.24607526655205,47.80230401884959,0.29501222737709,0.2260227298915652,0.6782856273268357,1.1518548401740514,1.8853509558783867,0.0506654453808087,0.0178168374772413,0.0991896153685935
27,60→30,FDE,Kalman,195.596,39.58,2022,2022-07-13_09-12_RoboDragons-vs-ER-Force.log,RoboDragons vs ER Force,2 Conhecidos,5.47,37.18,73.1,48.8,0.1715297265679081,0.1917113268946255,0.1106482264986847,0.0950252385666497,3.1006366585088645,0.0316801051290365,2022_RoboDragons_vs_ERForce,proc_set_27.pkl,2022,A,7.75,93,12,1205.38,60,9.332011191982517,5.087055432360482,26.37692545939821,40.24607526655205,47.80230401884959,0.29501222737709,0.2260227298915652,0.6782856273268357,1.1518548401740514,1.8853509558783867,0.0506654453808087,0.0178168374772413,0.0991896153685935
27,60→30,MAE,Seq2Seq,23.726,48.7,2022,2022-07-13_09-12_RoboDragons-vs-ER-Force.log,RoboDragons vs ER Force,2 Conhecidos,5.47,37.18,73.1,48.8,0.1715297265679081,0.1917113268946255,0.1106482264986847,0.0950252385666497,3.1006366585088645,0.0316801051290365,2022_RoboDragons_vs_ERForce,proc_set_27.pkl,2022,A,7.75,93,12,1205.38,60,9.332011191982517,5.087055432360482,26.37692545939821,40.24607526655205,47.80230401884959,0.29501222737709,0.2260227298915652,0.6782856273268357,1.1518548401740514,1.8853509558783867,0.0506654453808087,0.0178168374772413,0.0991896153685935
27,60→30,MAE,MLP,45.24,48.7,2022,2022-07-13_09-12_RoboDragons-vs-ER-Force.log,RoboDragons vs ER Force,2 Conhecidos,5.47,37.18,73.1,48.8,0.1715297265679081,0.1917113268946255,0.1106482264986847,0.0950252385666497,3.1006366585088645,0.0316801051290365,2022_RoboDragons_vs_ERForce,proc_set_27.pkl,2022,A,7.75,93,12,1205.38,60,9.332011191982517,5.087055432360482,26.37692545939821,40.24607526655205,47.80230401884959,0.29501222737709,0.2260227298915652,0.6782856273268357,1.1518548401740514,1.8853509558783867,0.0506654453808087,0.0178168374772413,0.0991896153685935
27,60→30,MAE,Kalman,46.256,48.7,2022,2022-07-13_09-12_RoboDragons-vs-ER-Force.log,RoboDragons vs ER Force,2 Conhecidos,5.47,37.18,73.1,48.8,0.1715297265679081,0.1917113268946255,0.1106482264986847,0.0950252385666497,3.1006366585088645,0.0316801051290365,2022_RoboDragons_vs_ERForce,proc_set_27.pkl,2022,A,7.75,93,12,1205.38,60,9.332011191982517,5.087055432360482,26.37692545939821,40.24607526655205,47.80230401884959,0.29501222737709,0.2260227298915652,0.6782856273268357,1.1518548401740514,1.8853509558783867,0.0506654453808087,0.0178168374772413,0.0991896153685935
28,30→15,ADE,Seq2Seq,4.98,73.06,2022,2022-07-13_10-49_RoboTeam_Twente-vs-TIGERs_Mannheim.log,RoboTeam_Twente vs TIGERs_Mannheim,1 Conhecido,4.98,32.02,73.1,50.99,0.1726271881639812,0.2065487237962139,0.11749150231284,0.1006137871396225,3.8888824594025806,0.0282482003438775,2022_RoboTeam_Twente_vs_TIGERs_Mannheim,proc_set_28.pkl,2022,A,7.9545,175,22,3148.4,60,10.12260611249368,7.240699627248472,25.50628762081153,40.37255990085737,50.92224776752593,0.2902698265367953,0.2623045997715638,0.6093917762135541,0.7933879592309696,1.2696020354848792,0.0540397999732348,0.0158747398457288,0.1054179286000081
28,30→15,ADE,MLP,11.856,73.06,2022,2022-07-13_10-49_RoboTeam_Twente-vs-TIGERs_Mannheim.log,RoboTeam_Twente vs TIGERs_Mannheim,1 Conhecido,4.98,32.02,73.1,50.99,0.1726271881639812,0.2065487237962139,0.11749150231284,0.1006137871396225,3.8888824594025806,0.0282482003438775,2022_RoboTeam_Twente_vs_TIGERs_Mannheim,proc_set_28.pkl,2022,A,7.9545,175,22,3148.4,60,10.12260611249368,7.240699627248472,25.50628762081153,40.37255990085737,50.92224776752593,0.2902698265367953,0.2623045997715638,0.6093917762135541,0.7933879592309696,1.2696020354848792,0.0540397999732348,0.0158747398457288,0.1054179286000081
28,30→15,ADE,Kalman,18.49,73.06,2022,2022-07-13_10-49_RoboTeam_Twente-vs-TIGERs_Mannheim.log,RoboTeam_Twente vs TIGERs_Mannheim,1 Conhecido,4.98,32.02,73.1,50.99,0.1726271881639812,0.2065487237962139,0.11749150231284,0.1006137871396225,3.8888824594025806,0.0282482003438775,2022_RoboTeam_Twente_vs_TIGERs_Mannheim,proc_set_28.pkl,2022,A,7.9545,175,22,3148.4,60,10.12260611249368,7.240699627248472,25.50628762081153,40.37255990085737,50.92224776752593,0.2902698265367953,0.2623045997715638,0.6093917762135541,0.7933879592309696,1.2696020354848792,0.0540397999732348,0.0158747398457288,0.1054179286000081
28,30→15,FDE,Seq2Seq,15.794,67.29,2022,2022-07-13_10-49_RoboTeam_Twente-vs-TIGERs_Mannheim.log,RoboTeam_Twente vs TIGERs_Mannheim,1 Conhecido,4.98,32.02,73.1,50.99,0.1726271881639812,0.2065487237962139,0.11749150231284,0.1006137871396225,3.8888824594025806,0.0282482003438775,2022_RoboTeam_Twente_vs_TIGERs_Mannheim,proc_set_28.pkl,2022,A,7.9545,175,22,3148.4,60,10.12260611249368,7.240699627248472,25.50628762081153,40.37255990085737,50.92224776752593,0.2902698265367953,0.2623045997715638,0.6093917762135541,0.7933879592309696,1.2696020354848792,0.0540397999732348,0.0158747398457288,0.1054179286000081
28,30→15,FDE,MLP,30.938,67.29,2022,2022-07-13_10-49_RoboTeam_Twente-vs-TIGERs_Mannheim.log,RoboTeam_Twente vs TIGERs_Mannheim,1 Conhecido,4.98,32.02,73.1,50.99,0.1726271881639812,0.2065487237962139,0.11749150231284,0.1006137871396225,3.8888824594025806,0.0282482003438775,2022_RoboTeam_Twente_vs_TIGERs_Mannheim,proc_set_28.pkl,2022,A,7.9545,175,22,3148.4,60,10.12260611249368,7.240699627248472,25.50628762081153,40.37255990085737,50.92224776752593,0.2902698265367953,0.2623045997715638,0.6093917762135541,0.7933879592309696,1.2696020354848792,0.0540397999732348,0.0158747398457288,0.1054179286000081
28,30→15,FDE,Kalman,48.28,67.29,2022,2022-07-13_10-49_RoboTeam_Twente-vs-TIGERs_Mannheim.log,RoboTeam_Twente vs TIGERs_Mannheim,1 Conhecido,4.98,32.02,73.1,50.99,0.1726271881639812,0.2065487237962139,0.11749150231284,0.1006137871396225,3.8888824594025806,0.0282482003438775,2022_RoboTeam_Twente_vs_TIGERs_Mannheim,proc_set_28.pkl,2022,A,7.9545,175,22,3148.4,60,10.12260611249368,7.240699627248472,25.50628762081153,40.37255990085737,50.92224776752593,0.2902698265367953,0.2623045997715638,0.6093917762135541,0.7933879592309696,1.2696020354848792,0.0540397999732348,0.0158747398457288,0.1054179286000081
28,30→15,MAE,Seq2Seq,3.148,73.04,2022,2022-07-13_10-49_RoboTeam_Twente-vs-TIGERs_Mannheim.log,RoboTeam_Twente vs TIGERs_Mannheim,1 Conhecido,4.98,32.02,73.1,50.99,0.1726271881639812,0.2065487237962139,0.11749150231284,0.1006137871396225,3.8888824594025806,0.0282482003438775,2022_RoboTeam_Twente_vs_TIGERs_Mannheim,proc_set_28.pkl,2022,A,7.9545,175,22,3148.4,60,10.12260611249368,7.240699627248472,25.50628762081153,40.37255990085737,50.92224776752593,0.2902698265367953,0.2623045997715638,0.6093917762135541,0.7933879592309696,1.2696020354848792,0.0540397999732348,0.0158747398457288,0.1054179286000081
28,30→15,MAE,MLP,7.544,73.04,2022,2022-07-13_10-49_RoboTeam_Twente-vs-TIGERs_Mannheim.log,RoboTeam_Twente vs TIGERs_Mannheim,1 Conhecido,4.98,32.02,73.1,50.99,0.1726271881639812,0.2065487237962139,0.11749150231284,0.1006137871396225,3.8888824594025806,0.0282482003438775,2022_RoboTeam_Twente_vs_TIGERs_Mannheim,proc_set_28.pkl,2022,A,7.9545,175,22,3148.4,60,10.12260611249368,7.240699627248472,25.50628762081153,40.37255990085737,50.92224776752593,0.2902698265367953,0.2623045997715638,0.6093917762135541,0.7933879592309696,1.2696020354848792,0.0540397999732348,0.0158747398457288,0.1054179286000081
28,30→15,MAE,Kalman,11.676,73.04,2022,2022-07-13_10-49_RoboTeam_Twente-vs-TIGERs_Mannheim.log,RoboTeam_Twente vs TIGERs_Mannheim,1 Conhecido,4.98,32.02,73.1,50.99,0.1726271881639812,0.2065487237962139,0.11749150231284,0.1006137871396225,3.8888824594025806,0.0282482003438775,2022_RoboTeam_Twente_vs_TIGERs_Mannheim,proc_set_28.pkl,2022,A,7.9545,175,22,3148.4,60,10.12260611249368,7.240699627248472,25.50628762081153,40.37255990085737,50.92224776752593,0.2902698265367953,0.2623045997715638,0.6093917762135541,0.7933879592309696,1.2696020354848792,0.0540397999732348,0.0158747398457288,0.1054179286000081
28,60→30,ADE,Seq2Seq,32.016,50.99,2022,2022-07-13_10-49_RoboTeam_Twente-vs-TIGERs_Mannheim.log,RoboTeam_Twente vs TIGERs_Mannheim,1 Conhecido,4.98,32.02,73.1,50.99,0.1726271881639812,0.2065487237962139,0.11749150231284,0.1006137871396225,3.8888824594025806,0.0282482003438775,2022_RoboTeam_Twente_vs_TIGERs_Mannheim,proc_set_28.pkl,2022,A,7.9545,175,22,3148.4,60,10.12260611249368,7.240699627248472,25.50628762081153,40.37255990085737,50.92224776752593,0.2902698265367953,0.2623045997715638,0.6093917762135541,0.7933879592309696,1.2696020354848792,0.0540397999732348,0.0158747398457288,0.1054179286000081
28,60→30,ADE,MLP,66.254,50.99,2022,2022-07-13_10-49_RoboTeam_Twente-vs-TIGERs_Mannheim.log,RoboTeam_Twente vs TIGERs_Mannheim,1 Conhecido,4.98,32.02,73.1,50.99,0.1726271881639812,0.2065487237962139,0.11749150231284,0.1006137871396225,3.8888824594025806,0.0282482003438775,2022_RoboTeam_Twente_vs_TIGERs_Mannheim,proc_set_28.pkl,2022,A,7.9545,175,22,3148.4,60,10.12260611249368,7.240699627248472,25.50628762081153,40.37255990085737,50.92224776752593,0.2902698265367953,0.2623045997715638,0.6093917762135541,0.7933879592309696,1.2696020354848792,0.0540397999732348,0.0158747398457288,0.1054179286000081
28,60→30,ADE,Kalman,65.344,50.99,2022,2022-07-13_10-49_RoboTeam_Twente-vs-TIGERs_Mannheim.log,RoboTeam_Twente vs TIGERs_Mannheim,1 Conhecido,4.98,32.02,73.1,50.99,0.1726271881639812,0.2065487237962139,0.11749150231284,0.1006137871396225,3.8888824594025806,0.0282482003438775,2022_RoboTeam_Twente_vs_TIGERs_Mannheim,proc_set_28.pkl,2022,A,7.9545,175,22,3148.4,60,10.12260611249368,7.240699627248472,25.50628762081153,40.37255990085737,50.92224776752593,0.2902698265367953,0.2623045997715638,0.6093917762135541,0.7933879592309696,1.2696020354848792,0.0540397999732348,0.0158747398457288,0.1054179286000081
28,60→30,FDE,Seq2Seq,101.876,42.42,2022,2022-07-13_10-49_RoboTeam_Twente-vs-TIGERs_Mannheim.log,RoboTeam_Twente vs TIGERs_Mannheim,1 Conhecido,4.98,32.02,73.1,50.99,0.1726271881639812,0.2065487237962139,0.11749150231284,0.1006137871396225,3.8888824594025806,0.0282482003438775,2022_RoboTeam_Twente_vs_TIGERs_Mannheim,proc_set_28.pkl,2022,A,7.9545,175,22,3148.4,60,10.12260611249368,7.240699627248472,25.50628762081153,40.37255990085737,50.92224776752593,0.2902698265367953,0.2623045997715638,0.6093917762135541,0.7933879592309696,1.2696020354848792,0.0540397999732348,0.0158747398457288,0.1054179286000081
28,60→30,FDE,MLP,183.372,42.42,2022,2022-07-13_10-49_RoboTeam_Twente-vs-TIGERs_Mannheim.log,RoboTeam_Twente vs TIGERs_Mannheim,1 Conhecido,4.98,32.02,73.1,50.99,0.1726271881639812,0.2065487237962139,0.11749150231284,0.1006137871396225,3.8888824594025806,0.0282482003438775,2022_RoboTeam_Twente_vs_TIGERs_Mannheim,proc_set_28.pkl,2022,A,7.9545,175,22,3148.4,60,10.12260611249368,7.240699627248472,25.50628762081153,40.37255990085737,50.92224776752593,0.2902698265367953,0.2623045997715638,0.6093917762135541,0.7933879592309696,1.2696020354848792,0.0540397999732348,0.0158747398457288,0.1054179286000081
28,60→30,FDE,Kalman,176.94,42.42,2022,2022-07-13_10-49_RoboTeam_Twente-vs-TIGERs_Mannheim.log,RoboTeam_Twente vs TIGERs_Mannheim,1 Conhecido,4.98,32.02,73.1,50.99,0.1726271881639812,0.2065487237962139,0.11749150231284,0.1006137871396225,3.8888824594025806,0.0282482003438775,2022_RoboTeam_Twente_vs_TIGERs_Mannheim,proc_set_28.pkl,2022,A,7.9545,175,22,3148.4,60,10.12260611249368,7.240699627248472,25.50628762081153,40.37255990085737,50.92224776752593,0.2902698265367953,0.2623045997715638,0.6093917762135541,0.7933879592309696,1.2696020354848792,0.0540397999732348,0.0158747398457288,0.1054179286000081
28,60→30,MAE,Seq2Seq,20.314,50.89,2022,2022-07-13_10-49_RoboTeam_Twente-vs-TIGERs_Mannheim.log,RoboTeam_Twente vs TIGERs_Mannheim,1 Conhecido,4.98,32.02,73.1,50.99,0.1726271881639812,0.2065487237962139,0.11749150231284,0.1006137871396225,3.8888824594025806,0.0282482003438775,2022_RoboTeam_Twente_vs_TIGERs_Mannheim,proc_set_28.pkl,2022,A,7.9545,175,22,3148.4,60,10.12260611249368,7.240699627248472,25.50628762081153,40.37255990085737,50.92224776752593,0.2902698265367953,0.2623045997715638,0.6093917762135541,0.7933879592309696,1.2696020354848792,0.0540397999732348,0.0158747398457288,0.1054179286000081
28,60→30,MAE,MLP,42.324,50.89,2022,2022-07-13_10-49_RoboTeam_Twente-vs-TIGERs_Mannheim.log,RoboTeam_Twente vs TIGERs_Mannheim,1 Conhecido,4.98,32.02,73.1,50.99,0.1726271881639812,0.2065487237962139,0.11749150231284,0.1006137871396225,3.8888824594025806,0.0282482003438775,2022_RoboTeam_Twente_vs_TIGERs_Mannheim,proc_set_28.pkl,2022,A,7.9545,175,22,3148.4,60,10.12260611249368,7.240699627248472,25.50628762081153,40.37255990085737,50.92224776752593,0.2902698265367953,0.2623045997715638,0.6093917762135541,0.7933879592309696,1.2696020354848792,0.0540397999732348,0.0158747398457288,0.1054179286000081
28,60→30,MAE,Kalman,41.37,50.89,2022,2022-07-13_10-49_RoboTeam_Twente-vs-TIGERs_Mannheim.log,RoboTeam_Twente vs TIGERs_Mannheim,1 Conhecido,4.98,32.02,73.1,50.99,0.1726271881639812,0.2065487237962139,0.11749150231284,0.1006137871396225,3.8888824594025806,0.0282482003438775,2022_RoboTeam_Twente_vs_TIGERs_Mannheim,proc_set_28.pkl,2022,A,7.9545,175,22,3148.4,60,10.12260611249368,7.240699627248472,25.50628762081153,40.37255990085737,50.92224776752593,0.2902698265367953,0.2623045997715638,0.6093917762135541,0.7933879592309696,1.2696020354848792,0.0540397999732348,0.0158747398457288,0.1054179286000081
29,30→15,ADE,Seq2Seq,4.218,74.56,2022,2022-07-13_12-10_KIKS-vs-ER-Force.log,KIKS vs ER Force,1 Conhecido,4.22,29.58,74.55,48.86,0.1793061100684303,0.1816348735777496,0.1107236896489914,0.0629724230760107,2.024433490388233,0.0271828098975118,2022_KIKS_vs_ERForce,proc_set_29.pkl,2022,A,7.9,79,10,1582.0,60,8.252261559043026,4.773347550687217,22.094556277126777,37.45419872607719,47.08719137056772,0.2562978918153841,0.2127328501905616,0.5647612221884705,0.8803788526161778,1.3589305158099068,0.0551415678161521,0.0159014252733085,0.1167621474028122
29,30→15,ADE,MLP,10.983,74.56,2022,2022-07-13_12-10_KIKS-vs-ER-Force.log,KIKS vs ER Force,1 Conhecido,4.22,29.58,74.55,48.86,0.1793061100684303,0.1816348735777496,0.1107236896489914,0.0629724230760107,2.024433490388233,0.0271828098975118,2022_KIKS_vs_ERForce,proc_set_29.pkl,2022,A,7.9,79,10,1582.0,60,8.252261559043026,4.773347550687217,22.094556277126777,37.45419872607719,47.08719137056772,0.2562978918153841,0.2127328501905616,0.5647612221884705,0.8803788526161778,1.3589305158099068,0.0551415678161521,0.0159014252733085,0.1167621474028122
29,30→15,ADE,Kalman,16.583,74.56,2022,2022-07-13_12-10_KIKS-vs-ER-Force.log,KIKS vs ER Force,1 Conhecido,4.22,29.58,74.55,48.86,0.1793061100684303,0.1816348735777496,0.1107236896489914,0.0629724230760107,2.024433490388233,0.0271828098975118,2022_KIKS_vs_ERForce,proc_set_29.pkl,2022,A,7.9,79,10,1582.0,60,8.252261559043026,4.773347550687217,22.094556277126777,37.45419872607719,47.08719137056772,0.2562978918153841,0.2127328501905616,0.5647612221884705,0.8803788526161778,1.3589305158099068,0.0551415678161521,0.0159014252733085,0.1167621474028122
29,30→15,FDE,Seq2Seq,13.53,68.78,2022,2022-07-13_12-10_KIKS-vs-ER-Force.log,KIKS vs ER Force,1 Conhecido,4.22,29.58,74.55,48.86,0.1793061100684303,0.1816348735777496,0.1107236896489914,0.0629724230760107,2.024433490388233,0.0271828098975118,2022_KIKS_vs_ERForce,proc_set_29.pkl,2022,A,7.9,79,10,1582.0,60,8.252261559043026,4.773347550687217,22.094556277126777,37.45419872607719,47.08719137056772,0.2562978918153841,0.2127328501905616,0.5647612221884705,0.8803788526161778,1.3589305158099068,0.0551415678161521,0.0159014252733085,0.1167621474028122
29,30→15,FDE,MLP,28.686,68.78,2022,2022-07-13_12-10_KIKS-vs-ER-Force.log,KIKS vs ER Force,1 Conhecido,4.22,29.58,74.55,48.86,0.1793061100684303,0.1816348735777496,0.1107236896489914,0.0629724230760107,2.024433490388233,0.0271828098975118,2022_KIKS_vs_ERForce,proc_set_29.pkl,2022,A,7.9,79,10,1582.0,60,8.252261559043026,4.773347550687217,22.094556277126777,37.45419872607719,47.08719137056772,0.2562978918153841,0.2127328501905616,0.5647612221884705,0.8803788526161778,1.3589305158099068,0.0551415678161521,0.0159014252733085,0.1167621474028122
29,30→15,FDE,Kalman,43.333,68.78,2022,2022-07-13_12-10_KIKS-vs-ER-Force.log,KIKS vs ER Force,1 Conhecido,4.22,29.58,74.55,48.86,0.1793061100684303,0.1816348735777496,0.1107236896489914,0.0629724230760107,2.024433490388233,0.0271828098975118,2022_KIKS_vs_ERForce,proc_set_29.pkl,2022,A,7.9,79,10,1582.0,60,8.252261559043026,4.773347550687217,22.094556277126777,37.45419872607719,47.08719137056772,0.2562978918153841,0.2127328501905616,0.5647612221884705,0.8803788526161778,1.3589305158099068,0.0551415678161521,0.0159014252733085,0.1167621474028122
29,30→15,MAE,Seq2Seq,2.669,74.41,2022,2022-07-13_12-10_KIKS-vs-ER-Force.log,KIKS vs ER Force,1 Conhecido,4.22,29.58,74.55,48.86,0.1793061100684303,0.1816348735777496,0.1107236896489914,0.0629724230760107,2.024433490388233,0.0271828098975118,2022_KIKS_vs_ERForce,proc_set_29.pkl,2022,A,7.9,79,10,1582.0,60,8.252261559043026,4.773347550687217,22.094556277126777,37.45419872607719,47.08719137056772,0.2562978918153841,0.2127328501905616,0.5647612221884705,0.8803788526161778,1.3589305158099068,0.0551415678161521,0.0159014252733085,0.1167621474028122
29,30→15,MAE,MLP,6.98,74.41,2022,2022-07-13_12-10_KIKS-vs-ER-Force.log,KIKS vs ER Force,1 Conhecido,4.22,29.58,74.55,48.86,0.1793061100684303,0.1816348735777496,0.1107236896489914,0.0629724230760107,2.024433490388233,0.0271828098975118,2022_KIKS_vs_ERForce,proc_set_29.pkl,2022,A,7.9,79,10,1582.0,60,8.252261559043026,4.773347550687217,22.094556277126777,37.45419872607719,47.08719137056772,0.2562978918153841,0.2127328501905616,0.5647612221884705,0.8803788526161778,1.3589305158099068,0.0551415678161521,0.0159014252733085,0.1167621474028122
29,30→15,MAE,Kalman,10.43,74.41,2022,2022-07-13_12-10_KIKS-vs-ER-Force.log,KIKS vs ER Force,1 Conhecido,4.22,29.58,74.55,48.86,0.1793061100684303,0.1816348735777496,0.1107236896489914,0.0629724230760107,2.024433490388233,0.0271828098975118,2022_KIKS_vs_ERForce,proc_set_29.pkl,2022,A,7.9,79,10,1582.0,60,8.252261559043026,4.773347550687217,22.094556277126777,37.45419872607719,47.08719137056772,0.2562978918153841,0.2127328501905616,0.5647612221884705,0.8803788526161778,1.3589305158099068,0.0551415678161521,0.0159014252733085,0.1167621474028122
29,60→30,ADE,Seq2Seq,29.58,48.86,2022,2022-07-13_12-10_KIKS-vs-ER-Force.log,KIKS vs ER Force,1 Conhecido,4.22,29.58,74.55,48.86,0.1793061100684303,0.1816348735777496,0.1107236896489914,0.0629724230760107,2.024433490388233,0.0271828098975118,2022_KIKS_vs_ERForce,proc_set_29.pkl,2022,A,7.9,79,10,1582.0,60,8.252261559043026,4.773347550687217,22.094556277126777,37.45419872607719,47.08719137056772,0.2562978918153841,0.2127328501905616,0.5647612221884705,0.8803788526161778,1.3589305158099068,0.0551415678161521,0.0159014252733085,0.1167621474028122
29,60→30,ADE,MLP,57.242,48.86,2022,2022-07-13_12-10_KIKS-vs-ER-Force.log,KIKS vs ER Force,1 Conhecido,4.22,29.58,74.55,48.86,0.1793061100684303,0.1816348735777496,0.1107236896489914,0.0629724230760107,2.024433490388233,0.0271828098975118,2022_KIKS_vs_ERForce,proc_set_29.pkl,2022,A,7.9,79,10,1582.0,60,8.252261559043026,4.773347550687217,22.094556277126777,37.45419872607719,47.08719137056772,0.2562978918153841,0.2127328501905616,0.5647612221884705,0.8803788526161778,1.3589305158099068,0.0551415678161521,0.0159014252733085,0.1167621474028122
29,60→30,ADE,Kalman,57.829,48.86,2022,2022-07-13_12-10_KIKS-vs-ER-Force.log,KIKS vs ER Force,1 Conhecido,4.22,29.58,74.55,48.86,0.1793061100684303,0.1816348735777496,0.1107236896489914,0.0629724230760107,2.024433490388233,0.0271828098975118,2022_KIKS_vs_ERForce,proc_set_29.pkl,2022,A,7.9,79,10,1582.0,60,8.252261559043026,4.773347550687217,22.094556277126777,37.45419872607719,47.08719137056772,0.2562978918153841,0.2127328501905616,0.5647612221884705,0.8803788526161778,1.3589305158099068,0.0551415678161521,0.0159014252733085,0.1167621474028122
29,60→30,FDE,Seq2Seq,94.358,39.66,2022,2022-07-13_12-10_KIKS-vs-ER-Force.log,KIKS vs ER Force,1 Conhecido,4.22,29.58,74.55,48.86,0.1793061100684303,0.1816348735777496,0.1107236896489914,0.0629724230760107,2.024433490388233,0.0271828098975118,2022_KIKS_vs_ERForce,proc_set_29.pkl,2022,A,7.9,79,10,1582.0,60,8.252261559043026,4.773347550687217,22.094556277126777,37.45419872607719,47.08719137056772,0.2562978918153841,0.2127328501905616,0.5647612221884705,0.8803788526161778,1.3589305158099068,0.0551415678161521,0.0159014252733085,0.1167621474028122
29,60→30,FDE,MLP,158.016,39.66,2022,2022-07-13_12-10_KIKS-vs-ER-Force.log,KIKS vs ER Force,1 Conhecido,4.22,29.58,74.55,48.86,0.1793061100684303,0.1816348735777496,0.1107236896489914,0.0629724230760107,2.024433490388233,0.0271828098975118,2022_KIKS_vs_ERForce,proc_set_29.pkl,2022,A,7.9,79,10,1582.0,60,8.252261559043026,4.773347550687217,22.094556277126777,37.45419872607719,47.08719137056772,0.2562978918153841,0.2127328501905616,0.5647612221884705,0.8803788526161778,1.3589305158099068,0.0551415678161521,0.0159014252733085,0.1167621474028122
29,60→30,FDE,Kalman,156.438,39.66,2022,2022-07-13_12-10_KIKS-vs-ER-Force.log,KIKS vs ER Force,1 Conhecido,4.22,29.58,74.55,48.86,0.1793061100684303,0.1816348735777496,0.1107236896489914,0.0629724230760107,2.024433490388233,0.0271828098975118,2022_KIKS_vs_ERForce,proc_set_29.pkl,2022,A,7.9,79,10,1582.0,60,8.252261559043026,4.773347550687217,22.094556277126777,37.45419872607719,47.08719137056772,0.2562978918153841,0.2127328501905616,0.5647612221884705,0.8803788526161778,1.3589305158099068,0.0551415678161521,0.0159014252733085,0.1167621474028122
29,60→30,MAE,Seq2Seq,18.734,48.68,2022,2022-07-13_12-10_KIKS-vs-ER-Force.log,KIKS vs ER Force,1 Conhecido,4.22,29.58,74.55,48.86,0.1793061100684303,0.1816348735777496,0.1107236896489914,0.0629724230760107,2.024433490388233,0.0271828098975118,2022_KIKS_vs_ERForce,proc_set_29.pkl,2022,A,7.9,79,10,1582.0,60,8.252261559043026,4.773347550687217,22.094556277126777,37.45419872607719,47.08719137056772,0.2562978918153841,0.2127328501905616,0.5647612221884705,0.8803788526161778,1.3589305158099068,0.0551415678161521,0.0159014252733085,0.1167621474028122
29,60→30,MAE,MLP,36.497,48.68,2022,2022-07-13_12-10_KIKS-vs-ER-Force.log,KIKS vs ER Force,1 Conhecido,4.22,29.58,74.55,48.86,0.1793061100684303,0.1816348735777496,0.1107236896489914,0.0629724230760107,2.024433490388233,0.0271828098975118,2022_KIKS_vs_ERForce,proc_set_29.pkl,2022,A,7.9,79,10,1582.0,60,8.252261559043026,4.773347550687217,22.094556277126777,37.45419872607719,47.08719137056772,0.2562978918153841,0.2127328501905616,0.5647612221884705,0.8803788526161778,1.3589305158099068,0.0551415678161521,0.0159014252733085,0.1167621474028122
29,60→30,MAE,Kalman,36.508,48.68,2022,2022-07-13_12-10_KIKS-vs-ER-Force.log,KIKS vs ER Force,1 Conhecido,4.22,29.58,74.55,48.86,0.1793061100684303,0.1816348735777496,0.1107236896489914,0.0629724230760107,2.024433490388233,0.0271828098975118,2022_KIKS_vs_ERForce,proc_set_29.pkl,2022,A,7.9,79,10,1582.0,60,8.252261559043026,4.773347550687217,22.094556277126777,37.45419872607719,47.08719137056772,0.2562978918153841,0.2127328501905616,0.5647612221884705,0.8803788526161778,1.3589305158099068,0.0551415678161521,0.0159014252733085,0.1167621474028122
30,30→15,ADE,Seq2Seq,4.378,77.4,2022,2022-07-16_11-34_TIGERs_Mannheim-vs-ER-Force,TIGERs_Mannheim vs ER Force,1 Conhecidos,4.38,31.45,77.4,53.59,0.273265,0.27367,0.14782,0.1455350807602687,5.090370202548791,0.0379660641632913,2022_TIGERs_Mannheim_vs_ERForce,proc_set_30.pkl,2022,A,9.6667,116,12,3850.45,60,11.324314640262038,8.409045618726203,27.72830982803513,40.55727716829925,54.93199775570492,0.3414479003539356,0.3417128998231347,0.6564505226045227,0.8598559296313502,1.943254325529817,0.0444031783704095,0.0151959041124487,0.0864786918652829
30,30→15,ADE,MLP,12.064,77.4,2022,2022-07-16_11-34_TIGERs_Mannheim-vs-ER-Force,TIGERs_Mannheim vs ER Force,1 Conhecidos,4.38,31.45,77.4,53.59,0.273265,0.27367,0.14782,0.1455350807602687,5.090370202548791,0.0379660641632913,2022_TIGERs_Mannheim_vs_ERForce,proc_set_30.pkl,2022,A,9.6667,116,12,3850.45,60,11.324314640262038,8.409045618726203,27.72830982803513,40.55727716829925,54.93199775570492,0.3414479003539356,0.3417128998231347,0.6564505226045227,0.8598559296313502,1.943254325529817,0.0444031783704095,0.0151959041124487,0.0864786918652829
30,30→15,ADE,Kalman,19.37,77.4,2022,2022-07-16_11-34_TIGERs_Mannheim-vs-ER-Force,TIGERs_Mannheim vs ER Force,1 Conhecidos,4.38,31.45,77.4,53.59,0.273265,0.27367,0.14782,0.1455350807602687,5.090370202548791,0.0379660641632913,2022_TIGERs_Mannheim_vs_ERForce,proc_set_30.pkl,2022,A,9.6667,116,12,3850.45,60,11.324314640262038,8.409045618726203,27.72830982803513,40.55727716829925,54.93199775570492,0.3414479003539356,0.3417128998231347,0.6564505226045227,0.8598559296313502,1.943254325529817,0.0444031783704095,0.0151959041124487,0.0864786918652829
30,30→15,FDE,Seq2Seq,14.237,71.91,2022,2022-07-16_11-34_TIGERs_Mannheim-vs-ER-Force,TIGERs_Mannheim vs ER Force,1 Conhecidos,4.38,31.45,77.4,53.59,0.273265,0.27367,0.14782,0.1455350807602687,5.090370202548791,0.0379660641632913,2022_TIGERs_Mannheim_vs_ERForce,proc_set_30.pkl,2022,A,9.6667,116,12,3850.45,60,11.324314640262038,8.409045618726203,27.72830982803513,40.55727716829925,54.93199775570492,0.3414479003539356,0.3417128998231347,0.6564505226045227,0.8598559296313502,1.943254325529817,0.0444031783704095,0.0151959041124487,0.0864786918652829
30,30→15,FDE,MLP,31.562,71.91,2022,2022-07-16_11-34_TIGERs_Mannheim-vs-ER-Force,TIGERs_Mannheim vs ER Force,1 Conhecidos,4.38,31.45,77.4,53.59,0.273265,0.27367,0.14782,0.1455350807602687,5.090370202548791,0.0379660641632913,2022_TIGERs_Mannheim_vs_ERForce,proc_set_30.pkl,2022,A,9.6667,116,12,3850.45,60,11.324314640262038,8.409045618726203,27.72830982803513,40.55727716829925,54.93199775570492,0.3414479003539356,0.3417128998231347,0.6564505226045227,0.8598559296313502,1.943254325529817,0.0444031783704095,0.0151959041124487,0.0864786918652829
30,30→15,FDE,Kalman,50.686,71.91,2022,2022-07-16_11-34_TIGERs_Mannheim-vs-ER-Force,TIGERs_Mannheim vs ER Force,1 Conhecidos,4.38,31.45,77.4,53.59,0.273265,0.27367,0.14782,0.1455350807602687,5.090370202548791,0.0379660641632913,2022_TIGERs_Mannheim_vs_ERForce,proc_set_30.pkl,2022,A,9.6667,116,12,3850.45,60,11.324314640262038,8.409045618726203,27.72830982803513,40.55727716829925,54.93199775570492,0.3414479003539356,0.3417128998231347,0.6564505226045227,0.8598559296313502,1.943254325529817,0.0444031783704095,0.0151959041124487,0.0864786918652829
30,30→15,MAE,Seq2Seq,2.774,77.27,2022,2022-07-16_11-34_TIGERs_Mannheim-vs-ER-Force,TIGERs_Mannheim vs ER Force,1 Conhecidos,4.38,31.45,77.4,53.59,0.273265,0.27367,0.14782,0.1455350807602687,5.090370202548791,0.0379660641632913,2022_TIGERs_Mannheim_vs_ERForce,proc_set_30.pkl,2022,A,9.6667,116,12,3850.45,60,11.324314640262038,8.409045618726203,27.72830982803513,40.55727716829925,54.93199775570492,0.3414479003539356,0.3417128998231347,0.6564505226045227,0.8598559296313502,1.943254325529817,0.0444031783704095,0.0151959041124487,0.0864786918652829
30,30→15,MAE,MLP,7.656,77.27,2022,2022-07-16_11-34_TIGERs_Mannheim-vs-ER-Force,TIGERs_Mannheim vs ER Force,1 Conhecidos,4.38,31.45,77.4,53.59,0.273265,0.27367,0.14782,0.1455350807602687,5.090370202548791,0.0379660641632913,2022_TIGERs_Mannheim_vs_ERForce,proc_set_30.pkl,2022,A,9.6667,116,12,3850.45,60,11.324314640262038,8.409045618726203,27.72830982803513,40.55727716829925,54.93199775570492,0.3414479003539356,0.3417128998231347,0.6564505226045227,0.8598559296313502,1.943254325529817,0.0444031783704095,0.0151959041124487,0.0864786918652829
30,30→15,MAE,Kalman,12.206,77.27,2022,2022-07-16_11-34_TIGERs_Mannheim-vs-ER-Force,TIGERs_Mannheim vs ER Force,1 Conhecidos,4.38,31.45,77.4,53.59,0.273265,0.27367,0.14782,0.1455350807602687,5.090370202548791,0.0379660641632913,2022_TIGERs_Mannheim_vs_ERForce,proc_set_30.pkl,2022,A,9.6667,116,12,3850.45,60,11.324314640262038,8.409045618726203,27.72830982803513,40.55727716829925,54.93199775570492,0.3414479003539356,0.3417128998231347,0.6564505226045227,0.8598559296313502,1.943254325529817,0.0444031783704095,0.0151959041124487,0.0864786918652829
30,60→30,ADE,Seq2Seq,31.45,53.59,2022,2022-07-16_11-34_TIGERs_Mannheim-vs-ER-Force,TIGERs_Mannheim vs ER Force,1 Conhecidos,4.38,31.45,77.4,53.59,0.273265,0.27367,0.14782,0.1455350807602687,5.090370202548791,0.0379660641632913,2022_TIGERs_Mannheim_vs_ERForce,proc_set_30.pkl,2022,A,9.6667,116,12,3850.45,60,11.324314640262038,8.409045618726203,27.72830982803513,40.55727716829925,54.93199775570492,0.3414479003539356,0.3417128998231347,0.6564505226045227,0.8598559296313502,1.943254325529817,0.0444031783704095,0.0151959041124487,0.0864786918652829
30,60→30,ADE,MLP,66.114,53.59,2022,2022-07-16_11-34_TIGERs_Mannheim-vs-ER-Force,TIGERs_Mannheim vs ER Force,1 Conhecidos,4.38,31.45,77.4,53.59,0.273265,0.27367,0.14782,0.1455350807602687,5.090370202548791,0.0379660641632913,2022_TIGERs_Mannheim_vs_ERForce,proc_set_30.pkl,2022,A,9.6667,116,12,3850.45,60,11.324314640262038,8.409045618726203,27.72830982803513,40.55727716829925,54.93199775570492,0.3414479003539356,0.3417128998231347,0.6564505226045227,0.8598559296313502,1.943254325529817,0.0444031783704095,0.0151959041124487,0.0864786918652829
30,60→30,ADE,Kalman,67.759,53.59,2022,2022-07-16_11-34_TIGERs_Mannheim-vs-ER-Force,TIGERs_Mannheim vs ER Force,1 Conhecidos,4.38,31.45,77.4,53.59,0.273265,0.27367,0.14782,0.1455350807602687,5.090370202548791,0.0379660641632913,2022_TIGERs_Mannheim_vs_ERForce,proc_set_30.pkl,2022,A,9.6667,116,12,3850.45,60,11.324314640262038,8.409045618726203,27.72830982803513,40.55727716829925,54.93199775570492,0.3414479003539356,0.3417128998231347,0.6564505226045227,0.8598559296313502,1.943254325529817,0.0444031783704095,0.0151959041124487,0.0864786918652829
30,60→30,FDE,Seq2Seq,101.869,44.43,2022,2022-07-16_11-34_TIGERs_Mannheim-vs-ER-Force,TIGERs_Mannheim vs ER Force,1 Conhecidos,4.38,31.45,77.4,53.59,0.273265,0.27367,0.14782,0.1455350807602687,5.090370202548791,0.0379660641632913,2022_TIGERs_Mannheim_vs_ERForce,proc_set_30.pkl,2022,A,9.6667,116,12,3850.45,60,11.324314640262038,8.409045618726203,27.72830982803513,40.55727716829925,54.93199775570492,0.3414479003539356,0.3417128998231347,0.6564505226045227,0.8598559296313502,1.943254325529817,0.0444031783704095,0.0151959041124487,0.0864786918652829
30,60→30,FDE,MLP,180.925,44.43,2022,2022-07-16_11-34_TIGERs_Mannheim-vs-ER-Force,TIGERs_Mannheim vs ER Force,1 Conhecidos,4.38,31.45,77.4,53.59,0.273265,0.27367,0.14782,0.1455350807602687,5.090370202548791,0.0379660641632913,2022_TIGERs_Mannheim_vs_ERForce,proc_set_30.pkl,2022,A,9.6667,116,12,3850.45,60,11.324314640262038,8.409045618726203,27.72830982803513,40.55727716829925,54.93199775570492,0.3414479003539356,0.3417128998231347,0.6564505226045227,0.8598559296313502,1.943254325529817,0.0444031783704095,0.0151959041124487,0.0864786918652829
30,60→30,FDE,Kalman,183.277,44.43,2022,2022-07-16_11-34_TIGERs_Mannheim-vs-ER-Force,TIGERs_Mannheim vs ER Force,1 Conhecidos,4.38,31.45,77.4,53.59,0.273265,0.27367,0.14782,0.1455350807602687,5.090370202548791,0.0379660641632913,2022_TIGERs_Mannheim_vs_ERForce,proc_set_30.pkl,2022,A,9.6667,116,12,3850.45,60,11.324314640262038,8.409045618726203,27.72830982803513,40.55727716829925,54.93199775570492,0.3414479003539356,0.3417128998231347,0.6564505226045227,0.8598559296313502,1.943254325529817,0.0444031783704095,0.0151959041124487,0.0864786918652829
30,60→30,MAE,Seq2Seq,19.942,53.13,2022,2022-07-16_11-34_TIGERs_Mannheim-vs-ER-Force,TIGERs_Mannheim vs ER Force,1 Conhecidos,4.38,31.45,77.4,53.59,0.273265,0.27367,0.14782,0.1455350807602687,5.090370202548791,0.0379660641632913,2022_TIGERs_Mannheim_vs_ERForce,proc_set_30.pkl,2022,A,9.6667,116,12,3850.45,60,11.324314640262038,8.409045618726203,27.72830982803513,40.55727716829925,54.93199775570492,0.3414479003539356,0.3417128998231347,0.6564505226045227,0.8598559296313502,1.943254325529817,0.0444031783704095,0.0151959041124487,0.0864786918652829
30,60→30,MAE,MLP,41.912,53.13,2022,2022-07-16_11-34_TIGERs_Mannheim-vs-ER-Force,TIGERs_Mannheim vs ER Force,1 Conhecidos,4.38,31.45,77.4,53.59,0.273265,0.27367,0.14782,0.1455350807602687,5.090370202548791,0.0379660641632913,2022_TIGERs_Mannheim_vs_ERForce,proc_set_30.pkl,2022,A,9.6667,116,12,3850.45,60,11.324314640262038,8.409045618726203,27.72830982803513,40.55727716829925,54.93199775570492,0.3414479003539356,0.3417128998231347,0.6564505226045227,0.8598559296313502,1.943254325529817,0.0444031783704095,0.0151959041124487,0.0864786918652829
30,60→30,MAE,Kalman,42.544,53.13,2022,2022-07-16_11-34_TIGERs_Mannheim-vs-ER-Force,TIGERs_Mannheim vs ER Force,1 Conhecidos,4.38,31.45,77.4,53.59,0.273265,0.27367,0.14782,0.1455350807602687,5.090370202548791,0.0379660641632913,2022_TIGERs_Mannheim_vs_ERForce,proc_set_30.pkl,2022,A,9.6667,116,12,3850.45,60,11.324314640262038,8.409045618726203,27.72830982803513,40.55727716829925,54.93199775570492,0.3414479003539356,0.3417128998231347,0.6564505226045227,0.8598559296313502,1.943254325529817,0.0444031783704095,0.0151959041124487,0.0864786918652829
31,30→15,ADE,Seq2Seq,4.08,77.24,2022,2022-07-14_10-55_TIGERs_Mannheim-vs-KIKS.log,TIGERs_Mannheim vs KIKS,0 Conhecidos,4.08,29.6,77.24,52.73,0.1842278278223353,0.2080892998609493,0.1008327933015194,0.0941299634294097,3.758936491302429,0.0301726257930853,2022_TIGERs_Mannheim_vs_KIKS,proc_set_31.pkl,2022,A,9.25,185,20,2660.9,60,9.992739916765192,7.055963122731503,25.85393739386641,40.626223197670754,52.51912426379669,0.2842663908347095,0.2626146030657886,0.6009469205195437,0.7999317147870901,2.159492811739973,0.0521278533875025,0.0170651852440455,0.1103252110972651
31,30→15,ADE,MLP,11.281,77.24,2022,2022-07-14_10-55_TIGERs_Mannheim-vs-KIKS.log,TIGERs_Mannheim vs KIKS,0 Conhecidos,4.08,29.6,77.24,52.73,0.1842278278223353,0.2080892998609493,0.1008327933015194,0.0941299634294097,3.758936491302429,0.0301726257930853,2022_TIGERs_Mannheim_vs_KIKS,proc_set_31.pkl,2022,A,9.25,185,20,2660.9,60,9.992739916765192,7.055963122731503,25.85393739386641,40.626223197670754,52.51912426379669,0.2842663908347095,0.2626146030657886,0.6009469205195437,0.7999317147870901,2.159492811739973,0.0521278533875025,0.0170651852440455,0.1103252110972651
31,30→15,ADE,Kalman,17.929,77.24,2022,2022-07-14_10-55_TIGERs_Mannheim-vs-KIKS.log,TIGERs_Mannheim vs KIKS,0 Conhecidos,4.08,29.6,77.24,52.73,0.1842278278223353,0.2080892998609493,0.1008327933015194,0.0941299634294097,3.758936491302429,0.0301726257930853,2022_TIGERs_Mannheim_vs_KIKS,proc_set_31.pkl,2022,A,9.25,185,20,2660.9,60,9.992739916765192,7.055963122731503,25.85393739386641,40.626223197670754,52.51912426379669,0.2842663908347095,0.2626146030657886,0.6009469205195437,0.7999317147870901,2.159492811739973,0.0521278533875025,0.0170651852440455,0.1103252110972651
31,30→15,FDE,Seq2Seq,13.108,72.06,2022,2022-07-14_10-55_TIGERs_Mannheim-vs-KIKS.log,TIGERs_Mannheim vs KIKS,0 Conhecidos,4.08,29.6,77.24,52.73,0.1842278278223353,0.2080892998609493,0.1008327933015194,0.0941299634294097,3.758936491302429,0.0301726257930853,2022_TIGERs_Mannheim_vs_KIKS,proc_set_31.pkl,2022,A,9.25,185,20,2660.9,60,9.992739916765192,7.055963122731503,25.85393739386641,40.626223197670754,52.51912426379669,0.2842663908347095,0.2626146030657886,0.6009469205195437,0.7999317147870901,2.159492811739973,0.0521278533875025,0.0170651852440455,0.1103252110972651
31,30→15,FDE,MLP,29.177,72.06,2022,2022-07-14_10-55_TIGERs_Mannheim-vs-KIKS.log,TIGERs_Mannheim vs KIKS,0 Conhecidos,4.08,29.6,77.24,52.73,0.1842278278223353,0.2080892998609493,0.1008327933015194,0.0941299634294097,3.758936491302429,0.0301726257930853,2022_TIGERs_Mannheim_vs_KIKS,proc_set_31.pkl,2022,A,9.25,185,20,2660.9,60,9.992739916765192,7.055963122731503,25.85393739386641,40.626223197670754,52.51912426379669,0.2842663908347095,0.2626146030657886,0.6009469205195437,0.7999317147870901,2.159492811739973,0.0521278533875025,0.0170651852440455,0.1103252110972651
31,30→15,FDE,Kalman,46.918,72.06,2022,2022-07-14_10-55_TIGERs_Mannheim-vs-KIKS.log,TIGERs_Mannheim vs KIKS,0 Conhecidos,4.08,29.6,77.24,52.73,0.1842278278223353,0.2080892998609493,0.1008327933015194,0.0941299634294097,3.758936491302429,0.0301726257930853,2022_TIGERs_Mannheim_vs_KIKS,proc_set_31.pkl,2022,A,9.25,185,20,2660.9,60,9.992739916765192,7.055963122731503,25.85393739386641,40.626223197670754,52.51912426379669,0.2842663908347095,0.2626146030657886,0.6009469205195437,0.7999317147870901,2.159492811739973,0.0521278533875025,0.0170651852440455,0.1103252110972651
31,30→15,MAE,Seq2Seq,2.593,77.06,2022,2022-07-14_10-55_TIGERs_Mannheim-vs-KIKS.log,TIGERs_Mannheim vs KIKS,0 Conhecidos,4.08,29.6,77.24,52.73,0.1842278278223353,0.2080892998609493,0.1008327933015194,0.0941299634294097,3.758936491302429,0.0301726257930853,2022_TIGERs_Mannheim_vs_KIKS,proc_set_31.pkl,2022,A,9.25,185,20,2660.9,60,9.992739916765192,7.055963122731503,25.85393739386641,40.626223197670754,52.51912426379669,0.2842663908347095,0.2626146030657886,0.6009469205195437,0.7999317147870901,2.159492811739973,0.0521278533875025,0.0170651852440455,0.1103252110972651
31,30→15,MAE,MLP,7.158,77.06,2022,2022-07-14_10-55_TIGERs_Mannheim-vs-KIKS.log,TIGERs_Mannheim vs KIKS,0 Conhecidos,4.08,29.6,77.24,52.73,0.1842278278223353,0.2080892998609493,0.1008327933015194,0.0941299634294097,3.758936491302429,0.0301726257930853,2022_TIGERs_Mannheim_vs_KIKS,proc_set_31.pkl,2022,A,9.25,185,20,2660.9,60,9.992739916765192,7.055963122731503,25.85393739386641,40.626223197670754,52.51912426379669,0.2842663908347095,0.2626146030657886,0.6009469205195437,0.7999317147870901,2.159492811739973,0.0521278533875025,0.0170651852440455,0.1103252110972651
31,30→15,MAE,Kalman,11.303,77.06,2022,2022-07-14_10-55_TIGERs_Mannheim-vs-KIKS.log,TIGERs_Mannheim vs KIKS,0 Conhecidos,4.08,29.6,77.24,52.73,0.1842278278223353,0.2080892998609493,0.1008327933015194,0.0941299634294097,3.758936491302429,0.0301726257930853,2022_TIGERs_Mannheim_vs_KIKS,proc_set_31.pkl,2022,A,9.25,185,20,2660.9,60,9.992739916765192,7.055963122731503,25.85393739386641,40.626223197670754,52.51912426379669,0.2842663908347095,0.2626146030657886,0.6009469205195437,0.7999317147870901,2.159492811739973,0.0521278533875025,0.0170651852440455,0.1103252110972651
31,60→30,ADE,Seq2Seq,29.6,52.73,2022,2022-07-14_10-55_TIGERs_Mannheim-vs-KIKS.log,TIGERs_Mannheim vs KIKS,0 Conhecidos,4.08,29.6,77.24,52.73,0.1842278278223353,0.2080892998609493,0.1008327933015194,0.0941299634294097,3.758936491302429,0.0301726257930853,2022_TIGERs_Mannheim_vs_KIKS,proc_set_31.pkl,2022,A,9.25,185,20,2660.9,60,9.992739916765192,7.055963122731503,25.85393739386641,40.626223197670754,52.51912426379669,0.2842663908347095,0.2626146030657886,0.6009469205195437,0.7999317147870901,2.159492811739973,0.0521278533875025,0.0170651852440455,0.1103252110972651
31,60→30,ADE,MLP,61.136,52.73,2022,2022-07-14_10-55_TIGERs_Mannheim-vs-KIKS.log,TIGERs_Mannheim vs KIKS,0 Conhecidos,4.08,29.6,77.24,52.73,0.1842278278223353,0.2080892998609493,0.1008327933015194,0.0941299634294097,3.758936491302429,0.0301726257930853,2022_TIGERs_Mannheim_vs_KIKS,proc_set_31.pkl,2022,A,9.25,185,20,2660.9,60,9.992739916765192,7.055963122731503,25.85393739386641,40.626223197670754,52.51912426379669,0.2842663908347095,0.2626146030657886,0.6009469205195437,0.7999317147870901,2.159492811739973,0.0521278533875025,0.0170651852440455,0.1103252110972651
31,60→30,ADE,Kalman,62.62,52.73,2022,2022-07-14_10-55_TIGERs_Mannheim-vs-KIKS.log,TIGERs_Mannheim vs KIKS,0 Conhecidos,4.08,29.6,77.24,52.73,0.1842278278223353,0.2080892998609493,0.1008327933015194,0.0941299634294097,3.758936491302429,0.0301726257930853,2022_TIGERs_Mannheim_vs_KIKS,proc_set_31.pkl,2022,A,9.25,185,20,2660.9,60,9.992739916765192,7.055963122731503,25.85393739386641,40.626223197670754,52.51912426379669,0.2842663908347095,0.2626146030657886,0.6009469205195437,0.7999317147870901,2.159492811739973,0.0521278533875025,0.0170651852440455,0.1103252110972651
31,60→30,FDE,Seq2Seq,95.857,43.51,2022,2022-07-14_10-55_TIGERs_Mannheim-vs-KIKS.log,TIGERs_Mannheim vs KIKS,0 Conhecidos,4.08,29.6,77.24,52.73,0.1842278278223353,0.2080892998609493,0.1008327933015194,0.0941299634294097,3.758936491302429,0.0301726257930853,2022_TIGERs_Mannheim_vs_KIKS,proc_set_31.pkl,2022,A,9.25,185,20,2660.9,60,9.992739916765192,7.055963122731503,25.85393739386641,40.626223197670754,52.51912426379669,0.2842663908347095,0.2626146030657886,0.6009469205195437,0.7999317147870901,2.159492811739973,0.0521278533875025,0.0170651852440455,0.1103252110972651
31,60→30,FDE,MLP,170.546,43.51,2022,2022-07-14_10-55_TIGERs_Mannheim-vs-KIKS.log,TIGERs_Mannheim vs KIKS,0 Conhecidos,4.08,29.6,77.24,52.73,0.1842278278223353,0.2080892998609493,0.1008327933015194,0.0941299634294097,3.758936491302429,0.0301726257930853,2022_TIGERs_Mannheim_vs_KIKS,proc_set_31.pkl,2022,A,9.25,185,20,2660.9,60,9.992739916765192,7.055963122731503,25.85393739386641,40.626223197670754,52.51912426379669,0.2842663908347095,0.2626146030657886,0.6009469205195437,0.7999317147870901,2.159492811739973,0.0521278533875025,0.0170651852440455,0.1103252110972651
31,60→30,FDE,Kalman,169.694,43.51,2022,2022-07-14_10-55_TIGERs_Mannheim-vs-KIKS.log,TIGERs_Mannheim vs KIKS,0 Conhecidos,4.08,29.6,77.24,52.73,0.1842278278223353,0.2080892998609493,0.1008327933015194,0.0941299634294097,3.758936491302429,0.0301726257930853,2022_TIGERs_Mannheim_vs_KIKS,proc_set_31.pkl,2022,A,9.25,185,20,2660.9,60,9.992739916765192,7.055963122731503,25.85393739386641,40.626223197670754,52.51912426379669,0.2842663908347095,0.2626146030657886,0.6009469205195437,0.7999317147870901,2.159492811739973,0.0521278533875025,0.0170651852440455,0.1103252110972651
31,60→30,MAE,Seq2Seq,18.829,52.48,2022,2022-07-14_10-55_TIGERs_Mannheim-vs-KIKS.log,TIGERs_Mannheim vs KIKS,0 Conhecidos,4.08,29.6,77.24,52.73,0.1842278278223353,0.2080892998609493,0.1008327933015194,0.0941299634294097,3.758936491302429,0.0301726257930853,2022_TIGERs_Mannheim_vs_KIKS,proc_set_31.pkl,2022,A,9.25,185,20,2660.9,60,9.992739916765192,7.055963122731503,25.85393739386641,40.626223197670754,52.51912426379669,0.2842663908347095,0.2626146030657886,0.6009469205195437,0.7999317147870901,2.159492811739973,0.0521278533875025,0.0170651852440455,0.1103252110972651
31,60→30,MAE,MLP,38.77,52.48,2022,2022-07-14_10-55_TIGERs_Mannheim-vs-KIKS.log,TIGERs_Mannheim vs KIKS,0 Conhecidos,4.08,29.6,77.24,52.73,0.1842278278223353,0.2080892998609493,0.1008327933015194,0.0941299634294097,3.758936491302429,0.0301726257930853,2022_TIGERs_Mannheim_vs_KIKS,proc_set_31.pkl,2022,A,9.25,185,20,2660.9,60,9.992739916765192,7.055963122731503,25.85393739386641,40.626223197670754,52.51912426379669,0.2842663908347095,0.2626146030657886,0.6009469205195437,0.7999317147870901,2.159492811739973,0.0521278533875025,0.0170651852440455,0.1103252110972651
31,60→30,MAE,Kalman,39.624,52.48,2022,2022-07-14_10-55_TIGERs_Mannheim-vs-KIKS.log,TIGERs_Mannheim vs KIKS,0 Conhecidos,4.08,29.6,77.24,52.73,0.1842278278223353,0.2080892998609493,0.1008327933015194,0.0941299634294097,3.758936491302429,0.0301726257930853,2022_TIGERs_Mannheim_vs_KIKS,proc_set_31.pkl,2022,A,9.25,185,20,2660.9,60,9.992739916765192,7.055963122731503,25.85393739386641,40.626223197670754,52.51912426379669,0.2842663908347095,0.2626146030657886,0.6009469205195437,0.7999317147870901,2.159492811739973,0.0521278533875025,0.0170651852440455,0.1103252110972651
32,30→15,ADE,Seq2Seq,4.052,77.69,2022,2022-07-15_12-08_TIGERs_Mannheim-vs-KIKS.log,TIGERs_Mannheim vs KIKS,0 Conhecidos,4.05,29.32,77.71,53.74,0.3027849999999999,0.31476,0.1348599999999999,0.1427957737729805,4.853907683852865,0.0384969900571626,2022_TIGERs_Mannheim_vs_KIKS,proc_set_32.pkl,2022,A,8.8333,159,18,3861.03,60,11.087498539862844,8.632641443786367,25.94048264535605,40.24470373645354,56.71801666943145,0.3373037922201056,0.3384049889495505,0.6145202369274084,0.857935940575951,1.7395331649782415,0.0437347226704268,0.0158017793610314,0.0891531717537476
32,30→15,ADE,MLP,11.403,77.69,2022,2022-07-15_12-08_TIGERs_Mannheim-vs-KIKS.log,TIGERs_Mannheim vs KIKS,0 Conhecidos,4.05,29.32,77.71,53.74,0.3027849999999999,0.31476,0.1348599999999999,0.1427957737729805,4.853907683852865,0.0384969900571626,2022_TIGERs_Mannheim_vs_KIKS,proc_set_32.pkl,2022,A,8.8333,159,18,3861.03,60,11.087498539862844,8.632641443786367,25.94048264535605,40.24470373645354,56.71801666943145,0.3373037922201056,0.3384049889495505,0.6145202369274084,0.857935940575951,1.7395331649782415,0.0437347226704268,0.0158017793610314,0.0891531717537476
32,30→15,ADE,Kalman,18.165,77.69,2022,2022-07-15_12-08_TIGERs_Mannheim-vs-KIKS.log,TIGERs_Mannheim vs KIKS,0 Conhecidos,4.05,29.32,77.71,53.74,0.3027849999999999,0.31476,0.1348599999999999,0.1427957737729805,4.853907683852865,0.0384969900571626,2022_TIGERs_Mannheim_vs_KIKS,proc_set_32.pkl,2022,A,8.8333,159,18,3861.03,60,11.087498539862844,8.632641443786367,25.94048264535605,40.24470373645354,56.71801666943145,0.3373037922201056,0.3384049889495505,0.6145202369274084,0.857935940575951,1.7395331649782415,0.0437347226704268,0.0158017793610314,0.0891531717537476
32,30→15,FDE,Seq2Seq,13.08,72.48,2022,2022-07-15_12-08_TIGERs_Mannheim-vs-KIKS.log,TIGERs_Mannheim vs KIKS,0 Conhecidos,4.05,29.32,77.71,53.74,0.3027849999999999,0.31476,0.1348599999999999,0.1427957737729805,4.853907683852865,0.0384969900571626,2022_TIGERs_Mannheim_vs_KIKS,proc_set_32.pkl,2022,A,8.8333,159,18,3861.03,60,11.087498539862844,8.632641443786367,25.94048264535605,40.24470373645354,56.71801666943145,0.3373037922201056,0.3384049889495505,0.6145202369274084,0.857935940575951,1.7395331649782415,0.0437347226704268,0.0158017793610314,0.0891531717537476
32,30→15,FDE,MLP,29.636,72.48,2022,2022-07-15_12-08_TIGERs_Mannheim-vs-KIKS.log,TIGERs_Mannheim vs KIKS,0 Conhecidos,4.05,29.32,77.71,53.74,0.3027849999999999,0.31476,0.1348599999999999,0.1427957737729805,4.853907683852865,0.0384969900571626,2022_TIGERs_Mannheim_vs_KIKS,proc_set_32.pkl,2022,A,8.8333,159,18,3861.03,60,11.087498539862844,8.632641443786367,25.94048264535605,40.24470373645354,56.71801666943145,0.3373037922201056,0.3384049889495505,0.6145202369274084,0.857935940575951,1.7395331649782415,0.0437347226704268,0.0158017793610314,0.0891531717537476
32,30→15,FDE,Kalman,47.527,72.48,2022,2022-07-15_12-08_TIGERs_Mannheim-vs-KIKS.log,TIGERs_Mannheim vs KIKS,0 Conhecidos,4.05,29.32,77.71,53.74,0.3027849999999999,0.31476,0.1348599999999999,0.1427957737729805,4.853907683852865,0.0384969900571626,2022_TIGERs_Mannheim_vs_KIKS,proc_set_32.pkl,2022,A,8.8333,159,18,3861.03,60,11.087498539862844,8.632641443786367,25.94048264535605,40.24470373645354,56.71801666943145,0.3373037922201056,0.3384049889495505,0.6145202369274084,0.857935940575951,1.7395331649782415,0.0437347226704268,0.0158017793610314,0.0891531717537476
32,30→15,MAE,Seq2Seq,2.58,77.53,2022,2022-07-15_12-08_TIGERs_Mannheim-vs-KIKS.log,TIGERs_Mannheim vs KIKS,0 Conhecidos,4.05,29.32,77.71,53.74,0.3027849999999999,0.31476,0.1348599999999999,0.1427957737729805,4.853907683852865,0.0384969900571626,2022_TIGERs_Mannheim_vs_KIKS,proc_set_32.pkl,2022,A,8.8333,159,18,3861.03,60,11.087498539862844,8.632641443786367,25.94048264535605,40.24470373645354,56.71801666943145,0.3373037922201056,0.3384049889495505,0.6145202369274084,0.857935940575951,1.7395331649782415,0.0437347226704268,0.0158017793610314,0.0891531717537476
32,30→15,MAE,MLP,7.226,77.53,2022,2022-07-15_12-08_TIGERs_Mannheim-vs-KIKS.log,TIGERs_Mannheim vs KIKS,0 Conhecidos,4.05,29.32,77.71,53.74,0.3027849999999999,0.31476,0.1348599999999999,0.1427957737729805,4.853907683852865,0.0384969900571626,2022_TIGERs_Mannheim_vs_KIKS,proc_set_32.pkl,2022,A,8.8333,159,18,3861.03,60,11.087498539862844,8.632641443786367,25.94048264535605,40.24470373645354,56.71801666943145,0.3373037922201056,0.3384049889495505,0.6145202369274084,0.857935940575951,1.7395331649782415,0.0437347226704268,0.0158017793610314,0.0891531717537476
32,30→15,MAE,Kalman,11.48,77.53,2022,2022-07-15_12-08_TIGERs_Mannheim-vs-KIKS.log,TIGERs_Mannheim vs KIKS,0 Conhecidos,4.05,29.32,77.71,53.74,0.3027849999999999,0.31476,0.1348599999999999,0.1427957737729805,4.853907683852865,0.0384969900571626,2022_TIGERs_Mannheim_vs_KIKS,proc_set_32.pkl,2022,A,8.8333,159,18,3861.03,60,11.087498539862844,8.632641443786367,25.94048264535605,40.24470373645354,56.71801666943145,0.3373037922201056,0.3384049889495505,0.6145202369274084,0.857935940575951,1.7395331649782415,0.0437347226704268,0.0158017793610314,0.0891531717537476
32,60→30,ADE,Seq2Seq,29.324,53.73,2022,2022-07-15_12-08_TIGERs_Mannheim-vs-KIKS.log,TIGERs_Mannheim vs KIKS,0 Conhecidos,4.05,29.32,77.71,53.74,0.3027849999999999,0.31476,0.1348599999999999,0.1427957737729805,4.853907683852865,0.0384969900571626,2022_TIGERs_Mannheim_vs_KIKS,proc_set_32.pkl,2022,A,8.8333,159,18,3861.03,60,11.087498539862844,8.632641443786367,25.94048264535605,40.24470373645354,56.71801666943145,0.3373037922201056,0.3384049889495505,0.6145202369274084,0.857935940575951,1.7395331649782415,0.0437347226704268,0.0158017793610314,0.0891531717537476
32,60→30,ADE,MLP,62.862,53.73,2022,2022-07-15_12-08_TIGERs_Mannheim-vs-KIKS.log,TIGERs_Mannheim vs KIKS,0 Conhecidos,4.05,29.32,77.71,53.74,0.3027849999999999,0.31476,0.1348599999999999,0.1427957737729805,4.853907683852865,0.0384969900571626,2022_TIGERs_Mannheim_vs_KIKS,proc_set_32.pkl,2022,A,8.8333,159,18,3861.03,60,11.087498539862844,8.632641443786367,25.94048264535605,40.24470373645354,56.71801666943145,0.3373037922201056,0.3384049889495505,0.6145202369274084,0.857935940575951,1.7395331649782415,0.0437347226704268,0.0158017793610314,0.0891531717537476
32,60→30,ADE,Kalman,63.377,53.73,2022,2022-07-15_12-08_TIGERs_Mannheim-vs-KIKS.log,TIGERs_Mannheim vs KIKS,0 Conhecidos,4.05,29.32,77.71,53.74,0.3027849999999999,0.31476,0.1348599999999999,0.1427957737729805,4.853907683852865,0.0384969900571626,2022_TIGERs_Mannheim_vs_KIKS,proc_set_32.pkl,2022,A,8.8333,159,18,3861.03,60,11.087498539862844,8.632641443786367,25.94048264535605,40.24470373645354,56.71801666943145,0.3373037922201056,0.3384049889495505,0.6145202369274084,0.857935940575951,1.7395331649782415,0.0437347226704268,0.0158017793610314,0.0891531717537476
32,60→30,FDE,Seq2Seq,95.57,44.26,2022,2022-07-15_12-08_TIGERs_Mannheim-vs-KIKS.log,TIGERs_Mannheim vs KIKS,0 Conhecidos,4.05,29.32,77.71,53.74,0.3027849999999999,0.31476,0.1348599999999999,0.1427957737729805,4.853907683852865,0.0384969900571626,2022_TIGERs_Mannheim_vs_KIKS,proc_set_32.pkl,2022,A,8.8333,159,18,3861.03,60,11.087498539862844,8.632641443786367,25.94048264535605,40.24470373645354,56.71801666943145,0.3373037922201056,0.3384049889495505,0.6145202369274084,0.857935940575951,1.7395331649782415,0.0437347226704268,0.0158017793610314,0.0891531717537476
32,60→30,FDE,MLP,175.04,44.26,2022,2022-07-15_12-08_TIGERs_Mannheim-vs-KIKS.log,TIGERs_Mannheim vs KIKS,0 Conhecidos,4.05,29.32,77.71,53.74,0.3027849999999999,0.31476,0.1348599999999999,0.1427957737729805,4.853907683852865,0.0384969900571626,2022_TIGERs_Mannheim_vs_KIKS,proc_set_32.pkl,2022,A,8.8333,159,18,3861.03,60,11.087498539862844,8.632641443786367,25.94048264535605,40.24470373645354,56.71801666943145,0.3373037922201056,0.3384049889495505,0.6145202369274084,0.857935940575951,1.7395331649782415,0.0437347226704268,0.0158017793610314,0.0891531717537476
32,60→30,FDE,Kalman,171.458,44.26,2022,2022-07-15_12-08_TIGERs_Mannheim-vs-KIKS.log,TIGERs_Mannheim vs KIKS,0 Conhecidos,4.05,29.32,77.71,53.74,0.3027849999999999,0.31476,0.1348599999999999,0.1427957737729805,4.853907683852865,0.0384969900571626,2022_TIGERs_Mannheim_vs_KIKS,proc_set_32.pkl,2022,A,8.8333,159,18,3861.03,60,11.087498539862844,8.632641443786367,25.94048264535605,40.24470373645354,56.71801666943145,0.3373037922201056,0.3384049889495505,0.6145202369274084,0.857935940575951,1.7395331649782415,0.0437347226704268,0.0158017793610314,0.0891531717537476
32,60→30,MAE,Seq2Seq,18.646,53.46,2022,2022-07-15_12-08_TIGERs_Mannheim-vs-KIKS.log,TIGERs_Mannheim vs KIKS,0 Conhecidos,4.05,29.32,77.71,53.74,0.3027849999999999,0.31476,0.1348599999999999,0.1427957737729805,4.853907683852865,0.0384969900571626,2022_TIGERs_Mannheim_vs_KIKS,proc_set_32.pkl,2022,A,8.8333,159,18,3861.03,60,11.087498539862844,8.632641443786367,25.94048264535605,40.24470373645354,56.71801666943145,0.3373037922201056,0.3384049889495505,0.6145202369274084,0.857935940575951,1.7395331649782415,0.0437347226704268,0.0158017793610314,0.0891531717537476
32,60→30,MAE,MLP,39.983,53.46,2022,2022-07-15_12-08_TIGERs_Mannheim-vs-KIKS.log,TIGERs_Mannheim vs KIKS,0 Conhecidos,4.05,29.32,77.71,53.74,0.3027849999999999,0.31476,0.1348599999999999,0.1427957737729805,4.853907683852865,0.0384969900571626,2022_TIGERs_Mannheim_vs_KIKS,proc_set_32.pkl,2022,A,8.8333,159,18,3861.03,60,11.087498539862844,8.632641443786367,25.94048264535605,40.24470373645354,56.71801666943145,0.3373037922201056,0.3384049889495505,0.6145202369274084,0.857935940575951,1.7395331649782415,0.0437347226704268,0.0158017793610314,0.0891531717537476
32,60→30,MAE,Kalman,40.073,53.46,2022,2022-07-15_12-08_TIGERs_Mannheim-vs-KIKS.log,TIGERs_Mannheim vs KIKS,0 Conhecidos,4.05,29.32,77.71,53.74,0.3027849999999999,0.31476,0.1348599999999999,0.1427957737729805,4.853907683852865,0.0384969900571626,2022_TIGERs_Mannheim_vs_KIKS,proc_set_32.pkl,2022,A,8.8333,159,18,3861.03,60,11.087498539862844,8.632641443786367,25.94048264535605,40.24470373645354,56.71801666943145,0.3373037922201056,0.3384049889495505,0.6145202369274084,0.857935940575951,1.7395331649782415,0.0437347226704268,0.0158017793610314,0.0891531717537476
33,30→15,ADE,Seq2Seq,4.115,78.28,2024,2024-07-20_13-16_ELIMINATION_PHASE_RoboDragons-vs-ER-Force.log,RoboDragons vs ER Force,2 Conhecidos,4.12,30.26,78.26,55.43,0.1686608131169482,0.1633602187242773,0.0879970559764812,0.075028314400167,2.6186427656976345,0.0239964904759309,2024_RoboDragons_vs_ERForce,proc_set_33.pkl,2024,A,9.3125,149,16,1397.12,60,8.838256965808611,4.886018468341188,24.709683839126782,38.81709634185097,45.07067240073772,0.2752931134617059,0.2053880871276583,0.6479311956657924,1.0462739064259317,2.290635643019304,0.058288666832218,0.0180009796200153,0.1220423025542398
33,30→15,ADE,MLP,11.137,78.28,2024,2024-07-20_13-16_ELIMINATION_PHASE_RoboDragons-vs-ER-Force.log,RoboDragons vs ER Force,2 Conhecidos,4.12,30.26,78.26,55.43,0.1686608131169482,0.1633602187242773,0.0879970559764812,0.075028314400167,2.6186427656976345,0.0239964904759309,2024_RoboDragons_vs_ERForce,proc_set_33.pkl,2024,A,9.3125,149,16,1397.12,60,8.838256965808611,4.886018468341188,24.709683839126782,38.81709634185097,45.07067240073772,0.2752931134617059,0.2053880871276583,0.6479311956657924,1.0462739064259317,2.290635643019304,0.058288666832218,0.0180009796200153,0.1220423025542398
33,30→15,ADE,Kalman,18.948,78.28,2024,2024-07-20_13-16_ELIMINATION_PHASE_RoboDragons-vs-ER-Force.log,RoboDragons vs ER Force,2 Conhecidos,4.12,30.26,78.26,55.43,0.1686608131169482,0.1633602187242773,0.0879970559764812,0.075028314400167,2.6186427656976345,0.0239964904759309,2024_RoboDragons_vs_ERForce,proc_set_33.pkl,2024,A,9.3125,149,16,1397.12,60,8.838256965808611,4.886018468341188,24.709683839126782,38.81709634185097,45.07067240073772,0.2752931134617059,0.2053880871276583,0.6479311956657924,1.0462739064259317,2.290635643019304,0.058288666832218,0.0180009796200153,0.1220423025542398
33,30→15,FDE,Seq2Seq,13.305,73.19,2024,2024-07-20_13-16_ELIMINATION_PHASE_RoboDragons-vs-ER-Force.log,RoboDragons vs ER Force,2 Conhecidos,4.12,30.26,78.26,55.43,0.1686608131169482,0.1633602187242773,0.0879970559764812,0.075028314400167,2.6186427656976345,0.0239964904759309,2024_RoboDragons_vs_ERForce,proc_set_33.pkl,2024,A,9.3125,149,16,1397.12,60,8.838256965808611,4.886018468341188,24.709683839126782,38.81709634185097,45.07067240073772,0.2752931134617059,0.2053880871276583,0.6479311956657924,1.0462739064259317,2.290635643019304,0.058288666832218,0.0180009796200153,0.1220423025542398
33,30→15,FDE,MLP,29.327,73.19,2024,2024-07-20_13-16_ELIMINATION_PHASE_RoboDragons-vs-ER-Force.log,RoboDragons vs ER Force,2 Conhecidos,4.12,30.26,78.26,55.43,0.1686608131169482,0.1633602187242773,0.0879970559764812,0.075028314400167,2.6186427656976345,0.0239964904759309,2024_RoboDragons_vs_ERForce,proc_set_33.pkl,2024,A,9.3125,149,16,1397.12,60,8.838256965808611,4.886018468341188,24.709683839126782,38.81709634185097,45.07067240073772,0.2752931134617059,0.2053880871276583,0.6479311956657924,1.0462739064259317,2.290635643019304,0.058288666832218,0.0180009796200153,0.1220423025542398
33,30→15,FDE,Kalman,49.621,73.19,2024,2024-07-20_13-16_ELIMINATION_PHASE_RoboDragons-vs-ER-Force.log,RoboDragons vs ER Force,2 Conhecidos,4.12,30.26,78.26,55.43,0.1686608131169482,0.1633602187242773,0.0879970559764812,0.075028314400167,2.6186427656976345,0.0239964904759309,2024_RoboDragons_vs_ERForce,proc_set_33.pkl,2024,A,9.3125,149,16,1397.12,60,8.838256965808611,4.886018468341188,24.709683839126782,38.81709634185097,45.07067240073772,0.2752931134617059,0.2053880871276583,0.6479311956657924,1.0462739064259317,2.290635643019304,0.058288666832218,0.0180009796200153,0.1220423025542398
33,30→15,MAE,Seq2Seq,2.608,78.29,2024,2024-07-20_13-16_ELIMINATION_PHASE_RoboDragons-vs-ER-Force.log,RoboDragons vs ER Force,2 Conhecidos,4.12,30.26,78.26,55.43,0.1686608131169482,0.1633602187242773,0.0879970559764812,0.075028314400167,2.6186427656976345,0.0239964904759309,2024_RoboDragons_vs_ERForce,proc_set_33.pkl,2024,A,9.3125,149,16,1397.12,60,8.838256965808611,4.886018468341188,24.709683839126782,38.81709634185097,45.07067240073772,0.2752931134617059,0.2053880871276583,0.6479311956657924,1.0462739064259317,2.290635643019304,0.058288666832218,0.0180009796200153,0.1220423025542398
33,30→15,MAE,MLP,7.078,78.29,2024,2024-07-20_13-16_ELIMINATION_PHASE_RoboDragons-vs-ER-Force.log,RoboDragons vs ER Force,2 Conhecidos,4.12,30.26,78.26,55.43,0.1686608131169482,0.1633602187242773,0.0879970559764812,0.075028314400167,2.6186427656976345,0.0239964904759309,2024_RoboDragons_vs_ERForce,proc_set_33.pkl,2024,A,9.3125,149,16,1397.12,60,8.838256965808611,4.886018468341188,24.709683839126782,38.81709634185097,45.07067240073772,0.2752931134617059,0.2053880871276583,0.6479311956657924,1.0462739064259317,2.290635643019304,0.058288666832218,0.0180009796200153,0.1220423025542398
33,30→15,MAE,Kalman,12.016,78.29,2024,2024-07-20_13-16_ELIMINATION_PHASE_RoboDragons-vs-ER-Force.log,RoboDragons vs ER Force,2 Conhecidos,4.12,30.26,78.26,55.43,0.1686608131169482,0.1633602187242773,0.0879970559764812,0.075028314400167,2.6186427656976345,0.0239964904759309,2024_RoboDragons_vs_ERForce,proc_set_33.pkl,2024,A,9.3125,149,16,1397.12,60,8.838256965808611,4.886018468341188,24.709683839126782,38.81709634185097,45.07067240073772,0.2752931134617059,0.2053880871276583,0.6479311956657924,1.0462739064259317,2.290635643019304,0.058288666832218,0.0180009796200153,0.1220423025542398
33,60→30,ADE,Seq2Seq,30.257,55.44,2024,2024-07-20_13-16_ELIMINATION_PHASE_RoboDragons-vs-ER-Force.log,RoboDragons vs ER Force,2 Conhecidos,4.12,30.26,78.26,55.43,0.1686608131169482,0.1633602187242773,0.0879970559764812,0.075028314400167,2.6186427656976345,0.0239964904759309,2024_RoboDragons_vs_ERForce,proc_set_33.pkl,2024,A,9.3125,149,16,1397.12,60,8.838256965808611,4.886018468341188,24.709683839126782,38.81709634185097,45.07067240073772,0.2752931134617059,0.2053880871276583,0.6479311956657924,1.0462739064259317,2.290635643019304,0.058288666832218,0.0180009796200153,0.1220423025542398
33,60→30,ADE,MLP,63.252,55.44,2024,2024-07-20_13-16_ELIMINATION_PHASE_RoboDragons-vs-ER-Force.log,RoboDragons vs ER Force,2 Conhecidos,4.12,30.26,78.26,55.43,0.1686608131169482,0.1633602187242773,0.0879970559764812,0.075028314400167,2.6186427656976345,0.0239964904759309,2024_RoboDragons_vs_ERForce,proc_set_33.pkl,2024,A,9.3125,149,16,1397.12,60,8.838256965808611,4.886018468341188,24.709683839126782,38.81709634185097,45.07067240073772,0.2752931134617059,0.2053880871276583,0.6479311956657924,1.0462739064259317,2.290635643019304,0.058288666832218,0.0180009796200153,0.1220423025542398
33,60→30,ADE,Kalman,67.902,55.44,2024,2024-07-20_13-16_ELIMINATION_PHASE_RoboDragons-vs-ER-Force.log,RoboDragons vs ER Force,2 Conhecidos,4.12,30.26,78.26,55.43,0.1686608131169482,0.1633602187242773,0.0879970559764812,0.075028314400167,2.6186427656976345,0.0239964904759309,2024_RoboDragons_vs_ERForce,proc_set_33.pkl,2024,A,9.3125,149,16,1397.12,60,8.838256965808611,4.886018468341188,24.709683839126782,38.81709634185097,45.07067240073772,0.2752931134617059,0.2053880871276583,0.6479311956657924,1.0462739064259317,2.290635643019304,0.058288666832218,0.0180009796200153,0.1220423025542398
33,60→30,FDE,Seq2Seq,99.078,46.18,2024,2024-07-20_13-16_ELIMINATION_PHASE_RoboDragons-vs-ER-Force.log,RoboDragons vs ER Force,2 Conhecidos,4.12,30.26,78.26,55.43,0.1686608131169482,0.1633602187242773,0.0879970559764812,0.075028314400167,2.6186427656976345,0.0239964904759309,2024_RoboDragons_vs_ERForce,proc_set_33.pkl,2024,A,9.3125,149,16,1397.12,60,8.838256965808611,4.886018468341188,24.709683839126782,38.81709634185097,45.07067240073772,0.2752931134617059,0.2053880871276583,0.6479311956657924,1.0462739064259317,2.290635643019304,0.058288666832218,0.0180009796200153,0.1220423025542398
33,60→30,FDE,MLP,174.494,46.18,2024,2024-07-20_13-16_ELIMINATION_PHASE_RoboDragons-vs-ER-Force.log,RoboDragons vs ER Force,2 Conhecidos,4.12,30.26,78.26,55.43,0.1686608131169482,0.1633602187242773,0.0879970559764812,0.075028314400167,2.6186427656976345,0.0239964904759309,2024_RoboDragons_vs_ERForce,proc_set_33.pkl,2024,A,9.3125,149,16,1397.12,60,8.838256965808611,4.886018468341188,24.709683839126782,38.81709634185097,45.07067240073772,0.2752931134617059,0.2053880871276583,0.6479311956657924,1.0462739064259317,2.290635643019304,0.058288666832218,0.0180009796200153,0.1220423025542398
33,60→30,FDE,Kalman,184.077,46.18,2024,2024-07-20_13-16_ELIMINATION_PHASE_RoboDragons-vs-ER-Force.log,RoboDragons vs ER Force,2 Conhecidos,4.12,30.26,78.26,55.43,0.1686608131169482,0.1633602187242773,0.0879970559764812,0.075028314400167,2.6186427656976345,0.0239964904759309,2024_RoboDragons_vs_ERForce,proc_set_33.pkl,2024,A,9.3125,149,16,1397.12,60,8.838256965808611,4.886018468341188,24.709683839126782,38.81709634185097,45.07067240073772,0.2752931134617059,0.2053880871276583,0.6479311956657924,1.0462739064259317,2.290635643019304,0.058288666832218,0.0180009796200153,0.1220423025542398
33,60→30,MAE,Seq2Seq,19.17,55.41,2024,2024-07-20_13-16_ELIMINATION_PHASE_RoboDragons-vs-ER-Force.log,RoboDragons vs ER Force,2 Conhecidos,4.12,30.26,78.26,55.43,0.1686608131169482,0.1633602187242773,0.0879970559764812,0.075028314400167,2.6186427656976345,0.0239964904759309,2024_RoboDragons_vs_ERForce,proc_set_33.pkl,2024,A,9.3125,149,16,1397.12,60,8.838256965808611,4.886018468341188,24.709683839126782,38.81709634185097,45.07067240073772,0.2752931134617059,0.2053880871276583,0.6479311956657924,1.0462739064259317,2.290635643019304,0.058288666832218,0.0180009796200153,0.1220423025542398
33,60→30,MAE,MLP,40.175,55.41,2024,2024-07-20_13-16_ELIMINATION_PHASE_RoboDragons-vs-ER-Force.log,RoboDragons vs ER Force,2 Conhecidos,4.12,30.26,78.26,55.43,0.1686608131169482,0.1633602187242773,0.0879970559764812,0.075028314400167,2.6186427656976345,0.0239964904759309,2024_RoboDragons_vs_ERForce,proc_set_33.pkl,2024,A,9.3125,149,16,1397.12,60,8.838256965808611,4.886018468341188,24.709683839126782,38.81709634185097,45.07067240073772,0.2752931134617059,0.2053880871276583,0.6479311956657924,1.0462739064259317,2.290635643019304,0.058288666832218,0.0180009796200153,0.1220423025542398
33,60→30,MAE,Kalman,42.989,55.41,2024,2024-07-20_13-16_ELIMINATION_PHASE_RoboDragons-vs-ER-Force.log,RoboDragons vs ER Force,2 Conhecidos,4.12,30.26,78.26,55.43,0.1686608131169482,0.1633602187242773,0.0879970559764812,0.075028314400167,2.6186427656976345,0.0239964904759309,2024_RoboDragons_vs_ERForce,proc_set_33.pkl,2024,A,9.3125,149,16,1397.12,60,8.838256965808611,4.886018468341188,24.709683839126782,38.81709634185097,45.07067240073772,0.2752931134617059,0.2053880871276583,0.6479311956657924,1.0462739064259317,2.290635643019304,0.058288666832218,0.0180009796200153,0.1220423025542398
34,30→15,ADE,Seq2Seq,4.773,77.4,2024,2024-07-18_11-33_GROUP_PHASE_RoboDragons-vs-Immortals.log,RoboDragons vs Immortals,1 Conhecido,4.77,35.05,77.41,52.45,0.1837106908784275,0.2084294804836626,0.0984028314093803,0.1213648532794791,3.891963548640108,0.0279338976564698,2024_RoboDragons_vs_Immortals,proc_set_34.pkl,2024,A,6.8125,109,16,1148.18,60,10.13086649043349,6.265011156185687,25.844463764344912,43.143184490070965,55.544921558249584,0.3220454722427611,0.2335475153937092,0.7711036951351976,1.2482063402322467,2.0576504074537416,0.0543666295989909,0.0177190738118788,0.1117758146770586
34,30→15,ADE,MLP,12.667,77.4,2024,2024-07-18_11-33_GROUP_PHASE_RoboDragons-vs-Immortals.log,RoboDragons vs Immortals,1 Conhecido,4.77,35.05,77.41,52.45,0.1837106908784275,0.2084294804836626,0.0984028314093803,0.1213648532794791,3.891963548640108,0.0279338976564698,2024_RoboDragons_vs_Immortals,proc_set_34.pkl,2024,A,6.8125,109,16,1148.18,60,10.13086649043349,6.265011156185687,25.844463764344912,43.143184490070965,55.544921558249584,0.3220454722427611,0.2335475153937092,0.7711036951351976,1.2482063402322467,2.0576504074537416,0.0543666295989909,0.0177190738118788,0.1117758146770586
34,30→15,ADE,Kalman,21.123,77.4,2024,2024-07-18_11-33_GROUP_PHASE_RoboDragons-vs-Immortals.log,RoboDragons vs Immortals,1 Conhecido,4.77,35.05,77.41,52.45,0.1837106908784275,0.2084294804836626,0.0984028314093803,0.1213648532794791,3.891963548640108,0.0279338976564698,2024_RoboDragons_vs_Immortals,proc_set_34.pkl,2024,A,6.8125,109,16,1148.18,60,10.13086649043349,6.265011156185687,25.844463764344912,43.143184490070965,55.544921558249584,0.3220454722427611,0.2335475153937092,0.7711036951351976,1.2482063402322467,2.0576504074537416,0.0543666295989909,0.0177190738118788,0.1117758146770586
34,30→15,FDE,Seq2Seq,15.436,72.01,2024,2024-07-18_11-33_GROUP_PHASE_RoboDragons-vs-Immortals.log,RoboDragons vs Immortals,1 Conhecido,4.77,35.05,77.41,52.45,0.1837106908784275,0.2084294804836626,0.0984028314093803,0.1213648532794791,3.891963548640108,0.0279338976564698,2024_RoboDragons_vs_Immortals,proc_set_34.pkl,2024,A,6.8125,109,16,1148.18,60,10.13086649043349,6.265011156185687,25.844463764344912,43.143184490070965,55.544921558249584,0.3220454722427611,0.2335475153937092,0.7711036951351976,1.2482063402322467,2.0576504074537416,0.0543666295989909,0.0177190738118788,0.1117758146770586
34,30→15,FDE,MLP,33.287,72.01,2024,2024-07-18_11-33_GROUP_PHASE_RoboDragons-vs-Immortals.log,RoboDragons vs Immortals,1 Conhecido,4.77,35.05,77.41,52.45,0.1837106908784275,0.2084294804836626,0.0984028314093803,0.1213648532794791,3.891963548640108,0.0279338976564698,2024_RoboDragons_vs_Immortals,proc_set_34.pkl,2024,A,6.8125,109,16,1148.18,60,10.13086649043349,6.265011156185687,25.844463764344912,43.143184490070965,55.544921558249584,0.3220454722427611,0.2335475153937092,0.7711036951351976,1.2482063402322467,2.0576504074537416,0.0543666295989909,0.0177190738118788,0.1117758146770586
34,30→15,FDE,Kalman,55.135,72.01,2024,2024-07-18_11-33_GROUP_PHASE_RoboDragons-vs-Immortals.log,RoboDragons vs Immortals,1 Conhecido,4.77,35.05,77.41,52.45,0.1837106908784275,0.2084294804836626,0.0984028314093803,0.1213648532794791,3.891963548640108,0.0279338976564698,2024_RoboDragons_vs_Immortals,proc_set_34.pkl,2024,A,6.8125,109,16,1148.18,60,10.13086649043349,6.265011156185687,25.844463764344912,43.143184490070965,55.544921558249584,0.3220454722427611,0.2335475153937092,0.7711036951351976,1.2482063402322467,2.0576504074537416,0.0543666295989909,0.0177190738118788,0.1117758146770586
34,30→15,MAE,Seq2Seq,3.032,77.44,2024,2024-07-18_11-33_GROUP_PHASE_RoboDragons-vs-Immortals.log,RoboDragons vs Immortals,1 Conhecido,4.77,35.05,77.41,52.45,0.1837106908784275,0.2084294804836626,0.0984028314093803,0.1213648532794791,3.891963548640108,0.0279338976564698,2024_RoboDragons_vs_Immortals,proc_set_34.pkl,2024,A,6.8125,109,16,1148.18,60,10.13086649043349,6.265011156185687,25.844463764344912,43.143184490070965,55.544921558249584,0.3220454722427611,0.2335475153937092,0.7711036951351976,1.2482063402322467,2.0576504074537416,0.0543666295989909,0.0177190738118788,0.1117758146770586
34,30→15,MAE,MLP,8.067,77.44,2024,2024-07-18_11-33_GROUP_PHASE_RoboDragons-vs-Immortals.log,RoboDragons vs Immortals,1 Conhecido,4.77,35.05,77.41,52.45,0.1837106908784275,0.2084294804836626,0.0984028314093803,0.1213648532794791,3.891963548640108,0.0279338976564698,2024_RoboDragons_vs_Immortals,proc_set_34.pkl,2024,A,6.8125,109,16,1148.18,60,10.13086649043349,6.265011156185687,25.844463764344912,43.143184490070965,55.544921558249584,0.3220454722427611,0.2335475153937092,0.7711036951351976,1.2482063402322467,2.0576504074537416,0.0543666295989909,0.0177190738118788,0.1117758146770586
34,30→15,MAE,Kalman,13.439,77.44,2024,2024-07-18_11-33_GROUP_PHASE_RoboDragons-vs-Immortals.log,RoboDragons vs Immortals,1 Conhecido,4.77,35.05,77.41,52.45,0.1837106908784275,0.2084294804836626,0.0984028314093803,0.1213648532794791,3.891963548640108,0.0279338976564698,2024_RoboDragons_vs_Immortals,proc_set_34.pkl,2024,A,6.8125,109,16,1148.18,60,10.13086649043349,6.265011156185687,25.844463764344912,43.143184490070965,55.544921558249584,0.3220454722427611,0.2335475153937092,0.7711036951351976,1.2482063402322467,2.0576504074537416,0.0543666295989909,0.0177190738118788,0.1117758146770586
34,60→30,ADE,Seq2Seq,35.053,52.45,2024,2024-07-18_11-33_GROUP_PHASE_RoboDragons-vs-Immortals.log,RoboDragons vs Immortals,1 Conhecido,4.77,35.05,77.41,52.45,0.1837106908784275,0.2084294804836626,0.0984028314093803,0.1213648532794791,3.891963548640108,0.0279338976564698,2024_RoboDragons_vs_Immortals,proc_set_34.pkl,2024,A,6.8125,109,16,1148.18,60,10.13086649043349,6.265011156185687,25.844463764344912,43.143184490070965,55.544921558249584,0.3220454722427611,0.2335475153937092,0.7711036951351976,1.2482063402322467,2.0576504074537416,0.0543666295989909,0.0177190738118788,0.1117758146770586
34,60→30,ADE,MLP,69.927,52.45,2024,2024-07-18_11-33_GROUP_PHASE_RoboDragons-vs-Immortals.log,RoboDragons vs Immortals,1 Conhecido,4.77,35.05,77.41,52.45,0.1837106908784275,0.2084294804836626,0.0984028314093803,0.1213648532794791,3.891963548640108,0.0279338976564698,2024_RoboDragons_vs_Immortals,proc_set_34.pkl,2024,A,6.8125,109,16,1148.18,60,10.13086649043349,6.265011156185687,25.844463764344912,43.143184490070965,55.544921558249584,0.3220454722427611,0.2335475153937092,0.7711036951351976,1.2482063402322467,2.0576504074537416,0.0543666295989909,0.0177190738118788,0.1117758146770586
34,60→30,ADE,Kalman,73.714,52.45,2024,2024-07-18_11-33_GROUP_PHASE_RoboDragons-vs-Immortals.log,RoboDragons vs Immortals,1 Conhecido,4.77,35.05,77.41,52.45,0.1837106908784275,0.2084294804836626,0.0984028314093803,0.1213648532794791,3.891963548640108,0.0279338976564698,2024_RoboDragons_vs_Immortals,proc_set_34.pkl,2024,A,6.8125,109,16,1148.18,60,10.13086649043349,6.265011156185687,25.844463764344912,43.143184490070965,55.544921558249584,0.3220454722427611,0.2335475153937092,0.7711036951351976,1.2482063402322467,2.0576504074537416,0.0543666295989909,0.0177190738118788,0.1117758146770586
34,60→30,FDE,Seq2Seq,114.857,42.29,2024,2024-07-18_11-33_GROUP_PHASE_RoboDragons-vs-Immortals.log,RoboDragons vs Immortals,1 Conhecido,4.77,35.05,77.41,52.45,0.1837106908784275,0.2084294804836626,0.0984028314093803,0.1213648532794791,3.891963548640108,0.0279338976564698,2024_RoboDragons_vs_Immortals,proc_set_34.pkl,2024,A,6.8125,109,16,1148.18,60,10.13086649043349,6.265011156185687,25.844463764344912,43.143184490070965,55.544921558249584,0.3220454722427611,0.2335475153937092,0.7711036951351976,1.2482063402322467,2.0576504074537416,0.0543666295989909,0.0177190738118788,0.1117758146770586
34,60→30,FDE,MLP,194.106,42.29,2024,2024-07-18_11-33_GROUP_PHASE_RoboDragons-vs-Immortals.log,RoboDragons vs Immortals,1 Conhecido,4.77,35.05,77.41,52.45,0.1837106908784275,0.2084294804836626,0.0984028314093803,0.1213648532794791,3.891963548640108,0.0279338976564698,2024_RoboDragons_vs_Immortals,proc_set_34.pkl,2024,A,6.8125,109,16,1148.18,60,10.13086649043349,6.265011156185687,25.844463764344912,43.143184490070965,55.544921558249584,0.3220454722427611,0.2335475153937092,0.7711036951351976,1.2482063402322467,2.0576504074537416,0.0543666295989909,0.0177190738118788,0.1117758146770586
34,60→30,FDE,Kalman,199.002,42.29,2024,2024-07-18_11-33_GROUP_PHASE_RoboDragons-vs-Immortals.log,RoboDragons vs Immortals,1 Conhecido,4.77,35.05,77.41,52.45,0.1837106908784275,0.2084294804836626,0.0984028314093803,0.1213648532794791,3.891963548640108,0.0279338976564698,2024_RoboDragons_vs_Immortals,proc_set_34.pkl,2024,A,6.8125,109,16,1148.18,60,10.13086649043349,6.265011156185687,25.844463764344912,43.143184490070965,55.544921558249584,0.3220454722427611,0.2335475153937092,0.7711036951351976,1.2482063402322467,2.0576504074537416,0.0543666295989909,0.0177190738118788,0.1117758146770586
34,60→30,MAE,Seq2Seq,22.402,52.46,2024,2024-07-18_11-33_GROUP_PHASE_RoboDragons-vs-Immortals.log,RoboDragons vs Immortals,1 Conhecido,4.77,35.05,77.41,52.45,0.1837106908784275,0.2084294804836626,0.0984028314093803,0.1213648532794791,3.891963548640108,0.0279338976564698,2024_RoboDragons_vs_Immortals,proc_set_34.pkl,2024,A,6.8125,109,16,1148.18,60,10.13086649043349,6.265011156185687,25.844463764344912,43.143184490070965,55.544921558249584,0.3220454722427611,0.2335475153937092,0.7711036951351976,1.2482063402322467,2.0576504074537416,0.0543666295989909,0.0177190738118788,0.1117758146770586
34,60→30,MAE,MLP,44.505,52.46,2024,2024-07-18_11-33_GROUP_PHASE_RoboDragons-vs-Immortals.log,RoboDragons vs Immortals,1 Conhecido,4.77,35.05,77.41,52.45,0.1837106908784275,0.2084294804836626,0.0984028314093803,0.1213648532794791,3.891963548640108,0.0279338976564698,2024_RoboDragons_vs_Immortals,proc_set_34.pkl,2024,A,6.8125,109,16,1148.18,60,10.13086649043349,6.265011156185687,25.844463764344912,43.143184490070965,55.544921558249584,0.3220454722427611,0.2335475153937092,0.7711036951351976,1.2482063402322467,2.0576504074537416,0.0543666295989909,0.0177190738118788,0.1117758146770586
34,60→30,MAE,Kalman,47.125,52.46,2024,2024-07-18_11-33_GROUP_PHASE_RoboDragons-vs-Immortals.log,RoboDragons vs Immortals,1 Conhecido,4.77,35.05,77.41,52.45,0.1837106908784275,0.2084294804836626,0.0984028314093803,0.1213648532794791,3.891963548640108,0.0279338976564698,2024_RoboDragons_vs_Immortals,proc_set_34.pkl,2024,A,6.8125,109,16,1148.18,60,10.13086649043349,6.265011156185687,25.844463764344912,43.143184490070965,55.544921558249584,0.3220454722427611,0.2335475153937092,0.7711036951351976,1.2482063402322467,2.0576504074537416,0.0543666295989909,0.0177190738118788,0.1117758146770586
35,30→15,ADE,Seq2Seq,4.664,75.05,2024,2024-07-21_11-00_ELIMINATION_PHASE_ZJUNlict-vs-TIGERs_Mannheim.log,ZJUNlict vs TIGERs_Mannheim,1 Conhecido,4.66,33.18,75.07,48.61,0.2811333337030054,0.2946986931797201,0.1672398107278843,0.1402284175817397,4.832446001895965,0.0371129706245385,2024_ZJUNlict_vs_TIGERs_Mannheim,proc_set_35.pkl,2024,A,10.7143,150,14,2256.75,60,11.070973369217482,9.34880301455539,24.781701851065797,38.30066384002502,54.07610702895551,0.3390432058245107,0.3379355171999854,0.6377302433151218,0.9993461968604364,1.4741062422557456,0.0451790153361729,0.0128724369508708,0.0872629162564431
35,30→15,ADE,MLP,12.0,75.05,2024,2024-07-21_11-00_ELIMINATION_PHASE_ZJUNlict-vs-TIGERs_Mannheim.log,ZJUNlict vs TIGERs_Mannheim,1 Conhecido,4.66,33.18,75.07,48.61,0.2811333337030054,0.2946986931797201,0.1672398107278843,0.1402284175817397,4.832446001895965,0.0371129706245385,2024_ZJUNlict_vs_TIGERs_Mannheim,proc_set_35.pkl,2024,A,10.7143,150,14,2256.75,60,11.070973369217482,9.34880301455539,24.781701851065797,38.30066384002502,54.07610702895551,0.3390432058245107,0.3379355171999854,0.6377302433151218,0.9993461968604364,1.4741062422557456,0.0451790153361729,0.0128724369508708,0.0872629162564431
35,30→15,ADE,Kalman,18.693,75.05,2024,2024-07-21_11-00_ELIMINATION_PHASE_ZJUNlict-vs-TIGERs_Mannheim.log,ZJUNlict vs TIGERs_Mannheim,1 Conhecido,4.66,33.18,75.07,48.61,0.2811333337030054,0.2946986931797201,0.1672398107278843,0.1402284175817397,4.832446001895965,0.0371129706245385,2024_ZJUNlict_vs_TIGERs_Mannheim,proc_set_35.pkl,2024,A,10.7143,150,14,2256.75,60,11.070973369217482,9.34880301455539,24.781701851065797,38.30066384002502,54.07610702895551,0.3390432058245107,0.3379355171999854,0.6377302433151218,0.9993461968604364,1.4741062422557456,0.0451790153361729,0.0128724369508708,0.0872629162564431
35,30→15,FDE,Seq2Seq,15.104,69.05,2024,2024-07-21_11-00_ELIMINATION_PHASE_ZJUNlict-vs-TIGERs_Mannheim.log,ZJUNlict vs TIGERs_Mannheim,1 Conhecido,4.66,33.18,75.07,48.61,0.2811333337030054,0.2946986931797201,0.1672398107278843,0.1402284175817397,4.832446001895965,0.0371129706245385,2024_ZJUNlict_vs_TIGERs_Mannheim,proc_set_35.pkl,2024,A,10.7143,150,14,2256.75,60,11.070973369217482,9.34880301455539,24.781701851065797,38.30066384002502,54.07610702895551,0.3390432058245107,0.3379355171999854,0.6377302433151218,0.9993461968604364,1.4741062422557456,0.0451790153361729,0.0128724369508708,0.0872629162564431
35,30→15,FDE,MLP,31.614,69.05,2024,2024-07-21_11-00_ELIMINATION_PHASE_ZJUNlict-vs-TIGERs_Mannheim.log,ZJUNlict vs TIGERs_Mannheim,1 Conhecido,4.66,33.18,75.07,48.61,0.2811333337030054,0.2946986931797201,0.1672398107278843,0.1402284175817397,4.832446001895965,0.0371129706245385,2024_ZJUNlict_vs_TIGERs_Mannheim,proc_set_35.pkl,2024,A,10.7143,150,14,2256.75,60,11.070973369217482,9.34880301455539,24.781701851065797,38.30066384002502,54.07610702895551,0.3390432058245107,0.3379355171999854,0.6377302433151218,0.9993461968604364,1.4741062422557456,0.0451790153361729,0.0128724369508708,0.0872629162564431
35,30→15,FDE,Kalman,48.793,69.05,2024,2024-07-21_11-00_ELIMINATION_PHASE_ZJUNlict-vs-TIGERs_Mannheim.log,ZJUNlict vs TIGERs_Mannheim,1 Conhecido,4.66,33.18,75.07,48.61,0.2811333337030054,0.2946986931797201,0.1672398107278843,0.1402284175817397,4.832446001895965,0.0371129706245385,2024_ZJUNlict_vs_TIGERs_Mannheim,proc_set_35.pkl,2024,A,10.7143,150,14,2256.75,60,11.070973369217482,9.34880301455539,24.781701851065797,38.30066384002502,54.07610702895551,0.3390432058245107,0.3379355171999854,0.6377302433151218,0.9993461968604364,1.4741062422557456,0.0451790153361729,0.0128724369508708,0.0872629162564431
35,30→15,MAE,Seq2Seq,2.955,74.93,2024,2024-07-21_11-00_ELIMINATION_PHASE_ZJUNlict-vs-TIGERs_Mannheim.log,ZJUNlict vs TIGERs_Mannheim,1 Conhecido,4.66,33.18,75.07,48.61,0.2811333337030054,0.2946986931797201,0.1672398107278843,0.1402284175817397,4.832446001895965,0.0371129706245385,2024_ZJUNlict_vs_TIGERs_Mannheim,proc_set_35.pkl,2024,A,10.7143,150,14,2256.75,60,11.070973369217482,9.34880301455539,24.781701851065797,38.30066384002502,54.07610702895551,0.3390432058245107,0.3379355171999854,0.6377302433151218,0.9993461968604364,1.4741062422557456,0.0451790153361729,0.0128724369508708,0.0872629162564431
35,30→15,MAE,MLP,7.629,74.93,2024,2024-07-21_11-00_ELIMINATION_PHASE_ZJUNlict-vs-TIGERs_Mannheim.log,ZJUNlict vs TIGERs_Mannheim,1 Conhecido,4.66,33.18,75.07,48.61,0.2811333337030054,0.2946986931797201,0.1672398107278843,0.1402284175817397,4.832446001895965,0.0371129706245385,2024_ZJUNlict_vs_TIGERs_Mannheim,proc_set_35.pkl,2024,A,10.7143,150,14,2256.75,60,11.070973369217482,9.34880301455539,24.781701851065797,38.30066384002502,54.07610702895551,0.3390432058245107,0.3379355171999854,0.6377302433151218,0.9993461968604364,1.4741062422557456,0.0451790153361729,0.0128724369508708,0.0872629162564431
35,30→15,MAE,Kalman,11.787,74.93,2024,2024-07-21_11-00_ELIMINATION_PHASE_ZJUNlict-vs-TIGERs_Mannheim.log,ZJUNlict vs TIGERs_Mannheim,1 Conhecido,4.66,33.18,75.07,48.61,0.2811333337030054,0.2946986931797201,0.1672398107278843,0.1402284175817397,4.832446001895965,0.0371129706245385,2024_ZJUNlict_vs_TIGERs_Mannheim,proc_set_35.pkl,2024,A,10.7143,150,14,2256.75,60,11.070973369217482,9.34880301455539,24.781701851065797,38.30066384002502,54.07610702895551,0.3390432058245107,0.3379355171999854,0.6377302433151218,0.9993461968604364,1.4741062422557456,0.0451790153361729,0.0128724369508708,0.0872629162564431
35,60→30,ADE,Seq2Seq,33.183,48.61,2024,2024-07-21_11-00_ELIMINATION_PHASE_ZJUNlict-vs-TIGERs_Mannheim.log,ZJUNlict vs TIGERs_Mannheim,1 Conhecido,4.66,33.18,75.07,48.61,0.2811333337030054,0.2946986931797201,0.1672398107278843,0.1402284175817397,4.832446001895965,0.0371129706245385,2024_ZJUNlict_vs_TIGERs_Mannheim,proc_set_35.pkl,2024,A,10.7143,150,14,2256.75,60,11.070973369217482,9.34880301455539,24.781701851065797,38.30066384002502,54.07610702895551,0.3390432058245107,0.3379355171999854,0.6377302433151218,0.9993461968604364,1.4741062422557456,0.0451790153361729,0.0128724369508708,0.0872629162564431
35,60→30,ADE,MLP,66.063,48.61,2024,2024-07-21_11-00_ELIMINATION_PHASE_ZJUNlict-vs-TIGERs_Mannheim.log,ZJUNlict vs TIGERs_Mannheim,1 Conhecido,4.66,33.18,75.07,48.61,0.2811333337030054,0.2946986931797201,0.1672398107278843,0.1402284175817397,4.832446001895965,0.0371129706245385,2024_ZJUNlict_vs_TIGERs_Mannheim,proc_set_35.pkl,2024,A,10.7143,150,14,2256.75,60,11.070973369217482,9.34880301455539,24.781701851065797,38.30066384002502,54.07610702895551,0.3390432058245107,0.3379355171999854,0.6377302433151218,0.9993461968604364,1.4741062422557456,0.0451790153361729,0.0128724369508708,0.0872629162564431
35,60→30,ADE,Kalman,64.57,48.61,2024,2024-07-21_11-00_ELIMINATION_PHASE_ZJUNlict-vs-TIGERs_Mannheim.log,ZJUNlict vs TIGERs_Mannheim,1 Conhecido,4.66,33.18,75.07,48.61,0.2811333337030054,0.2946986931797201,0.1672398107278843,0.1402284175817397,4.832446001895965,0.0371129706245385,2024_ZJUNlict_vs_TIGERs_Mannheim,proc_set_35.pkl,2024,A,10.7143,150,14,2256.75,60,11.070973369217482,9.34880301455539,24.781701851065797,38.30066384002502,54.07610702895551,0.3390432058245107,0.3379355171999854,0.6377302433151218,0.9993461968604364,1.4741062422557456,0.0451790153361729,0.0128724369508708,0.0872629162564431
35,60→30,FDE,Seq2Seq,106.667,38.43,2024,2024-07-21_11-00_ELIMINATION_PHASE_ZJUNlict-vs-TIGERs_Mannheim.log,ZJUNlict vs TIGERs_Mannheim,1 Conhecido,4.66,33.18,75.07,48.61,0.2811333337030054,0.2946986931797201,0.1672398107278843,0.1402284175817397,4.832446001895965,0.0371129706245385,2024_ZJUNlict_vs_TIGERs_Mannheim,proc_set_35.pkl,2024,A,10.7143,150,14,2256.75,60,11.070973369217482,9.34880301455539,24.781701851065797,38.30066384002502,54.07610702895551,0.3390432058245107,0.3379355171999854,0.6377302433151218,0.9993461968604364,1.4741062422557456,0.0451790153361729,0.0128724369508708,0.0872629162564431
35,60→30,FDE,MLP,181.791,38.43,2024,2024-07-21_11-00_ELIMINATION_PHASE_ZJUNlict-vs-TIGERs_Mannheim.log,ZJUNlict vs TIGERs_Mannheim,1 Conhecido,4.66,33.18,75.07,48.61,0.2811333337030054,0.2946986931797201,0.1672398107278843,0.1402284175817397,4.832446001895965,0.0371129706245385,2024_ZJUNlict_vs_TIGERs_Mannheim,proc_set_35.pkl,2024,A,10.7143,150,14,2256.75,60,11.070973369217482,9.34880301455539,24.781701851065797,38.30066384002502,54.07610702895551,0.3390432058245107,0.3379355171999854,0.6377302433151218,0.9993461968604364,1.4741062422557456,0.0451790153361729,0.0128724369508708,0.0872629162564431
35,60→30,FDE,Kalman,173.235,38.43,2024,2024-07-21_11-00_ELIMINATION_PHASE_ZJUNlict-vs-TIGERs_Mannheim.log,ZJUNlict vs TIGERs_Mannheim,1 Conhecido,4.66,33.18,75.07,48.61,0.2811333337030054,0.2946986931797201,0.1672398107278843,0.1402284175817397,4.832446001895965,0.0371129706245385,2024_ZJUNlict_vs_TIGERs_Mannheim,proc_set_35.pkl,2024,A,10.7143,150,14,2256.75,60,11.070973369217482,9.34880301455539,24.781701851065797,38.30066384002502,54.07610702895551,0.3390432058245107,0.3379355171999854,0.6377302433151218,0.9993461968604364,1.4741062422557456,0.0451790153361729,0.0128724369508708,0.0872629162564431
35,60→30,MAE,Seq2Seq,21.091,48.37,2024,2024-07-21_11-00_ELIMINATION_PHASE_ZJUNlict-vs-TIGERs_Mannheim.log,ZJUNlict vs TIGERs_Mannheim,1 Conhecido,4.66,33.18,75.07,48.61,0.2811333337030054,0.2946986931797201,0.1672398107278843,0.1402284175817397,4.832446001895965,0.0371129706245385,2024_ZJUNlict_vs_TIGERs_Mannheim,proc_set_35.pkl,2024,A,10.7143,150,14,2256.75,60,11.070973369217482,9.34880301455539,24.781701851065797,38.30066384002502,54.07610702895551,0.3390432058245107,0.3379355171999854,0.6377302433151218,0.9993461968604364,1.4741062422557456,0.0451790153361729,0.0128724369508708,0.0872629162564431
35,60→30,MAE,MLP,41.986,48.37,2024,2024-07-21_11-00_ELIMINATION_PHASE_ZJUNlict-vs-TIGERs_Mannheim.log,ZJUNlict vs TIGERs_Mannheim,1 Conhecido,4.66,33.18,75.07,48.61,0.2811333337030054,0.2946986931797201,0.1672398107278843,0.1402284175817397,4.832446001895965,0.0371129706245385,2024_ZJUNlict_vs_TIGERs_Mannheim,proc_set_35.pkl,2024,A,10.7143,150,14,2256.75,60,11.070973369217482,9.34880301455539,24.781701851065797,38.30066384002502,54.07610702895551,0.3390432058245107,0.3379355171999854,0.6377302433151218,0.9993461968604364,1.4741062422557456,0.0451790153361729,0.0128724369508708,0.0872629162564431
35,60→30,MAE,Kalman,40.849,48.37,2024,2024-07-21_11-00_ELIMINATION_PHASE_ZJUNlict-vs-TIGERs_Mannheim.log,ZJUNlict vs TIGERs_Mannheim,1 Conhecido,4.66,33.18,75.07,48.61,0.2811333337030054,0.2946986931797201,0.1672398107278843,0.1402284175817397,4.832446001895965,0.0371129706245385,2024_ZJUNlict_vs_TIGERs_Mannheim,proc_set_35.pkl,2024,A,10.7143,150,14,2256.75,60,11.070973369217482,9.34880301455539,24.781701851065797,38.30066384002502,54.07610702895551,0.3390432058245107,0.3379355171999854,0.6377302433151218,0.9993461968604364,1.4741062422557456,0.0451790153361729,0.0128724369508708,0.0872629162564431
36,30→15,ADE,Seq2Seq,4.04,76.52,2024,2024-07-18_10-01_GROUP_PHASE_TIGERs_Mannheim-vs-RoboTeam_Twente.log,Mannheim vs RoboTeam_Twente,1 Conhecidos,4.04,27.35,76.51,54.26,0.2254156087920466,0.2430870346320345,0.1375643254481796,0.0971720985977644,4.111687198790778,0.0278013523436837,2024_Mannheim_vs_RoboTeam_Twente,proc_set_36.pkl,2024,A,10.0909,222,22,3326.4,60,10.353895055443294,7.414222708169898,25.439193682883708,41.22886074843344,59.66449839766608,0.2880106608937359,0.283935168828428,0.5563948753890084,0.7768377536857793,10.703251661392326,0.054494680837105,0.0145387482595185,0.1030799568055109
36,30→15,ADE,MLP,11.01,76.52,2024,2024-07-18_10-01_GROUP_PHASE_TIGERs_Mannheim-vs-RoboTeam_Twente.log,Mannheim vs RoboTeam_Twente,1 Conhecidos,4.04,27.35,76.51,54.26,0.2254156087920466,0.2430870346320345,0.1375643254481796,0.0971720985977644,4.111687198790778,0.0278013523436837,2024_Mannheim_vs_RoboTeam_Twente,proc_set_36.pkl,2024,A,10.0909,222,22,3326.4,60,10.353895055443294,7.414222708169898,25.439193682883708,41.22886074843344,59.66449839766608,0.2880106608937359,0.283935168828428,0.5563948753890084,0.7768377536857793,10.703251661392326,0.054494680837105,0.0145387482595185,0.1030799568055109
36,30→15,ADE,Kalman,17.205,76.52,2024,2024-07-18_10-01_GROUP_PHASE_TIGERs_Mannheim-vs-RoboTeam_Twente.log,Mannheim vs RoboTeam_Twente,1 Conhecidos,4.04,27.35,76.51,54.26,0.2254156087920466,0.2430870346320345,0.1375643254481796,0.0971720985977644,4.111687198790778,0.0278013523436837,2024_Mannheim_vs_RoboTeam_Twente,proc_set_36.pkl,2024,A,10.0909,222,22,3326.4,60,10.353895055443294,7.414222708169898,25.439193682883708,41.22886074843344,59.66449839766608,0.2880106608937359,0.283935168828428,0.5563948753890084,0.7768377536857793,10.703251661392326,0.054494680837105,0.0145387482595185,0.1030799568055109
36,30→15,FDE,Seq2Seq,12.853,71.44,2024,2024-07-18_10-01_GROUP_PHASE_TIGERs_Mannheim-vs-RoboTeam_Twente.log,Mannheim vs RoboTeam_Twente,1 Conhecidos,4.04,27.35,76.51,54.26,0.2254156087920466,0.2430870346320345,0.1375643254481796,0.0971720985977644,4.111687198790778,0.0278013523436837,2024_Mannheim_vs_RoboTeam_Twente,proc_set_36.pkl,2024,A,10.0909,222,22,3326.4,60,10.353895055443294,7.414222708169898,25.439193682883708,41.22886074843344,59.66449839766608,0.2880106608937359,0.283935168828428,0.5563948753890084,0.7768377536857793,10.703251661392326,0.054494680837105,0.0145387482595185,0.1030799568055109
36,30→15,FDE,MLP,28.156,71.44,2024,2024-07-18_10-01_GROUP_PHASE_TIGERs_Mannheim-vs-RoboTeam_Twente.log,Mannheim vs RoboTeam_Twente,1 Conhecidos,4.04,27.35,76.51,54.26,0.2254156087920466,0.2430870346320345,0.1375643254481796,0.0971720985977644,4.111687198790778,0.0278013523436837,2024_Mannheim_vs_RoboTeam_Twente,proc_set_36.pkl,2024,A,10.0909,222,22,3326.4,60,10.353895055443294,7.414222708169898,25.439193682883708,41.22886074843344,59.66449839766608,0.2880106608937359,0.283935168828428,0.5563948753890084,0.7768377536857793,10.703251661392326,0.054494680837105,0.0145387482595185,0.1030799568055109
36,30→15,FDE,Kalman,45.008,71.44,2024,2024-07-18_10-01_GROUP_PHASE_TIGERs_Mannheim-vs-RoboTeam_Twente.log,Mannheim vs RoboTeam_Twente,1 Conhecidos,4.04,27.35,76.51,54.26,0.2254156087920466,0.2430870346320345,0.1375643254481796,0.0971720985977644,4.111687198790778,0.0278013523436837,2024_Mannheim_vs_RoboTeam_Twente,proc_set_36.pkl,2024,A,10.0909,222,22,3326.4,60,10.353895055443294,7.414222708169898,25.439193682883708,41.22886074843344,59.66449839766608,0.2880106608937359,0.283935168828428,0.5563948753890084,0.7768377536857793,10.703251661392326,0.054494680837105,0.0145387482595185,0.1030799568055109
36,30→15,MAE,Seq2Seq,2.561,76.55,2024,2024-07-18_10-01_GROUP_PHASE_TIGERs_Mannheim-vs-RoboTeam_Twente.log,Mannheim vs RoboTeam_Twente,1 Conhecidos,4.04,27.35,76.51,54.26,0.2254156087920466,0.2430870346320345,0.1375643254481796,0.0971720985977644,4.111687198790778,0.0278013523436837,2024_Mannheim_vs_RoboTeam_Twente,proc_set_36.pkl,2024,A,10.0909,222,22,3326.4,60,10.353895055443294,7.414222708169898,25.439193682883708,41.22886074843344,59.66449839766608,0.2880106608937359,0.283935168828428,0.5563948753890084,0.7768377536857793,10.703251661392326,0.054494680837105,0.0145387482595185,0.1030799568055109
36,30→15,MAE,MLP,6.968,76.55,2024,2024-07-18_10-01_GROUP_PHASE_TIGERs_Mannheim-vs-RoboTeam_Twente.log,Mannheim vs RoboTeam_Twente,1 Conhecidos,4.04,27.35,76.51,54.26,0.2254156087920466,0.2430870346320345,0.1375643254481796,0.0971720985977644,4.111687198790778,0.0278013523436837,2024_Mannheim_vs_RoboTeam_Twente,proc_set_36.pkl,2024,A,10.0909,222,22,3326.4,60,10.353895055443294,7.414222708169898,25.439193682883708,41.22886074843344,59.66449839766608,0.2880106608937359,0.283935168828428,0.5563948753890084,0.7768377536857793,10.703251661392326,0.054494680837105,0.0145387482595185,0.1030799568055109
36,30→15,MAE,Kalman,10.923,76.55,2024,2024-07-18_10-01_GROUP_PHASE_TIGERs_Mannheim-vs-RoboTeam_Twente.log,Mannheim vs RoboTeam_Twente,1 Conhecidos,4.04,27.35,76.51,54.26,0.2254156087920466,0.2430870346320345,0.1375643254481796,0.0971720985977644,4.111687198790778,0.0278013523436837,2024_Mannheim_vs_RoboTeam_Twente,proc_set_36.pkl,2024,A,10.0909,222,22,3326.4,60,10.353895055443294,7.414222708169898,25.439193682883708,41.22886074843344,59.66449839766608,0.2880106608937359,0.283935168828428,0.5563948753890084,0.7768377536857793,10.703251661392326,0.054494680837105,0.0145387482595185,0.1030799568055109
36,60→30,ADE,Seq2Seq,27.346,54.27,2024,2024-07-18_10-01_GROUP_PHASE_TIGERs_Mannheim-vs-RoboTeam_Twente.log,Mannheim vs RoboTeam_Twente,1 Conhecidos,4.04,27.35,76.51,54.26,0.2254156087920466,0.2430870346320345,0.1375643254481796,0.0971720985977644,4.111687198790778,0.0278013523436837,2024_Mannheim_vs_RoboTeam_Twente,proc_set_36.pkl,2024,A,10.0909,222,22,3326.4,60,10.353895055443294,7.414222708169898,25.439193682883708,41.22886074843344,59.66449839766608,0.2880106608937359,0.283935168828428,0.5563948753890084,0.7768377536857793,10.703251661392326,0.054494680837105,0.0145387482595185,0.1030799568055109
36,60→30,ADE,MLP,60.365,54.27,2024,2024-07-18_10-01_GROUP_PHASE_TIGERs_Mannheim-vs-RoboTeam_Twente.log,Mannheim vs RoboTeam_Twente,1 Conhecidos,4.04,27.35,76.51,54.26,0.2254156087920466,0.2430870346320345,0.1375643254481796,0.0971720985977644,4.111687198790778,0.0278013523436837,2024_Mannheim_vs_RoboTeam_Twente,proc_set_36.pkl,2024,A,10.0909,222,22,3326.4,60,10.353895055443294,7.414222708169898,25.439193682883708,41.22886074843344,59.66449839766608,0.2880106608937359,0.283935168828428,0.5563948753890084,0.7768377536857793,10.703251661392326,0.054494680837105,0.0145387482595185,0.1030799568055109
36,60→30,ADE,Kalman,59.794,54.27,2024,2024-07-18_10-01_GROUP_PHASE_TIGERs_Mannheim-vs-RoboTeam_Twente.log,Mannheim vs RoboTeam_Twente,1 Conhecidos,4.04,27.35,76.51,54.26,0.2254156087920466,0.2430870346320345,0.1375643254481796,0.0971720985977644,4.111687198790778,0.0278013523436837,2024_Mannheim_vs_RoboTeam_Twente,proc_set_36.pkl,2024,A,10.0909,222,22,3326.4,60,10.353895055443294,7.414222708169898,25.439193682883708,41.22886074843344,59.66449839766608,0.2880106608937359,0.283935168828428,0.5563948753890084,0.7768377536857793,10.703251661392326,0.054494680837105,0.0145387482595185,0.1030799568055109
36,60→30,FDE,Seq2Seq,88.606,45.64,2024,2024-07-18_10-01_GROUP_PHASE_TIGERs_Mannheim-vs-RoboTeam_Twente.log,Mannheim vs RoboTeam_Twente,1 Conhecidos,4.04,27.35,76.51,54.26,0.2254156087920466,0.2430870346320345,0.1375643254481796,0.0971720985977644,4.111687198790778,0.0278013523436837,2024_Mannheim_vs_RoboTeam_Twente,proc_set_36.pkl,2024,A,10.0909,222,22,3326.4,60,10.353895055443294,7.414222708169898,25.439193682883708,41.22886074843344,59.66449839766608,0.2880106608937359,0.283935168828428,0.5563948753890084,0.7768377536857793,10.703251661392326,0.054494680837105,0.0145387482595185,0.1030799568055109
36,60→30,FDE,MLP,167.719,45.64,2024,2024-07-18_10-01_GROUP_PHASE_TIGERs_Mannheim-vs-RoboTeam_Twente.log,Mannheim vs RoboTeam_Twente,1 Conhecidos,4.04,27.35,76.51,54.26,0.2254156087920466,0.2430870346320345,0.1375643254481796,0.0971720985977644,4.111687198790778,0.0278013523436837,2024_Mannheim_vs_RoboTeam_Twente,proc_set_36.pkl,2024,A,10.0909,222,22,3326.4,60,10.353895055443294,7.414222708169898,25.439193682883708,41.22886074843344,59.66449839766608,0.2880106608937359,0.283935168828428,0.5563948753890084,0.7768377536857793,10.703251661392326,0.054494680837105,0.0145387482595185,0.1030799568055109
36,60→30,FDE,Kalman,162.994,45.64,2024,2024-07-18_10-01_GROUP_PHASE_TIGERs_Mannheim-vs-RoboTeam_Twente.log,Mannheim vs RoboTeam_Twente,1 Conhecidos,4.04,27.35,76.51,54.26,0.2254156087920466,0.2430870346320345,0.1375643254481796,0.0971720985977644,4.111687198790778,0.0278013523436837,2024_Mannheim_vs_RoboTeam_Twente,proc_set_36.pkl,2024,A,10.0909,222,22,3326.4,60,10.353895055443294,7.414222708169898,25.439193682883708,41.22886074843344,59.66449839766608,0.2880106608937359,0.283935168828428,0.5563948753890084,0.7768377536857793,10.703251661392326,0.054494680837105,0.0145387482595185,0.1030799568055109
36,60→30,MAE,Seq2Seq,17.323,54.36,2024,2024-07-18_10-01_GROUP_PHASE_TIGERs_Mannheim-vs-RoboTeam_Twente.log,Mannheim vs RoboTeam_Twente,1 Conhecidos,4.04,27.35,76.51,54.26,0.2254156087920466,0.2430870346320345,0.1375643254481796,0.0971720985977644,4.111687198790778,0.0278013523436837,2024_Mannheim_vs_RoboTeam_Twente,proc_set_36.pkl,2024,A,10.0909,222,22,3326.4,60,10.353895055443294,7.414222708169898,25.439193682883708,41.22886074843344,59.66449839766608,0.2880106608937359,0.283935168828428,0.5563948753890084,0.7768377536857793,10.703251661392326,0.054494680837105,0.0145387482595185,0.1030799568055109
36,60→30,MAE,MLP,38.416,54.36,2024,2024-07-18_10-01_GROUP_PHASE_TIGERs_Mannheim-vs-RoboTeam_Twente.log,Mannheim vs RoboTeam_Twente,1 Conhecidos,4.04,27.35,76.51,54.26,0.2254156087920466,0.2430870346320345,0.1375643254481796,0.0971720985977644,4.111687198790778,0.0278013523436837,2024_Mannheim_vs_RoboTeam_Twente,proc_set_36.pkl,2024,A,10.0909,222,22,3326.4,60,10.353895055443294,7.414222708169898,25.439193682883708,41.22886074843344,59.66449839766608,0.2880106608937359,0.283935168828428,0.5563948753890084,0.7768377536857793,10.703251661392326,0.054494680837105,0.0145387482595185,0.1030799568055109
36,60→30,MAE,Kalman,37.963,54.36,2024,2024-07-18_10-01_GROUP_PHASE_TIGERs_Mannheim-vs-RoboTeam_Twente.log,Mannheim vs RoboTeam_Twente,1 Conhecidos,4.04,27.35,76.51,54.26,0.2254156087920466,0.2430870346320345,0.1375643254481796,0.0971720985977644,4.111687198790778,0.0278013523436837,2024_Mannheim_vs_RoboTeam_Twente,proc_set_36.pkl,2024,A,10.0909,222,22,3326.4,60,10.353895055443294,7.414222708169898,25.439193682883708,41.22886074843344,59.66449839766608,0.2880106608937359,0.283935168828428,0.5563948753890084,0.7768377536857793,10.703251661392326,0.054494680837105,0.0145387482595185,0.1030799568055109
37,30→15,ADE,Seq2Seq,4.437,77.75,2024,2024-07-18_16-01_GROUP_PHASE_TIGERs_Mannheim-vs-Immortals.log,TIGERs_Mannheim vs Immortals,0 Conhecidos,4.44,31.55,77.74,54.95,0.3054701617950804,0.3240688804341709,0.1626808991049634,0.156795470521009,6.460118367197068,0.0412112220359962,2024_TIGERs_Mannheim_vs_Immortals,proc_set_37.pkl,2024,A,6.9583,167,24,2665.62,60,12.7008666050022,9.673511730736347,29.528055323555805,46.25497441492183,56.30678047255557,0.3584407980989585,0.3532676973452436,0.6663529459568716,1.015887473781068,5.887443841848452,0.0411028691239525,0.0134996535775913,0.0794483737085842
37,30→15,ADE,MLP,12.562,77.75,2024,2024-07-18_16-01_GROUP_PHASE_TIGERs_Mannheim-vs-Immortals.log,TIGERs_Mannheim vs Immortals,0 Conhecidos,4.44,31.55,77.74,54.95,0.3054701617950804,0.3240688804341709,0.1626808991049634,0.156795470521009,6.460118367197068,0.0412112220359962,2024_TIGERs_Mannheim_vs_Immortals,proc_set_37.pkl,2024,A,6.9583,167,24,2665.62,60,12.7008666050022,9.673511730736347,29.528055323555805,46.25497441492183,56.30678047255557,0.3584407980989585,0.3532676973452436,0.6663529459568716,1.015887473781068,5.887443841848452,0.0411028691239525,0.0134996535775913,0.0794483737085842
37,30→15,ADE,Kalman,19.945,77.75,2024,2024-07-18_16-01_GROUP_PHASE_TIGERs_Mannheim-vs-Immortals.log,TIGERs_Mannheim vs Immortals,0 Conhecidos,4.44,31.55,77.74,54.95,0.3054701617950804,0.3240688804341709,0.1626808991049634,0.156795470521009,6.460118367197068,0.0412112220359962,2024_TIGERs_Mannheim_vs_Immortals,proc_set_37.pkl,2024,A,6.9583,167,24,2665.62,60,12.7008666050022,9.673511730736347,29.528055323555805,46.25497441492183,56.30678047255557,0.3584407980989585,0.3532676973452436,0.6663529459568716,1.015887473781068,5.887443841848452,0.0411028691239525,0.0134996535775913,0.0794483737085842
37,30→15,FDE,Seq2Seq,14.177,72.84,2024,2024-07-18_16-01_GROUP_PHASE_TIGERs_Mannheim-vs-Immortals.log,TIGERs_Mannheim vs Immortals,0 Conhecidos,4.44,31.55,77.74,54.95,0.3054701617950804,0.3240688804341709,0.1626808991049634,0.156795470521009,6.460118367197068,0.0412112220359962,2024_TIGERs_Mannheim_vs_Immortals,proc_set_37.pkl,2024,A,6.9583,167,24,2665.62,60,12.7008666050022,9.673511730736347,29.528055323555805,46.25497441492183,56.30678047255557,0.3584407980989585,0.3532676973452436,0.6663529459568716,1.015887473781068,5.887443841848452,0.0411028691239525,0.0134996535775913,0.0794483737085842
37,30→15,FDE,MLP,32.335,72.84,2024,2024-07-18_16-01_GROUP_PHASE_TIGERs_Mannheim-vs-Immortals.log,TIGERs_Mannheim vs Immortals,0 Conhecidos,4.44,31.55,77.74,54.95,0.3054701617950804,0.3240688804341709,0.1626808991049634,0.156795470521009,6.460118367197068,0.0412112220359962,2024_TIGERs_Mannheim_vs_Immortals,proc_set_37.pkl,2024,A,6.9583,167,24,2665.62,60,12.7008666050022,9.673511730736347,29.528055323555805,46.25497441492183,56.30678047255557,0.3584407980989585,0.3532676973452436,0.6663529459568716,1.015887473781068,5.887443841848452,0.0411028691239525,0.0134996535775913,0.0794483737085842
37,30→15,FDE,Kalman,52.209,72.84,2024,2024-07-18_16-01_GROUP_PHASE_TIGERs_Mannheim-vs-Immortals.log,TIGERs_Mannheim vs Immortals,0 Conhecidos,4.44,31.55,77.74,54.95,0.3054701617950804,0.3240688804341709,0.1626808991049634,0.156795470521009,6.460118367197068,0.0412112220359962,2024_TIGERs_Mannheim_vs_Immortals,proc_set_37.pkl,2024,A,6.9583,167,24,2665.62,60,12.7008666050022,9.673511730736347,29.528055323555805,46.25497441492183,56.30678047255557,0.3584407980989585,0.3532676973452436,0.6663529459568716,1.015887473781068,5.887443841848452,0.0411028691239525,0.0134996535775913,0.0794483737085842
37,30→15,MAE,Seq2Seq,2.806,77.75,2024,2024-07-18_16-01_GROUP_PHASE_TIGERs_Mannheim-vs-Immortals.log,TIGERs_Mannheim vs Immortals,0 Conhecidos,4.44,31.55,77.74,54.95,0.3054701617950804,0.3240688804341709,0.1626808991049634,0.156795470521009,6.460118367197068,0.0412112220359962,2024_TIGERs_Mannheim_vs_Immortals,proc_set_37.pkl,2024,A,6.9583,167,24,2665.62,60,12.7008666050022,9.673511730736347,29.528055323555805,46.25497441492183,56.30678047255557,0.3584407980989585,0.3532676973452436,0.6663529459568716,1.015887473781068,5.887443841848452,0.0411028691239525,0.0134996535775913,0.0794483737085842
37,30→15,MAE,MLP,7.968,77.75,2024,2024-07-18_16-01_GROUP_PHASE_TIGERs_Mannheim-vs-Immortals.log,TIGERs_Mannheim vs Immortals,0 Conhecidos,4.44,31.55,77.74,54.95,0.3054701617950804,0.3240688804341709,0.1626808991049634,0.156795470521009,6.460118367197068,0.0412112220359962,2024_TIGERs_Mannheim_vs_Immortals,proc_set_37.pkl,2024,A,6.9583,167,24,2665.62,60,12.7008666050022,9.673511730736347,29.528055323555805,46.25497441492183,56.30678047255557,0.3584407980989585,0.3532676973452436,0.6663529459568716,1.015887473781068,5.887443841848452,0.0411028691239525,0.0134996535775913,0.0794483737085842
37,30→15,MAE,Kalman,12.609,77.75,2024,2024-07-18_16-01_GROUP_PHASE_TIGERs_Mannheim-vs-Immortals.log,TIGERs_Mannheim vs Immortals,0 Conhecidos,4.44,31.55,77.74,54.95,0.3054701617950804,0.3240688804341709,0.1626808991049634,0.156795470521009,6.460118367197068,0.0412112220359962,2024_TIGERs_Mannheim_vs_Immortals,proc_set_37.pkl,2024,A,6.9583,167,24,2665.62,60,12.7008666050022,9.673511730736347,29.528055323555805,46.25497441492183,56.30678047255557,0.3584407980989585,0.3532676973452436,0.6663529459568716,1.015887473781068,5.887443841848452,0.0411028691239525,0.0134996535775913,0.0794483737085842
37,60→30,ADE,Seq2Seq,31.548,54.95,2024,2024-07-18_16-01_GROUP_PHASE_TIGERs_Mannheim-vs-Immortals.log,TIGERs_Mannheim vs Immortals,0 Conhecidos,4.44,31.55,77.74,54.95,0.3054701617950804,0.3240688804341709,0.1626808991049634,0.156795470521009,6.460118367197068,0.0412112220359962,2024_TIGERs_Mannheim_vs_Immortals,proc_set_37.pkl,2024,A,6.9583,167,24,2665.62,60,12.7008666050022,9.673511730736347,29.528055323555805,46.25497441492183,56.30678047255557,0.3584407980989585,0.3532676973452436,0.6663529459568716,1.015887473781068,5.887443841848452,0.0411028691239525,0.0134996535775913,0.0794483737085842
37,60→30,ADE,MLP,69.07,54.95,2024,2024-07-18_16-01_GROUP_PHASE_TIGERs_Mannheim-vs-Immortals.log,TIGERs_Mannheim vs Immortals,0 Conhecidos,4.44,31.55,77.74,54.95,0.3054701617950804,0.3240688804341709,0.1626808991049634,0.156795470521009,6.460118367197068,0.0412112220359962,2024_TIGERs_Mannheim_vs_Immortals,proc_set_37.pkl,2024,A,6.9583,167,24,2665.62,60,12.7008666050022,9.673511730736347,29.528055323555805,46.25497441492183,56.30678047255557,0.3584407980989585,0.3532676973452436,0.6663529459568716,1.015887473781068,5.887443841848452,0.0411028691239525,0.0134996535775913,0.0794483737085842
37,60→30,ADE,Kalman,70.033,54.95,2024,2024-07-18_16-01_GROUP_PHASE_TIGERs_Mannheim-vs-Immortals.log,TIGERs_Mannheim vs Immortals,0 Conhecidos,4.44,31.55,77.74,54.95,0.3054701617950804,0.3240688804341709,0.1626808991049634,0.156795470521009,6.460118367197068,0.0412112220359962,2024_TIGERs_Mannheim_vs_Immortals,proc_set_37.pkl,2024,A,6.9583,167,24,2665.62,60,12.7008666050022,9.673511730736347,29.528055323555805,46.25497441492183,56.30678047255557,0.3584407980989585,0.3532676973452436,0.6663529459568716,1.015887473781068,5.887443841848452,0.0411028691239525,0.0134996535775913,0.0794483737085842
37,60→30,FDE,Seq2Seq,102.276,46.26,2024,2024-07-18_16-01_GROUP_PHASE_TIGERs_Mannheim-vs-Immortals.log,TIGERs_Mannheim vs Immortals,0 Conhecidos,4.44,31.55,77.74,54.95,0.3054701617950804,0.3240688804341709,0.1626808991049634,0.156795470521009,6.460118367197068,0.0412112220359962,2024_TIGERs_Mannheim_vs_Immortals,proc_set_37.pkl,2024,A,6.9583,167,24,2665.62,60,12.7008666050022,9.673511730736347,29.528055323555805,46.25497441492183,56.30678047255557,0.3584407980989585,0.3532676973452436,0.6663529459568716,1.015887473781068,5.887443841848452,0.0411028691239525,0.0134996535775913,0.0794483737085842
37,60→30,FDE,MLP,190.331,46.26,2024,2024-07-18_16-01_GROUP_PHASE_TIGERs_Mannheim-vs-Immortals.log,TIGERs_Mannheim vs Immortals,0 Conhecidos,4.44,31.55,77.74,54.95,0.3054701617950804,0.3240688804341709,0.1626808991049634,0.156795470521009,6.460118367197068,0.0412112220359962,2024_TIGERs_Mannheim_vs_Immortals,proc_set_37.pkl,2024,A,6.9583,167,24,2665.62,60,12.7008666050022,9.673511730736347,29.528055323555805,46.25497441492183,56.30678047255557,0.3584407980989585,0.3532676973452436,0.6663529459568716,1.015887473781068,5.887443841848452,0.0411028691239525,0.0134996535775913,0.0794483737085842
37,60→30,FDE,Kalman,190.329,46.26,2024,2024-07-18_16-01_GROUP_PHASE_TIGERs_Mannheim-vs-Immortals.log,TIGERs_Mannheim vs Immortals,0 Conhecidos,4.44,31.55,77.74,54.95,0.3054701617950804,0.3240688804341709,0.1626808991049634,0.156795470521009,6.460118367197068,0.0412112220359962,2024_TIGERs_Mannheim_vs_Immortals,proc_set_37.pkl,2024,A,6.9583,167,24,2665.62,60,12.7008666050022,9.673511730736347,29.528055323555805,46.25497441492183,56.30678047255557,0.3584407980989585,0.3532676973452436,0.6663529459568716,1.015887473781068,5.887443841848452,0.0411028691239525,0.0134996535775913,0.0794483737085842
37,60→30,MAE,Seq2Seq,20.079,54.87,2024,2024-07-18_16-01_GROUP_PHASE_TIGERs_Mannheim-vs-Immortals.log,TIGERs_Mannheim vs Immortals,0 Conhecidos,4.44,31.55,77.74,54.95,0.3054701617950804,0.3240688804341709,0.1626808991049634,0.156795470521009,6.460118367197068,0.0412112220359962,2024_TIGERs_Mannheim_vs_Immortals,proc_set_37.pkl,2024,A,6.9583,167,24,2665.62,60,12.7008666050022,9.673511730736347,29.528055323555805,46.25497441492183,56.30678047255557,0.3584407980989585,0.3532676973452436,0.6663529459568716,1.015887473781068,5.887443841848452,0.0411028691239525,0.0134996535775913,0.0794483737085842
37,60→30,MAE,MLP,43.988,54.87,2024,2024-07-18_16-01_GROUP_PHASE_TIGERs_Mannheim-vs-Immortals.log,TIGERs_Mannheim vs Immortals,0 Conhecidos,4.44,31.55,77.74,54.95,0.3054701617950804,0.3240688804341709,0.1626808991049634,0.156795470521009,6.460118367197068,0.0412112220359962,2024_TIGERs_Mannheim_vs_Immortals,proc_set_37.pkl,2024,A,6.9583,167,24,2665.62,60,12.7008666050022,9.673511730736347,29.528055323555805,46.25497441492183,56.30678047255557,0.3584407980989585,0.3532676973452436,0.6663529459568716,1.015887473781068,5.887443841848452,0.0411028691239525,0.0134996535775913,0.0794483737085842
37,60→30,MAE,Kalman,44.493,54.87,2024,2024-07-18_16-01_GROUP_PHASE_TIGERs_Mannheim-vs-Immortals.log,TIGERs_Mannheim vs Immortals,0 Conhecidos,4.44,31.55,77.74,54.95,0.3054701617950804,0.3240688804341709,0.1626808991049634,0.156795470521009,6.460118367197068,0.0412112220359962,2024_TIGERs_Mannheim_vs_Immortals,proc_set_37.pkl,2024,A,6.9583,167,24,2665.62,60,12.7008666050022,9.673511730736347,29.528055323555805,46.25497441492183,56.30678047255557,0.3584407980989585,0.3532676973452436,0.6663529459568716,1.015887473781068,5.887443841848452,0.0411028691239525,0.0134996535775913,0.0794483737085842
38,30→15,ADE,Seq2Seq,3.972,73.84,2024,2024-07-18_07-01_GROUP_PHASE_KIKS-vs-RobôCin.log,KIKS vs RobôCin,0 Conhecidos,3.97,29.41,73.86,43.94,0.191648722175364,0.192103060955358,0.1084380826212916,0.0404163256987452,1.8130088070746893,0.0301022736204565,2024_KIKS_vs_RobCin,proc_set_38.pkl,2024,A,7.4167,89,12,1364.93,60,7.43947430922235,5.05410907409555,18.638397932115183,32.39156857967739,45.30127899485051,0.2369601882366449,0.1729781897452873,0.5611993023538367,1.0052427712265437,1.511531232792884,0.0521820092407352,0.0163575271296601,0.1106645623561283
38,30→15,ADE,MLP,9.839,73.84,2024,2024-07-18_07-01_GROUP_PHASE_KIKS-vs-RobôCin.log,KIKS vs RobôCin,0 Conhecidos,3.97,29.41,73.86,43.94,0.191648722175364,0.192103060955358,0.1084380826212916,0.0404163256987452,1.8130088070746893,0.0301022736204565,2024_KIKS_vs_RobCin,proc_set_38.pkl,2024,A,7.4167,89,12,1364.93,60,7.43947430922235,5.05410907409555,18.638397932115183,32.39156857967739,45.30127899485051,0.2369601882366449,0.1729781897452873,0.5611993023538367,1.0052427712265437,1.511531232792884,0.0521820092407352,0.0163575271296601,0.1106645623561283
38,30→15,ADE,Kalman,15.186,73.84,2024,2024-07-18_07-01_GROUP_PHASE_KIKS-vs-RobôCin.log,KIKS vs RobôCin,0 Conhecidos,3.97,29.41,73.86,43.94,0.191648722175364,0.192103060955358,0.1084380826212916,0.0404163256987452,1.8130088070746893,0.0301022736204565,2024_KIKS_vs_RobCin,proc_set_38.pkl,2024,A,7.4167,89,12,1364.93,60,7.43947430922235,5.05410907409555,18.638397932115183,32.39156857967739,45.30127899485051,0.2369601882366449,0.1729781897452873,0.5611993023538367,1.0052427712265437,1.511531232792884,0.0521820092407352,0.0163575271296601,0.1106645623561283
38,30→15,FDE,Seq2Seq,12.941,67.33,2024,2024-07-18_07-01_GROUP_PHASE_KIKS-vs-RobôCin.log,KIKS vs RobôCin,0 Conhecidos,3.97,29.41,73.86,43.94,0.191648722175364,0.192103060955358,0.1084380826212916,0.0404163256987452,1.8130088070746893,0.0301022736204565,2024_KIKS_vs_RobCin,proc_set_38.pkl,2024,A,7.4167,89,12,1364.93,60,7.43947430922235,5.05410907409555,18.638397932115183,32.39156857967739,45.30127899485051,0.2369601882366449,0.1729781897452873,0.5611993023538367,1.0052427712265437,1.511531232792884,0.0521820092407352,0.0163575271296601,0.1106645623561283
38,30→15,FDE,MLP,26.294,67.33,2024,2024-07-18_07-01_GROUP_PHASE_KIKS-vs-RobôCin.log,KIKS vs RobôCin,0 Conhecidos,3.97,29.41,73.86,43.94,0.191648722175364,0.192103060955358,0.1084380826212916,0.0404163256987452,1.8130088070746893,0.0301022736204565,2024_KIKS_vs_RobCin,proc_set_38.pkl,2024,A,7.4167,89,12,1364.93,60,7.43947430922235,5.05410907409555,18.638397932115183,32.39156857967739,45.30127899485051,0.2369601882366449,0.1729781897452873,0.5611993023538367,1.0052427712265437,1.511531232792884,0.0521820092407352,0.0163575271296601,0.1106645623561283
38,30→15,FDE,Kalman,39.614,67.33,2024,2024-07-18_07-01_GROUP_PHASE_KIKS-vs-RobôCin.log,KIKS vs RobôCin,0 Conhecidos,3.97,29.41,73.86,43.94,0.191648722175364,0.192103060955358,0.1084380826212916,0.0404163256987452,1.8130088070746893,0.0301022736204565,2024_KIKS_vs_RobCin,proc_set_38.pkl,2024,A,7.4167,89,12,1364.93,60,7.43947430922235,5.05410907409555,18.638397932115183,32.39156857967739,45.30127899485051,0.2369601882366449,0.1729781897452873,0.5611993023538367,1.0052427712265437,1.511531232792884,0.0521820092407352,0.0163575271296601,0.1106645623561283
38,30→15,MAE,Seq2Seq,2.519,73.89,2024,2024-07-18_07-01_GROUP_PHASE_KIKS-vs-RobôCin.log,KIKS vs RobôCin,0 Conhecidos,3.97,29.41,73.86,43.94,0.191648722175364,0.192103060955358,0.1084380826212916,0.0404163256987452,1.8130088070746893,0.0301022736204565,2024_KIKS_vs_RobCin,proc_set_38.pkl,2024,A,7.4167,89,12,1364.93,60,7.43947430922235,5.05410907409555,18.638397932115183,32.39156857967739,45.30127899485051,0.2369601882366449,0.1729781897452873,0.5611993023538367,1.0052427712265437,1.511531232792884,0.0521820092407352,0.0163575271296601,0.1106645623561283
38,30→15,MAE,MLP,6.251,73.89,2024,2024-07-18_07-01_GROUP_PHASE_KIKS-vs-RobôCin.log,KIKS vs RobôCin,0 Conhecidos,3.97,29.41,73.86,43.94,0.191648722175364,0.192103060955358,0.1084380826212916,0.0404163256987452,1.8130088070746893,0.0301022736204565,2024_KIKS_vs_RobCin,proc_set_38.pkl,2024,A,7.4167,89,12,1364.93,60,7.43947430922235,5.05410907409555,18.638397932115183,32.39156857967739,45.30127899485051,0.2369601882366449,0.1729781897452873,0.5611993023538367,1.0052427712265437,1.511531232792884,0.0521820092407352,0.0163575271296601,0.1106645623561283
38,30→15,MAE,Kalman,9.647,73.89,2024,2024-07-18_07-01_GROUP_PHASE_KIKS-vs-RobôCin.log,KIKS vs RobôCin,0 Conhecidos,3.97,29.41,73.86,43.94,0.191648722175364,0.192103060955358,0.1084380826212916,0.0404163256987452,1.8130088070746893,0.0301022736204565,2024_KIKS_vs_RobCin,proc_set_38.pkl,2024,A,7.4167,89,12,1364.93,60,7.43947430922235,5.05410907409555,18.638397932115183,32.39156857967739,45.30127899485051,0.2369601882366449,0.1729781897452873,0.5611993023538367,1.0052427712265437,1.511531232792884,0.0521820092407352,0.0163575271296601,0.1106645623561283
38,60→30,ADE,Seq2Seq,29.412,43.94,2024,2024-07-18_07-01_GROUP_PHASE_KIKS-vs-RobôCin.log,KIKS vs RobôCin,0 Conhecidos,3.97,29.41,73.86,43.94,0.191648722175364,0.192103060955358,0.1084380826212916,0.0404163256987452,1.8130088070746893,0.0301022736204565,2024_KIKS_vs_RobCin,proc_set_38.pkl,2024,A,7.4167,89,12,1364.93,60,7.43947430922235,5.05410907409555,18.638397932115183,32.39156857967739,45.30127899485051,0.2369601882366449,0.1729781897452873,0.5611993023538367,1.0052427712265437,1.511531232792884,0.0521820092407352,0.0163575271296601,0.1106645623561283
38,60→30,ADE,MLP,53.819,43.94,2024,2024-07-18_07-01_GROUP_PHASE_KIKS-vs-RobôCin.log,KIKS vs RobôCin,0 Conhecidos,3.97,29.41,73.86,43.94,0.191648722175364,0.192103060955358,0.1084380826212916,0.0404163256987452,1.8130088070746893,0.0301022736204565,2024_KIKS_vs_RobCin,proc_set_38.pkl,2024,A,7.4167,89,12,1364.93,60,7.43947430922235,5.05410907409555,18.638397932115183,32.39156857967739,45.30127899485051,0.2369601882366449,0.1729781897452873,0.5611993023538367,1.0052427712265437,1.511531232792884,0.0521820092407352,0.0163575271296601,0.1106645623561283
38,60→30,ADE,Kalman,52.465,43.94,2024,2024-07-18_07-01_GROUP_PHASE_KIKS-vs-RobôCin.log,KIKS vs RobôCin,0 Conhecidos,3.97,29.41,73.86,43.94,0.191648722175364,0.192103060955358,0.1084380826212916,0.0404163256987452,1.8130088070746893,0.0301022736204565,2024_KIKS_vs_RobCin,proc_set_38.pkl,2024,A,7.4167,89,12,1364.93,60,7.43947430922235,5.05410907409555,18.638397932115183,32.39156857967739,45.30127899485051,0.2369601882366449,0.1729781897452873,0.5611993023538367,1.0052427712265437,1.511531232792884,0.0521820092407352,0.0163575271296601,0.1106645623561283
38,60→30,FDE,Seq2Seq,94.344,32.99,2024,2024-07-18_07-01_GROUP_PHASE_KIKS-vs-RobôCin.log,KIKS vs RobôCin,0 Conhecidos,3.97,29.41,73.86,43.94,0.191648722175364,0.192103060955358,0.1084380826212916,0.0404163256987452,1.8130088070746893,0.0301022736204565,2024_KIKS_vs_RobCin,proc_set_38.pkl,2024,A,7.4167,89,12,1364.93,60,7.43947430922235,5.05410907409555,18.638397932115183,32.39156857967739,45.30127899485051,0.2369601882366449,0.1729781897452873,0.5611993023538367,1.0052427712265437,1.511531232792884,0.0521820092407352,0.0163575271296601,0.1106645623561283
38,60→30,FDE,MLP,147.825,32.99,2024,2024-07-18_07-01_GROUP_PHASE_KIKS-vs-RobôCin.log,KIKS vs RobôCin,0 Conhecidos,3.97,29.41,73.86,43.94,0.191648722175364,0.192103060955358,0.1084380826212916,0.0404163256987452,1.8130088070746893,0.0301022736204565,2024_KIKS_vs_RobCin,proc_set_38.pkl,2024,A,7.4167,89,12,1364.93,60,7.43947430922235,5.05410907409555,18.638397932115183,32.39156857967739,45.30127899485051,0.2369601882366449,0.1729781897452873,0.5611993023538367,1.0052427712265437,1.511531232792884,0.0521820092407352,0.0163575271296601,0.1106645623561283
38,60→30,FDE,Kalman,140.785,32.99,2024,2024-07-18_07-01_GROUP_PHASE_KIKS-vs-RobôCin.log,KIKS vs RobôCin,0 Conhecidos,3.97,29.41,73.86,43.94,0.191648722175364,0.192103060955358,0.1084380826212916,0.0404163256987452,1.8130088070746893,0.0301022736204565,2024_KIKS_vs_RobCin,proc_set_38.pkl,2024,A,7.4167,89,12,1364.93,60,7.43947430922235,5.05410907409555,18.638397932115183,32.39156857967739,45.30127899485051,0.2369601882366449,0.1729781897452873,0.5611993023538367,1.0052427712265437,1.511531232792884,0.0521820092407352,0.0163575271296601,0.1106645623561283
38,60→30,MAE,Seq2Seq,18.771,43.62,2024,2024-07-18_07-01_GROUP_PHASE_KIKS-vs-RobôCin.log,KIKS vs RobôCin,0 Conhecidos,3.97,29.41,73.86,43.94,0.191648722175364,0.192103060955358,0.1084380826212916,0.0404163256987452,1.8130088070746893,0.0301022736204565,2024_KIKS_vs_RobCin,proc_set_38.pkl,2024,A,7.4167,89,12,1364.93,60,7.43947430922235,5.05410907409555,18.638397932115183,32.39156857967739,45.30127899485051,0.2369601882366449,0.1729781897452873,0.5611993023538367,1.0052427712265437,1.511531232792884,0.0521820092407352,0.0163575271296601,0.1106645623561283
38,60→30,MAE,MLP,34.229,43.62,2024,2024-07-18_07-01_GROUP_PHASE_KIKS-vs-RobôCin.log,KIKS vs RobôCin,0 Conhecidos,3.97,29.41,73.86,43.94,0.191648722175364,0.192103060955358,0.1084380826212916,0.0404163256987452,1.8130088070746893,0.0301022736204565,2024_KIKS_vs_RobCin,proc_set_38.pkl,2024,A,7.4167,89,12,1364.93,60,7.43947430922235,5.05410907409555,18.638397932115183,32.39156857967739,45.30127899485051,0.2369601882366449,0.1729781897452873,0.5611993023538367,1.0052427712265437,1.511531232792884,0.0521820092407352,0.0163575271296601,0.1106645623561283
38,60→30,MAE,Kalman,33.292,43.62,2024,2024-07-18_07-01_GROUP_PHASE_KIKS-vs-RobôCin.log,KIKS vs RobôCin,0 Conhecidos,3.97,29.41,73.86,43.94,0.191648722175364,0.192103060955358,0.1084380826212916,0.0404163256987452,1.8130088070746893,0.0301022736204565,2024_KIKS_vs_RobCin,proc_set_38.pkl,2024,A,7.4167,89,12,1364.93,60,7.43947430922235,5.05410907409555,18.638397932115183,32.39156857967739,45.30127899485051,0.2369601882366449,0.1729781897452873,0.5611993023538367,1.0052427712265437,1.511531232792884,0.0521820092407352,0.0163575271296601,0.1106645623561283
