method,drift_type,stream_index,year,match_id,log_file
ADWIN_ADE_seq2seq_30_15,Erro (online),127,2019,2019_KIKS_vs_MRL,2019-07-04_14-10_KIKS-vs-MRL.log
ADWIN_ADE_seq2seq_30_15,Erro (online),255,2019,2019_KIKS_vs_MRL,2019-07-04_14-10_KIKS-vs-MRL.log
ADWIN_ADE_seq2seq_30_15,Erro (online),543,2019,2019_KIKS_vs_MRL,2019-07-04_14-10_KIKS-vs-MRL.log
ADWIN_ADE_seq2seq_30_15,Erro (online),1087,2019,2019_KIKS_vs_MRL,2019-07-04_14-10_KIKS-vs-MRL.log
ADWIN_ADE_seq2seq_30_15,Erro (online),1215,2019,2019_KIKS_vs_MRL,2019-07-04_14-10_KIKS-vs-MRL.log
ADWIN_ADE_seq2seq_30_15,Erro (online),1439,2019,2019_KIKS_vs_MRL,2019-07-04_14-10_KIKS-vs-MRL.log
ADWIN_ADE_seq2seq_30_15,Erro (online),2143,2019,2019_KIKS_vs_MRL,2019-07-04_14-10_KIKS-vs-MRL.log
ADWIN_ADE_seq2seq_30_15,Erro (online),2271,2019,2019_KIKS_vs_MRL,2019-07-04_14-10_KIKS-vs-MRL.log
ADWIN_ADE_seq2seq_30_15,Erro (online),2847,2019,2019_KIKS_vs_MRL,2019-07-04_14-10_KIKS-vs-MRL.log
ADWIN_ADE_seq2seq_30_15,Erro (online),3007,2019,2019_KIKS_vs_MRL,2019-07-04_14-10_KIKS-vs-MRL.log
ADWIN_ADE_seq2seq_30_15,Erro (online),3231,2019,2019_KIKS_vs_MRL,2019-07-04_14-10_KIKS-vs-MRL.log
ADWIN_ADE_seq2seq_30_15,Erro (online),3519,2019,2019_KIKS_vs_MRL,2019-07-04_14-10_KIKS-vs-MRL.log
ADWIN_ADE_seq2seq_30_15,Erro (online),3743,2019,2019_KIKS_vs_MRL,2019-07-04_14-10_KIKS-vs-MRL.log
ADWIN_ADE_seq2seq_30_15,Erro (online),4159,2019,2019_KIKS_vs_MRL,2019-07-04_14-10_KIKS-vs-MRL.log
ADWIN_ADE_seq2seq_30_15,Erro (online),4383,2019,2019_KIKS_vs_MRL,2019-07-04_14-10_KIKS-vs-MRL.log
ADWIN_ADE_seq2seq_30_15,Erro (online),4575,2019,2019_KIKS_vs_MRL,2019-07-04_14-10_KIKS-vs-MRL.log
ADWIN_ADE_seq2seq_30_15,Erro (online),5119,2019,2019_KIKS_vs_MRL,2019-07-04_14-10_KIKS-vs-MRL.log
ADWIN_ADE_seq2seq_30_15,Erro (online),5471,2019,2019_KIKS_vs_MRL,2019-07-04_14-10_KIKS-vs-MRL.log
ADWIN_ADE_seq2seq_30_15,Erro (online),5983,2019,2019_KIKS_vs_MRL,2019-07-04_14-10_KIKS-vs-MRL.log
ADWIN_ADE_seq2seq_30_15,Erro (online),6367,2019,2019_KIKS_vs_MRL,2019-07-04_14-10_KIKS-vs-MRL.log
ADWIN_ADE_seq2seq_30_15,Erro (online),6655,2019,2019_KIKS_vs_MRL,2019-07-04_14-10_KIKS-vs-MRL.log
ADWIN_ADE_seq2seq_30_15,Erro (online),7071,2019,2019_KIKS_vs_MRL,2019-07-04_14-10_KIKS-vs-MRL.log
ADWIN_ADE_seq2seq_30_15,Erro (online),7967,2019,2019_KIKS_vs_MRL,2019-07-04_14-10_KIKS-vs-MRL.log
ADWIN_ADE_seq2seq_30_15,Erro (online),8127,2019,2019_KIKS_vs_TIGERs_Mannheim,2019-07-04_06-55_KIKS-vs-TIGERs_Mannheim.log
ADWIN_ADE_seq2seq_30_15,Erro (online),8511,2019,2019_KIKS_vs_TIGERs_Mannheim,2019-07-04_06-55_KIKS-vs-TIGERs_Mannheim.log
ADWIN_ADE_seq2seq_30_15,Erro (online),9055,2019,2019_KIKS_vs_TIGERs_Mannheim,2019-07-04_06-55_KIKS-vs-TIGERs_Mannheim.log
ADWIN_ADE_seq2seq_30_15,Erro (online),9183,2019,2019_KIKS_vs_TIGERs_Mannheim,2019-07-04_06-55_KIKS-vs-TIGERs_Mannheim.log
ADWIN_ADE_seq2seq_30_15,Erro (online),9759,2019,2019_KIKS_vs_TIGERs_Mannheim,2019-07-04_06-55_KIKS-vs-TIGERs_Mannheim.log
ADWIN_ADE_seq2seq_30_15,Erro (online),10527,2019,2019_KIKS_vs_TIGERs_Mannheim,2019-07-04_06-55_KIKS-vs-TIGERs_Mannheim.log
ADWIN_ADE_seq2seq_30_15,Erro (online),10815,2019,2019_KIKS_vs_TIGERs_Mannheim,2019-07-04_06-55_KIKS-vs-TIGERs_Mannheim.log
ADWIN_ADE_seq2seq_30_15,Erro (online),11007,2019,2019_KIKS_vs_TIGERs_Mannheim,2019-07-04_06-55_KIKS-vs-TIGERs_Mannheim.log
ADWIN_ADE_seq2seq_30_15,Erro (online),11199,2019,2019_KIKS_vs_TIGERs_Mannheim,2019-07-04_06-55_KIKS-vs-TIGERs_Mannheim.log
ADWIN_ADE_seq2seq_30_15,Erro (online),12223,2019,2019_KIKS_vs_TIGERs_Mannheim,2019-07-04_06-55_KIKS-vs-TIGERs_Mannheim.log
ADWIN_ADE_seq2seq_30_15,Erro (online),12447,2019,2019_KIKS_vs_TIGERs_Mannheim,2019-07-04_06-55_KIKS-vs-TIGERs_Mannheim.log
ADWIN_ADE_seq2seq_30_15,Erro (online),12735,2019,2019_KIKS_vs_TIGERs_Mannheim,2019-07-04_06-55_KIKS-vs-TIGERs_Mannheim.log
ADWIN_ADE_seq2seq_30_15,Erro (online),12895,2019,2019_KIKS_vs_TIGERs_Mannheim,2019-07-04_06-55_KIKS-vs-TIGERs_Mannheim.log
ADWIN_ADE_seq2seq_30_15,Erro (online),13311,2019,2019_KIKS_vs_TIGERs_Mannheim,2019-07-04_06-55_KIKS-vs-TIGERs_Mannheim.log
ADWIN_ADE_seq2seq_30_15,Erro (online),13439,2019,2019_KIKS_vs_TIGERs_Mannheim,2019-07-04_06-55_KIKS-vs-TIGERs_Mannheim.log
ADWIN_ADE_seq2seq_30_15,Erro (online),13631,2019,2019_KIKS_vs_TIGERs_Mannheim,2019-07-04_06-55_KIKS-vs-TIGERs_Mannheim.log
ADWIN_ADE_seq2seq_30_15,Erro (online),13983,2019,2019_KIKS_vs_TIGERs_Mannheim,2019-07-04_06-55_KIKS-vs-TIGERs_Mannheim.log
ADWIN_ADE_seq2seq_30_15,Erro (online),14207,2019,2019_KIKS_vs_TIGERs_Mannheim,2019-07-04_06-55_KIKS-vs-TIGERs_Mannheim.log
ADWIN_ADE_seq2seq_30_15,Erro (online),14975,2019,2019_KIKS_vs_TIGERs_Mannheim,2019-07-04_06-55_KIKS-vs-TIGERs_Mannheim.log
ADWIN_ADE_seq2seq_30_15,Erro (online),15039,2019,2019_KIKS_vs_TIGERs_Mannheim,2019-07-04_06-55_KIKS-vs-TIGERs_Mannheim.log
ADWIN_ADE_seq2seq_30_15,Erro (online),15359,2019,2019_KIKS_vs_TIGERs_Mannheim,2019-07-04_06-55_KIKS-vs-TIGERs_Mannheim.log
ADWIN_ADE_seq2seq_30_15,Erro (online),15839,2019,2019_KIKS_vs_TIGERs_Mannheim,2019-07-04_06-55_KIKS-vs-TIGERs_Mannheim.log
ADWIN_ADE_seq2seq_30_15,Erro (online),15967,2019,2019_KIKS_vs_TIGERs_Mannheim,2019-07-04_06-55_KIKS-vs-TIGERs_Mannheim.log
ADWIN_ADE_seq2seq_30_15,Erro (online),16191,2019,2019_KIKS_vs_ZJUNlict,2019-07-06_03-11_KIKS-vs-ZJUNlict.log
ADWIN_ADE_seq2seq_30_15,Erro (online),16639,2019,2019_KIKS_vs_ZJUNlict,2019-07-06_03-11_KIKS-vs-ZJUNlict.log
ADWIN_ADE_seq2seq_30_15,Erro (online),16767,2019,2019_KIKS_vs_ZJUNlict,2019-07-06_03-11_KIKS-vs-ZJUNlict.log
ADWIN_ADE_seq2seq_30_15,Erro (online),16991,2019,2019_KIKS_vs_ZJUNlict,2019-07-06_03-11_KIKS-vs-ZJUNlict.log
ADWIN_ADE_seq2seq_30_15,Erro (online),17215,2019,2019_KIKS_vs_ZJUNlict,2019-07-06_03-11_KIKS-vs-ZJUNlict.log
ADWIN_ADE_seq2seq_30_15,Erro (online),18303,2019,2019_KIKS_vs_ZJUNlict,2019-07-06_03-11_KIKS-vs-ZJUNlict.log
ADWIN_ADE_seq2seq_30_15,Erro (online),18591,2019,2019_KIKS_vs_ZJUNlict,2019-07-06_03-11_KIKS-vs-ZJUNlict.log
ADWIN_ADE_seq2seq_30_15,Erro (online),18975,2019,2019_KIKS_vs_ZJUNlict,2019-07-06_03-11_KIKS-vs-ZJUNlict.log
ADWIN_ADE_seq2seq_30_15,Erro (online),19295,2019,2019_KIKS_vs_ZJUNlict,2019-07-06_03-11_KIKS-vs-ZJUNlict.log
ADWIN_ADE_seq2seq_30_15,Erro (online),20031,2019,2019_KIKS_vs_ZJUNlict,2019-07-06_03-11_KIKS-vs-ZJUNlict.log
ADWIN_ADE_seq2seq_30_15,Erro (online),21439,2019,2019_KIKS_vs_ZJUNlict,2019-07-06_03-11_KIKS-vs-ZJUNlict.log
ADWIN_ADE_seq2seq_30_15,Erro (online),21951,2019,2019_KIKS_vs_ZJUNlict,2019-07-06_03-11_KIKS-vs-ZJUNlict.log
ADWIN_ADE_seq2seq_30_15,Erro (online),22015,2019,2019_KIKS_vs_ZJUNlict,2019-07-06_03-11_KIKS-vs-ZJUNlict.log
ADWIN_ADE_seq2seq_30_15,Erro (online),22591,2019,2019_KIKS_vs_ZJUNlict,2019-07-06_03-11_KIKS-vs-ZJUNlict.log
ADWIN_ADE_seq2seq_30_15,Erro (online),22879,2019,2019_KIKS_vs_ZJUNlict,2019-07-06_03-11_KIKS-vs-ZJUNlict.log
ADWIN_ADE_seq2seq_30_15,Erro (online),24415,2021,2021_ERForce_vs_TIGERs,2021-06-24_14-36_ER-Force-vs-TIGERs_Mannheim.log
ADWIN_ADE_seq2seq_30_15,Erro (online),28191,2021,2021_ERForce_vs_TIGERs,2021-06-24_14-36_ER-Force-vs-TIGERs_Mannheim.log
ADWIN_ADE_seq2seq_30_15,Erro (online),32191,2021,2021_RoboTeam_Twente_vs_ERForce,2021-06-21_07-06_RoboTeam_Twente-vs-ER-Force.log
ADWIN_ADE_seq2seq_30_15,Erro (online),32319,2021,2021_RoboTeam_Twente_vs_ERForce,2021-06-21_07-06_RoboTeam_Twente-vs-ER-Force.log
ADWIN_ADE_seq2seq_30_15,Erro (online),32511,2021,2021_RoboTeam_Twente_vs_ERForce,2021-06-21_07-06_RoboTeam_Twente-vs-ER-Force.log
ADWIN_ADE_seq2seq_30_15,Erro (online),32735,2021,2021_RoboTeam_Twente_vs_ERForce,2021-06-21_07-06_RoboTeam_Twente-vs-ER-Force.log
ADWIN_ADE_seq2seq_30_15,Erro (online),33055,2021,2021_RoboTeam_Twente_vs_ERForce,2021-06-21_07-06_RoboTeam_Twente-vs-ER-Force.log
ADWIN_ADE_seq2seq_30_15,Erro (online),33343,2021,2021_RoboTeam_Twente_vs_ERForce,2021-06-21_07-06_RoboTeam_Twente-vs-ER-Force.log
ADWIN_ADE_seq2seq_30_15,Erro (online),33631,2021,2021_RoboTeam_Twente_vs_ERForce,2021-06-21_07-06_RoboTeam_Twente-vs-ER-Force.log
ADWIN_ADE_seq2seq_30_15,Erro (online),33951,2021,2021_RoboTeam_Twente_vs_ERForce,2021-06-21_07-06_RoboTeam_Twente-vs-ER-Force.log
ADWIN_ADE_seq2seq_30_15,Erro (online),34111,2021,2021_RoboTeam_Twente_vs_ERForce,2021-06-21_07-06_RoboTeam_Twente-vs-ER-Force.log
ADWIN_ADE_seq2seq_30_15,Erro (online),34399,2021,2021_RoboTeam_Twente_vs_ERForce,2021-06-21_07-06_RoboTeam_Twente-vs-ER-Force.log
ADWIN_ADE_seq2seq_30_15,Erro (online),34463,2021,2021_RoboTeam_Twente_vs_ERForce,2021-06-21_07-06_RoboTeam_Twente-vs-ER-Force.log
ADWIN_ADE_seq2seq_30_15,Erro (online),34591,2021,2021_RoboTeam_Twente_vs_ERForce,2021-06-21_07-06_RoboTeam_Twente-vs-ER-Force.log
ADWIN_ADE_seq2seq_30_15,Erro (online),34719,2021,2021_RoboTeam_Twente_vs_ERForce,2021-06-21_07-06_RoboTeam_Twente-vs-ER-Force.log
ADWIN_ADE_seq2seq_30_15,Erro (online),34879,2021,2021_RoboTeam_Twente_vs_ERForce,2021-06-21_07-06_RoboTeam_Twente-vs-ER-Force.log
ADWIN_ADE_seq2seq_30_15,Erro (online),35135,2021,2021_RoboTeam_Twente_vs_ERForce,2021-06-21_07-06_RoboTeam_Twente-vs-ER-Force.log
ADWIN_ADE_seq2seq_30_15,Erro (online),35263,2021,2021_RoboTeam_Twente_vs_ERForce,2021-06-21_07-06_RoboTeam_Twente-vs-ER-Force.log
ADWIN_ADE_seq2seq_30_15,Erro (online),35615,2021,2021_RoboTeam_Twente_vs_ERForce,2021-06-21_07-06_RoboTeam_Twente-vs-ER-Force.log
ADWIN_ADE_seq2seq_30_15,Erro (online),35711,2021,2021_RoboTeam_Twente_vs_ERForce,2021-06-21_07-06_RoboTeam_Twente-vs-ER-Force.log
ADWIN_ADE_seq2seq_30_15,Erro (online),35935,2021,2021_RoboTeam_Twente_vs_ERForce,2021-06-21_07-06_RoboTeam_Twente-vs-ER-Force.log
ADWIN_ADE_seq2seq_30_15,Erro (online),36127,2021,2021_RoboTeam_Twente_vs_ERForce,2021-06-21_07-06_RoboTeam_Twente-vs-ER-Force.log
ADWIN_ADE_seq2seq_30_15,Erro (online),36223,2021,2021_RoboTeam_Twente_vs_ERForce,2021-06-21_07-06_RoboTeam_Twente-vs-ER-Force.log
ADWIN_ADE_seq2seq_30_15,Erro (online),36575,2021,2021_RoboTeam_Twente_vs_ERForce,2021-06-21_07-06_RoboTeam_Twente-vs-ER-Force.log
ADWIN_ADE_seq2seq_30_15,Erro (online),36703,2021,2021_RoboTeam_Twente_vs_ERForce,2021-06-21_07-06_RoboTeam_Twente-vs-ER-Force.log
ADWIN_ADE_seq2seq_30_15,Erro (online),36831,2021,2021_RoboTeam_Twente_vs_ERForce,2021-06-21_07-06_RoboTeam_Twente-vs-ER-Force.log
ADWIN_ADE_seq2seq_30_15,Erro (online),37087,2021,2021_RoboTeam_Twente_vs_ERForce,2021-06-21_07-06_RoboTeam_Twente-vs-ER-Force.log
ADWIN_ADE_seq2seq_30_15,Erro (online),37279,2021,2021_RoboTeam_Twente_vs_ERForce,2021-06-21_07-06_RoboTeam_Twente-vs-ER-Force.log
ADWIN_ADE_seq2seq_30_15,Erro (online),37663,2021,2021_RoboTeam_Twente_vs_ERForce,2021-06-21_07-06_RoboTeam_Twente-vs-ER-Force.log
ADWIN_ADE_seq2seq_30_15,Erro (online),37887,2021,2021_RoboTeam_Twente_vs_ERForce,2021-06-21_07-06_RoboTeam_Twente-vs-ER-Force.log
ADWIN_ADE_seq2seq_30_15,Erro (online),38079,2021,2021_RoboTeam_Twente_vs_ERForce,2021-06-21_07-06_RoboTeam_Twente-vs-ER-Force.log
ADWIN_ADE_seq2seq_30_15,Erro (online),38175,2021,2021_RoboTeam_Twente_vs_ERForce,2021-06-21_07-06_RoboTeam_Twente-vs-ER-Force.log
ADWIN_ADE_seq2seq_30_15,Erro (online),38399,2021,2021_RoboTeam_Twente_vs_ERForce,2021-06-21_07-06_RoboTeam_Twente-vs-ER-Force.log
ADWIN_ADE_seq2seq_30_15,Erro (online),38719,2021,2021_RoboTeam_Twente_vs_ERForce,2021-06-21_07-06_RoboTeam_Twente-vs-ER-Force.log
ADWIN_ADE_seq2seq_30_15,Erro (online),38783,2021,2021_RoboTeam_Twente_vs_ERForce,2021-06-21_07-06_RoboTeam_Twente-vs-ER-Force.log
ADWIN_ADE_seq2seq_30_15,Erro (online),39167,2021,2021_RoboTeam_Twente_vs_ERForce,2021-06-21_07-06_RoboTeam_Twente-vs-ER-Force.log
ADWIN_ADE_seq2seq_30_15,Erro (online),39391,2021,2021_RoboTeam_Twente_vs_ERForce,2021-06-21_07-06_RoboTeam_Twente-vs-ER-Force.log
ADWIN_ADE_seq2seq_30_15,Erro (online),39551,2021,2021_RoboTeam_Twente_vs_ERForce,2021-06-21_07-06_RoboTeam_Twente-vs-ER-Force.log
ADWIN_ADE_seq2seq_30_15,Erro (online),39647,2021,2021_RoboTeam_Twente_vs_ERForce,2021-06-21_07-06_RoboTeam_Twente-vs-ER-Force.log
ADWIN_ADE_seq2seq_30_15,Erro (online),39775,2021,2021_RoboTeam_Twente_vs_ERForce,2021-06-21_07-06_RoboTeam_Twente-vs-ER-Force.log
ADWIN_ADE_seq2seq_30_15,Erro (online),39967,2021,2021_RoboTeam_Twente_vs_ERForce,2021-06-21_07-06_RoboTeam_Twente-vs-ER-Force.log
ADWIN_ADE_seq2seq_30_15,Erro (online),41119,2021,2021_TIGERs_vs_KIKS,2021-06-21_09-01_TIGERs_Mannheim-vs-KIKS.log
ADWIN_ADE_seq2seq_30_15,Erro (online),41343,2021,2021_TIGERs_vs_KIKS,2021-06-21_09-01_TIGERs_Mannheim-vs-KIKS.log
ADWIN_ADE_seq2seq_30_15,Erro (online),42239,2021,2021_TIGERs_vs_KIKS,2021-06-21_09-01_TIGERs_Mannheim-vs-KIKS.log
ADWIN_ADE_seq2seq_30_15,Erro (online),43615,2021,2021_TIGERs_vs_KIKS,2021-06-21_09-01_TIGERs_Mannheim-vs-KIKS.log
ADWIN_ADE_seq2seq_30_15,Erro (online),55135,2022,2022_KIKS_vs_ERForce,2022-07-13_12-10_KIKS-vs-ER-Force.log
ADWIN_ADE_seq2seq_30_15,Erro (online),55519,2022,2022_KIKS_vs_ERForce,2022-07-13_12-10_KIKS-vs-ER-Force.log
ADWIN_ADE_seq2seq_30_15,Erro (online),55807,2022,2022_KIKS_vs_ERForce,2022-07-13_12-10_KIKS-vs-ER-Force.log
ADWIN_ADE_seq2seq_30_15,Erro (online),55871,2022,2022_KIKS_vs_ERForce,2022-07-13_12-10_KIKS-vs-ER-Force.log
ADWIN_ADE_seq2seq_30_15,Erro (online),56255,2022,2022_TIGERs_Mannheim_vs_KIKS,2022-07-14_10-55_TIGERs_Mannheim-vs-KIKS.log
ADWIN_ADE_seq2seq_30_15,Erro (online),56575,2022,2022_TIGERs_Mannheim_vs_KIKS,2022-07-15_12-08_TIGERs_Mannheim-vs-KIKS.log
ADWIN_ADE_seq2seq_30_15,Erro (online),57023,2022,2022_TIGERs_Mannheim_vs_KIKS,2022-07-14_10-55_TIGERs_Mannheim-vs-KIKS.log
ADWIN_ADE_seq2seq_30_15,Erro (online),60351,2022,2022_TIGERs_Mannheim_vs_KIKS,2022-07-14_10-55_TIGERs_Mannheim-vs-KIKS.log
ADWIN_ADE_seq2seq_30_15,Erro (online),62911,2022,2022_TIGERs_Mannheim_vs_KIKS,2022-07-14_10-55_TIGERs_Mannheim-vs-KIKS.log
ADWIN_ADE_seq2seq_30_15,Erro (online),63359,2022,2022_TIGERs_Mannheim_vs_KIKS,2022-07-14_10-55_TIGERs_Mannheim-vs-KIKS.log
ADWIN_ADE_seq2seq_30_15,Erro (online),66111,2022,2022_TIGERs_Mannheim_vs_KIKS,2022-07-15_12-08_TIGERs_Mannheim-vs-KIKS.log
ADWIN_ADE_seq2seq_30_15,Erro (online),68767,2022,2022_TIGERs_Mannheim_vs_KIKS,2022-07-15_12-08_TIGERs_Mannheim-vs-KIKS.log
ADWIN_ADE_seq2seq_30_15,Erro (online),69727,2022,2022_TIGERs_Mannheim_vs_KIKS,2022-07-15_12-08_TIGERs_Mannheim-vs-KIKS.log
ADWIN_ADE_seq2seq_30_15,Erro (online),69887,2022,2022_TIGERs_Mannheim_vs_KIKS,2022-07-15_12-08_TIGERs_Mannheim-vs-KIKS.log
ADWIN_ADE_seq2seq_30_15,Erro (online),70783,2022,2022_TIGERs_Mannheim_vs_KIKS,2022-07-15_12-08_TIGERs_Mannheim-vs-KIKS.log
ADWIN_ADE_seq2seq_30_15,Erro (online),72639,2023,2023_RoboTeam_Twente_vs_KIKS,2023-07-08_09-11_RoboTeam_Twente-vs-KIKS.log
ADWIN_ADE_seq2seq_30_15,Erro (online),72799,2023,2023_RoboTeam_Twente_vs_KIKS,2023-07-08_09-11_RoboTeam_Twente-vs-KIKS.log
ADWIN_ADE_seq2seq_30_15,Erro (online),72991,2023,2023_RoboTeam_Twente_vs_KIKS,2023-07-08_09-11_RoboTeam_Twente-vs-KIKS.log
ADWIN_ADE_seq2seq_30_15,Erro (online),74367,2023,2023_RoboTeam_Twente_vs_KIKS,2023-07-08_09-11_RoboTeam_Twente-vs-KIKS.log
ADWIN_ADE_seq2seq_30_15,Erro (online),75007,2023,2023_RoboTeam_Twente_vs_KIKS,2023-07-08_09-11_RoboTeam_Twente-vs-KIKS.log
ADWIN_ADE_seq2seq_30_15,Erro (online),75327,2023,2023_RoboTeam_Twente_vs_KIKS,2023-07-08_09-11_RoboTeam_Twente-vs-KIKS.log
ADWIN_ADE_seq2seq_30_15,Erro (online),75551,2023,2023_RoboTeam_Twente_vs_KIKS,2023-07-08_09-11_RoboTeam_Twente-vs-KIKS.log
ADWIN_ADE_seq2seq_30_15,Erro (online),75935,2023,2023_RoboTeam_Twente_vs_KIKS,2023-07-08_09-11_RoboTeam_Twente-vs-KIKS.log
ADWIN_ADE_seq2seq_30_15,Erro (online),76159,2023,2023_RoboTeam_Twente_vs_KIKS,2023-07-08_09-11_RoboTeam_Twente-vs-KIKS.log
ADWIN_ADE_seq2seq_30_15,Erro (online),76287,2023,2023_RoboTeam_Twente_vs_KIKS,2023-07-08_09-11_RoboTeam_Twente-vs-KIKS.log
ADWIN_ADE_seq2seq_30_15,Erro (online),76831,2023,2023_RoboTeam_Twente_vs_KIKS,2023-07-08_09-11_RoboTeam_Twente-vs-KIKS.log
ADWIN_ADE_seq2seq_30_15,Erro (online),76927,2023,2023_RoboTeam_Twente_vs_KIKS,2023-07-08_09-11_RoboTeam_Twente-vs-KIKS.log
ADWIN_ADE_seq2seq_30_15,Erro (online),77215,2023,2023_RoboTeam_Twente_vs_KIKS,2023-07-08_09-11_RoboTeam_Twente-vs-KIKS.log
ADWIN_ADE_seq2seq_30_15,Erro (online),77407,2023,2023_RoboTeam_Twente_vs_KIKS,2023-07-08_09-11_RoboTeam_Twente-vs-KIKS.log
ADWIN_ADE_seq2seq_30_15,Erro (online),77631,2023,2023_RoboTeam_Twente_vs_KIKS,2023-07-08_09-11_RoboTeam_Twente-vs-KIKS.log
ADWIN_ADE_seq2seq_30_15,Erro (online),77759,2023,2023_RoboTeam_Twente_vs_KIKS,2023-07-08_09-11_RoboTeam_Twente-vs-KIKS.log
ADWIN_ADE_seq2seq_30_15,Erro (online),78047,2023,2023_RoboTeam_Twente_vs_KIKS,2023-07-08_09-11_RoboTeam_Twente-vs-KIKS.log
ADWIN_ADE_seq2seq_30_15,Erro (online),78335,2023,2023_RoboTeam_Twente_vs_KIKS,2023-07-08_09-11_RoboTeam_Twente-vs-KIKS.log
ADWIN_ADE_seq2seq_30_15,Erro (online),78655,2023,2023_RoboTeam_Twente_vs_KIKS,2023-07-08_09-11_RoboTeam_Twente-vs-KIKS.log
ADWIN_ADE_seq2seq_30_15,Erro (online),79071,2023,2023_RoboTeam_Twente_vs_KIKS,2023-07-08_09-11_RoboTeam_Twente-vs-KIKS.log
ADWIN_ADE_seq2seq_30_15,Erro (online),79167,2023,2023_RoboTeam_Twente_vs_KIKS,2023-07-08_09-11_RoboTeam_Twente-vs-KIKS.log
ADWIN_ADE_seq2seq_30_15,Erro (online),79295,2023,2023_RoboTeam_Twente_vs_KIKS,2023-07-08_09-11_RoboTeam_Twente-vs-KIKS.log
ADWIN_ADE_seq2seq_30_15,Erro (online),79423,2023,2023_RoboTeam_Twente_vs_KIKS,2023-07-08_09-11_RoboTeam_Twente-vs-KIKS.log
ADWIN_ADE_seq2seq_30_15,Erro (online),79647,2023,2023_RoboTeam_Twente_vs_KIKS,2023-07-08_09-11_RoboTeam_Twente-vs-KIKS.log
ADWIN_ADE_seq2seq_30_15,Erro (online),79839,2023,2023_RoboTeam_Twente_vs_KIKS,2023-07-08_09-11_RoboTeam_Twente-vs-KIKS.log
ADWIN_ADE_seq2seq_30_15,Erro (online),79967,2023,2023_RoboTeam_Twente_vs_KIKS,2023-07-08_09-11_RoboTeam_Twente-vs-KIKS.log
ADWIN_ADE_seq2seq_30_15,Erro (online),80095,2023,2023_RoboTeam_Twente_vs_RoboDragons,2023-07-06_12-47_RoboTeam_Twente-vs-RoboDragons.log
ADWIN_ADE_seq2seq_30_15,Erro (online),80383,2023,2023_RoboTeam_Twente_vs_RoboDragons,2023-07-06_12-47_RoboTeam_Twente-vs-RoboDragons.log
ADWIN_ADE_seq2seq_30_15,Erro (online),80543,2023,2023_RoboTeam_Twente_vs_RoboDragons,2023-07-06_12-47_RoboTeam_Twente-vs-RoboDragons.log
ADWIN_ADE_seq2seq_30_15,Erro (online),80735,2023,2023_RoboTeam_Twente_vs_RoboDragons,2023-07-06_12-47_RoboTeam_Twente-vs-RoboDragons.log
ADWIN_ADE_seq2seq_30_15,Erro (online),80863,2023,2023_RoboTeam_Twente_vs_RoboDragons,2023-07-06_12-47_RoboTeam_Twente-vs-RoboDragons.log
ADWIN_ADE_seq2seq_30_15,Erro (online),80991,2023,2023_RoboTeam_Twente_vs_RoboDragons,2023-07-06_12-47_RoboTeam_Twente-vs-RoboDragons.log
ADWIN_ADE_seq2seq_30_15,Erro (online),81183,2023,2023_RoboTeam_Twente_vs_RoboDragons,2023-07-06_12-47_RoboTeam_Twente-vs-RoboDragons.log
ADWIN_ADE_seq2seq_30_15,Erro (online),81247,2023,2023_RoboTeam_Twente_vs_RoboDragons,2023-07-06_12-47_RoboTeam_Twente-vs-RoboDragons.log
ADWIN_ADE_seq2seq_30_15,Erro (online),81503,2023,2023_RoboTeam_Twente_vs_RoboDragons,2023-07-06_12-47_RoboTeam_Twente-vs-RoboDragons.log
ADWIN_ADE_seq2seq_30_15,Erro (online),81887,2023,2023_RoboTeam_Twente_vs_RoboDragons,2023-07-06_12-47_RoboTeam_Twente-vs-RoboDragons.log
ADWIN_ADE_seq2seq_30_15,Erro (online),81951,2023,2023_RoboTeam_Twente_vs_RoboDragons,2023-07-06_12-47_RoboTeam_Twente-vs-RoboDragons.log
ADWIN_ADE_seq2seq_30_15,Erro (online),82495,2023,2023_RoboTeam_Twente_vs_RoboDragons,2023-07-06_12-47_RoboTeam_Twente-vs-RoboDragons.log
ADWIN_ADE_seq2seq_30_15,Erro (online),82815,2023,2023_RoboTeam_Twente_vs_RoboDragons,2023-07-06_12-47_RoboTeam_Twente-vs-RoboDragons.log
ADWIN_ADE_seq2seq_30_15,Erro (online),82911,2023,2023_RoboTeam_Twente_vs_RoboDragons,2023-07-06_12-47_RoboTeam_Twente-vs-RoboDragons.log
ADWIN_ADE_seq2seq_30_15,Erro (online),83167,2023,2023_RoboTeam_Twente_vs_RoboDragons,2023-07-06_12-47_RoboTeam_Twente-vs-RoboDragons.log
ADWIN_ADE_seq2seq_30_15,Erro (online),83391,2023,2023_RoboTeam_Twente_vs_RoboDragons,2023-07-06_12-47_RoboTeam_Twente-vs-RoboDragons.log
ADWIN_ADE_seq2seq_30_15,Erro (online),83551,2023,2023_RoboTeam_Twente_vs_RoboDragons,2023-07-06_12-47_RoboTeam_Twente-vs-RoboDragons.log
ADWIN_ADE_seq2seq_30_15,Erro (online),83679,2023,2023_RoboTeam_Twente_vs_RoboDragons,2023-07-06_12-47_RoboTeam_Twente-vs-RoboDragons.log
ADWIN_ADE_seq2seq_30_15,Erro (online),83807,2023,2023_RoboTeam_Twente_vs_RoboDragons,2023-07-06_12-47_RoboTeam_Twente-vs-RoboDragons.log
ADWIN_ADE_seq2seq_30_15,Erro (online),84063,2023,2023_RoboTeam_Twente_vs_RoboDragons,2023-07-06_12-47_RoboTeam_Twente-vs-RoboDragons.log
ADWIN_ADE_seq2seq_30_15,Erro (online),84191,2023,2023_RoboTeam_Twente_vs_RoboDragons,2023-07-06_12-47_RoboTeam_Twente-vs-RoboDragons.log
ADWIN_ADE_seq2seq_30_15,Erro (online),84319,2023,2023_RoboTeam_Twente_vs_RoboDragons,2023-07-06_12-47_RoboTeam_Twente-vs-RoboDragons.log
ADWIN_ADE_seq2seq_30_15,Erro (online),84479,2023,2023_RoboTeam_Twente_vs_RoboDragons,2023-07-06_12-47_RoboTeam_Twente-vs-RoboDragons.log
ADWIN_ADE_seq2seq_30_15,Erro (online),84703,2023,2023_RoboTeam_Twente_vs_RoboDragons,2023-07-06_12-47_RoboTeam_Twente-vs-RoboDragons.log
ADWIN_ADE_seq2seq_30_15,Erro (online),85023,2023,2023_RoboTeam_Twente_vs_RoboDragons,2023-07-06_12-47_RoboTeam_Twente-vs-RoboDragons.log
ADWIN_ADE_seq2seq_30_15,Erro (online),85151,2023,2023_RoboTeam_Twente_vs_RoboDragons,2023-07-06_12-47_RoboTeam_Twente-vs-RoboDragons.log
ADWIN_ADE_seq2seq_30_15,Erro (online),85599,2023,2023_RoboTeam_Twente_vs_RoboDragons,2023-07-06_12-47_RoboTeam_Twente-vs-RoboDragons.log
ADWIN_ADE_seq2seq_30_15,Erro (online),85759,2023,2023_RoboTeam_Twente_vs_RoboDragons,2023-07-06_12-47_RoboTeam_Twente-vs-RoboDragons.log
ADWIN_ADE_seq2seq_30_15,Erro (online),86239,2023,2023_RoboTeam_Twente_vs_RoboDragons,2023-07-06_12-47_RoboTeam_Twente-vs-RoboDragons.log
ADWIN_ADE_seq2seq_30_15,Erro (online),86591,2023,2023_RoboTeam_Twente_vs_RoboDragons,2023-07-06_12-47_RoboTeam_Twente-vs-RoboDragons.log
ADWIN_ADE_seq2seq_30_15,Erro (online),86879,2023,2023_RoboTeam_Twente_vs_RoboDragons,2023-07-06_12-47_RoboTeam_Twente-vs-RoboDragons.log
ADWIN_ADE_seq2seq_30_15,Erro (online),87007,2023,2023_RoboTeam_Twente_vs_RoboDragons,2023-07-06_12-47_RoboTeam_Twente-vs-RoboDragons.log
ADWIN_ADE_seq2seq_30_15,Erro (online),87359,2023,2023_RoboTeam_Twente_vs_RoboDragons,2023-07-06_12-47_RoboTeam_Twente-vs-RoboDragons.log
ADWIN_ADE_seq2seq_30_15,Erro (online),87711,2023,2023_RoboTeam_Twente_vs_RoboDragons,2023-07-06_12-47_RoboTeam_Twente-vs-RoboDragons.log
ADWIN_ADE_seq2seq_30_15,Erro (online),87903,2023,2023_RoboTeam_Twente_vs_RoboDragons,2023-07-06_12-47_RoboTeam_Twente-vs-RoboDragons.log
ADWIN_ADE_seq2seq_30_15,Erro (online),88511,2023,2023_ZJUNlict_vs_TIGERs_Mannheim,2023-07-08_17-03_ZJUNlict-vs-TIGERs_Mannheim.log
ADWIN_ADE_seq2seq_30_15,Erro (online),91839,2023,2023_ZJUNlict_vs_TIGERs_Mannheim,2023-07-08_17-03_ZJUNlict-vs-TIGERs_Mannheim.log
ADWIN_ADE_seq2seq_30_15,Erro (online),92127,2023,2023_ZJUNlict_vs_TIGERs_Mannheim,2023-07-08_17-03_ZJUNlict-vs-TIGERs_Mannheim.log
ADWIN_ADE_seq2seq_30_15,Erro (online),96223,2024,2024_KIKS_vs_RobCin,2024-07-18_07-01_GROUP_PHASE_KIKS-vs-RobôCin.log
ADWIN_ADE_seq2seq_30_15,Erro (online),96415,2024,2024_KIKS_vs_RobCin,2024-07-18_07-01_GROUP_PHASE_KIKS-vs-RobôCin.log
ADWIN_ADE_seq2seq_30_15,Erro (online),96735,2024,2024_KIKS_vs_RobCin,2024-07-18_07-01_GROUP_PHASE_KIKS-vs-RobôCin.log
ADWIN_ADE_seq2seq_30_15,Erro (online),97311,2024,2024_KIKS_vs_RobCin,2024-07-18_07-01_GROUP_PHASE_KIKS-vs-RobôCin.log
ADWIN_ADE_seq2seq_30_15,Erro (online),98143,2024,2024_KIKS_vs_RobCin,2024-07-18_07-01_GROUP_PHASE_KIKS-vs-RobôCin.log
ADWIN_ADE_seq2seq_30_15,Erro (online),99295,2024,2024_KIKS_vs_RobCin,2024-07-18_07-01_GROUP_PHASE_KIKS-vs-RobôCin.log
ADWIN_ADE_seq2seq_30_15,Erro (online),99903,2024,2024_KIKS_vs_RobCin,2024-07-18_07-01_GROUP_PHASE_KIKS-vs-RobôCin.log
ADWIN_ADE_seq2seq_30_15,Erro (online),100031,2024,2024_KIKS_vs_RobCin,2024-07-18_07-01_GROUP_PHASE_KIKS-vs-RobôCin.log
ADWIN_ADE_seq2seq_30_15,Erro (online),100415,2024,2024_KIKS_vs_RobCin,2024-07-18_07-01_GROUP_PHASE_KIKS-vs-RobôCin.log
ADWIN_ADE_seq2seq_30_15,Erro (online),100799,2024,2024_KIKS_vs_RobCin,2024-07-18_07-01_GROUP_PHASE_KIKS-vs-RobôCin.log
ADWIN_ADE_seq2seq_30_15,Erro (online),100927,2024,2024_KIKS_vs_RobCin,2024-07-18_07-01_GROUP_PHASE_KIKS-vs-RobôCin.log
ADWIN_ADE_seq2seq_30_15,Erro (online),101119,2024,2024_KIKS_vs_RobCin,2024-07-18_07-01_GROUP_PHASE_KIKS-vs-RobôCin.log
ADWIN_ADE_seq2seq_30_15,Erro (online),101311,2024,2024_KIKS_vs_RobCin,2024-07-18_07-01_GROUP_PHASE_KIKS-vs-RobôCin.log
ADWIN_ADE_seq2seq_30_15,Erro (online),101439,2024,2024_KIKS_vs_RobCin,2024-07-18_07-01_GROUP_PHASE_KIKS-vs-RobôCin.log
ADWIN_ADE_seq2seq_30_15,Erro (online),102271,2024,2024_KIKS_vs_RobCin,2024-07-18_07-01_GROUP_PHASE_KIKS-vs-RobôCin.log
ADWIN_ADE_seq2seq_30_15,Erro (online),102559,2024,2024_KIKS_vs_RobCin,2024-07-18_07-01_GROUP_PHASE_KIKS-vs-RobôCin.log
ADWIN_ADE_seq2seq_30_15,Erro (online),102719,2024,2024_KIKS_vs_RobCin,2024-07-18_07-01_GROUP_PHASE_KIKS-vs-RobôCin.log
ADWIN_ADE_seq2seq_30_15,Erro (online),103327,2024,2024_KIKS_vs_RobCin,2024-07-18_07-01_GROUP_PHASE_KIKS-vs-RobôCin.log
ADWIN_ADE_seq2seq_30_15,Erro (online),103455,2024,2024_KIKS_vs_RobCin,2024-07-18_07-01_GROUP_PHASE_KIKS-vs-RobôCin.log
ADWIN_ADE_seq2seq_30_15,Erro (online),103647,2024,2024_KIKS_vs_RobCin,2024-07-18_07-01_GROUP_PHASE_KIKS-vs-RobôCin.log
ADWIN_ADE_seq2seq_30_15,Erro (online),104031,2024,2024_RoboDragons_vs_Immortals,2024-07-18_11-33_GROUP_PHASE_RoboDragons-vs-Immortals.log
ADWIN_ADE_seq2seq_30_15,Erro (online),104127,2024,2024_RoboDragons_vs_Immortals,2024-07-18_11-33_GROUP_PHASE_RoboDragons-vs-Immortals.log
ADWIN_ADE_seq2seq_30_15,Erro (online),104511,2024,2024_RoboDragons_vs_Immortals,2024-07-18_11-33_GROUP_PHASE_RoboDragons-vs-Immortals.log
ADWIN_ADE_seq2seq_30_15,Erro (online),104639,2024,2024_RoboDragons_vs_Immortals,2024-07-18_11-33_GROUP_PHASE_RoboDragons-vs-Immortals.log
ADWIN_ADE_seq2seq_30_15,Erro (online),105119,2024,2024_RoboDragons_vs_Immortals,2024-07-18_11-33_GROUP_PHASE_RoboDragons-vs-Immortals.log
ADWIN_ADE_seq2seq_30_15,Erro (online),105343,2024,2024_RoboDragons_vs_Immortals,2024-07-18_11-33_GROUP_PHASE_RoboDragons-vs-Immortals.log
ADWIN_ADE_seq2seq_30_15,Erro (online),105439,2024,2024_RoboDragons_vs_Immortals,2024-07-18_11-33_GROUP_PHASE_RoboDragons-vs-Immortals.log
ADWIN_ADE_seq2seq_30_15,Erro (online),105823,2024,2024_RoboDragons_vs_Immortals,2024-07-18_11-33_GROUP_PHASE_RoboDragons-vs-Immortals.log
ADWIN_ADE_seq2seq_30_15,Erro (online),106207,2024,2024_RoboDragons_vs_Immortals,2024-07-18_11-33_GROUP_PHASE_RoboDragons-vs-Immortals.log
ADWIN_ADE_seq2seq_30_15,Erro (online),106399,2024,2024_RoboDragons_vs_Immortals,2024-07-18_11-33_GROUP_PHASE_RoboDragons-vs-Immortals.log
ADWIN_ADE_seq2seq_30_15,Erro (online),106559,2024,2024_RoboDragons_vs_Immortals,2024-07-18_11-33_GROUP_PHASE_RoboDragons-vs-Immortals.log
ADWIN_ADE_seq2seq_30_15,Erro (online),107039,2024,2024_RoboDragons_vs_Immortals,2024-07-18_11-33_GROUP_PHASE_RoboDragons-vs-Immortals.log
ADWIN_ADE_seq2seq_30_15,Erro (online),107199,2024,2024_RoboDragons_vs_Immortals,2024-07-18_11-33_GROUP_PHASE_RoboDragons-vs-Immortals.log
ADWIN_ADE_seq2seq_30_15,Erro (online),107967,2024,2024_RoboDragons_vs_Immortals,2024-07-18_11-33_GROUP_PHASE_RoboDragons-vs-Immortals.log
ADWIN_ADE_seq2seq_30_15,Erro (online),108255,2024,2024_RoboDragons_vs_Immortals,2024-07-18_11-33_GROUP_PHASE_RoboDragons-vs-Immortals.log
ADWIN_ADE_seq2seq_30_15,Erro (online),108383,2024,2024_RoboDragons_vs_Immortals,2024-07-18_11-33_GROUP_PHASE_RoboDragons-vs-Immortals.log
ADWIN_ADE_seq2seq_30_15,Erro (online),108671,2024,2024_RoboDragons_vs_Immortals,2024-07-18_11-33_GROUP_PHASE_RoboDragons-vs-Immortals.log
ADWIN_ADE_seq2seq_30_15,Erro (online),108895,2024,2024_RoboDragons_vs_Immortals,2024-07-18_11-33_GROUP_PHASE_RoboDragons-vs-Immortals.log
ADWIN_ADE_seq2seq_30_15,Erro (online),109119,2024,2024_RoboDragons_vs_Immortals,2024-07-18_11-33_GROUP_PHASE_RoboDragons-vs-Immortals.log
ADWIN_ADE_seq2seq_30_15,Erro (online),109215,2024,2024_RoboDragons_vs_Immortals,2024-07-18_11-33_GROUP_PHASE_RoboDragons-vs-Immortals.log
ADWIN_ADE_seq2seq_30_15,Erro (online),109279,2024,2024_RoboDragons_vs_Immortals,2024-07-18_11-33_GROUP_PHASE_RoboDragons-vs-Immortals.log
ADWIN_ADE_seq2seq_30_15,Erro (online),109599,2024,2024_RoboDragons_vs_Immortals,2024-07-18_11-33_GROUP_PHASE_RoboDragons-vs-Immortals.log
ADWIN_ADE_seq2seq_30_15,Erro (online),109823,2024,2024_RoboDragons_vs_Immortals,2024-07-18_11-33_GROUP_PHASE_RoboDragons-vs-Immortals.log
ADWIN_ADE_seq2seq_30_15,Erro (online),110239,2024,2024_RoboDragons_vs_Immortals,2024-07-18_11-33_GROUP_PHASE_RoboDragons-vs-Immortals.log
ADWIN_ADE_seq2seq_30_15,Erro (online),110367,2024,2024_RoboDragons_vs_Immortals,2024-07-18_11-33_GROUP_PHASE_RoboDragons-vs-Immortals.log
ADWIN_ADE_seq2seq_30_15,Erro (online),110655,2024,2024_RoboDragons_vs_Immortals,2024-07-18_11-33_GROUP_PHASE_RoboDragons-vs-Immortals.log
ADWIN_ADE_seq2seq_30_15,Erro (online),110975,2024,2024_RoboDragons_vs_Immortals,2024-07-18_11-33_GROUP_PHASE_RoboDragons-vs-Immortals.log
ADWIN_ADE_seq2seq_30_15,Erro (online),111263,2024,2024_RoboDragons_vs_Immortals,2024-07-18_11-33_GROUP_PHASE_RoboDragons-vs-Immortals.log
ADWIN_ADE_seq2seq_30_15,Erro (online),111647,2024,2024_RoboDragons_vs_Immortals,2024-07-18_11-33_GROUP_PHASE_RoboDragons-vs-Immortals.log
ADWIN_ADE_seq2seq_30_15,Erro (online),112095,2024,2024_ZJUNlict_vs_TIGERs_Mannheim,2024-07-21_11-00_ELIMINATION_PHASE_ZJUNlict-vs-TIGERs_Mannheim.log
ADWIN_ADE_seq2seq_30_15,Erro (online),112671,2024,2024_ZJUNlict_vs_TIGERs_Mannheim,2024-07-21_11-00_ELIMINATION_PHASE_ZJUNlict-vs-TIGERs_Mannheim.log
ADWIN_ADE_seq2seq_30_15,Erro (online),113567,2024,2024_ZJUNlict_vs_TIGERs_Mannheim,2024-07-21_11-00_ELIMINATION_PHASE_ZJUNlict-vs-TIGERs_Mannheim.log
ADWIN_ADE_seq2seq_30_15,Erro (online),114079,2024,2024_ZJUNlict_vs_TIGERs_Mannheim,2024-07-21_11-00_ELIMINATION_PHASE_ZJUNlict-vs-TIGERs_Mannheim.log
ADWIN_ADE_seq2seq_30_15,Erro (online),114655,2024,2024_ZJUNlict_vs_TIGERs_Mannheim,2024-07-21_11-00_ELIMINATION_PHASE_ZJUNlict-vs-TIGERs_Mannheim.log
ADWIN_ADE_seq2seq_30_15,Erro (online),115295,2024,2024_ZJUNlict_vs_TIGERs_Mannheim,2024-07-21_11-00_ELIMINATION_PHASE_ZJUNlict-vs-TIGERs_Mannheim.log
ADWIN_ADE_seq2seq_30_15,Erro (online),118623,2024,2024_ZJUNlict_vs_TIGERs_Mannheim,2024-07-21_11-00_ELIMINATION_PHASE_ZJUNlict-vs-TIGERs_Mannheim.log
ADWIN_ADE_seq2seq_30_15,Erro (online),119231,2024,2024_ZJUNlict_vs_TIGERs_Mannheim,2024-07-21_11-00_ELIMINATION_PHASE_ZJUNlict-vs-TIGERs_Mannheim.log
ADWIN_ADE_seq2seq_30_15,Erro (online),120063,2025,2025_RobCin_vs_ZJUNlict,2025-07-19_13-32_ELIMINATION_PHASE_RobôCin-vs-ZJUNlict.log
ADWIN_ADE_seq2seq_30_15,Erro (online),120319,2025,2025_RobCin_vs_ZJUNlict,2025-07-19_13-32_ELIMINATION_PHASE_RobôCin-vs-ZJUNlict.log
ADWIN_ADE_seq2seq_30_15,Erro (online),120543,2025,2025_RobCin_vs_ZJUNlict,2025-07-19_13-32_ELIMINATION_PHASE_RobôCin-vs-ZJUNlict.log
ADWIN_ADE_seq2seq_30_15,Erro (online),121119,2025,2025_RobCin_vs_ZJUNlict,2025-07-19_13-32_ELIMINATION_PHASE_RobôCin-vs-ZJUNlict.log
ADWIN_ADE_seq2seq_30_15,Erro (online),121215,2025,2025_RobCin_vs_ZJUNlict,2025-07-19_13-32_ELIMINATION_PHASE_RobôCin-vs-ZJUNlict.log
ADWIN_ADE_seq2seq_30_15,Erro (online),121407,2025,2025_RobCin_vs_ZJUNlict,2025-07-19_13-32_ELIMINATION_PHASE_RobôCin-vs-ZJUNlict.log
ADWIN_ADE_seq2seq_30_15,Erro (online),121855,2025,2025_RobCin_vs_ZJUNlict,2025-07-19_13-32_ELIMINATION_PHASE_RobôCin-vs-ZJUNlict.log
ADWIN_ADE_seq2seq_30_15,Erro (online),122175,2025,2025_RobCin_vs_ZJUNlict,2025-07-19_13-32_ELIMINATION_PHASE_RobôCin-vs-ZJUNlict.log
ADWIN_ADE_seq2seq_30_15,Erro (online),122463,2025,2025_RobCin_vs_ZJUNlict,2025-07-19_13-32_ELIMINATION_PHASE_RobôCin-vs-ZJUNlict.log
ADWIN_ADE_seq2seq_30_15,Erro (online),122847,2025,2025_RobCin_vs_ZJUNlict,2025-07-19_13-32_ELIMINATION_PHASE_RobôCin-vs-ZJUNlict.log
ADWIN_ADE_seq2seq_30_15,Erro (online),123167,2025,2025_RobCin_vs_ZJUNlict,2025-07-19_13-32_ELIMINATION_PHASE_RobôCin-vs-ZJUNlict.log
ADWIN_ADE_seq2seq_30_15,Erro (online),123327,2025,2025_RobCin_vs_ZJUNlict,2025-07-19_13-32_ELIMINATION_PHASE_RobôCin-vs-ZJUNlict.log
ADWIN_ADE_seq2seq_30_15,Erro (online),123487,2025,2025_RobCin_vs_ZJUNlict,2025-07-19_13-32_ELIMINATION_PHASE_RobôCin-vs-ZJUNlict.log
ADWIN_ADE_seq2seq_30_15,Erro (online),123775,2025,2025_RobCin_vs_ZJUNlict,2025-07-19_13-32_ELIMINATION_PHASE_RobôCin-vs-ZJUNlict.log
ADWIN_ADE_seq2seq_30_15,Erro (online),124095,2025,2025_RobCin_vs_ZJUNlict,2025-07-19_13-32_ELIMINATION_PHASE_RobôCin-vs-ZJUNlict.log
ADWIN_ADE_seq2seq_30_15,Erro (online),124703,2025,2025_RobCin_vs_ZJUNlict,2025-07-19_13-32_ELIMINATION_PHASE_RobôCin-vs-ZJUNlict.log
ADWIN_ADE_seq2seq_30_15,Erro (online),125343,2025,2025_RobCin_vs_ZJUNlict,2025-07-19_13-32_ELIMINATION_PHASE_RobôCin-vs-ZJUNlict.log
ADWIN_ADE_seq2seq_30_15,Erro (online),125759,2025,2025_RobCin_vs_ZJUNlict,2025-07-19_13-32_ELIMINATION_PHASE_RobôCin-vs-ZJUNlict.log
ADWIN_ADE_seq2seq_30_15,Erro (online),126239,2025,2025_RobCin_vs_ZJUNlict,2025-07-19_13-32_ELIMINATION_PHASE_RobôCin-vs-ZJUNlict.log
ADWIN_ADE_seq2seq_30_15,Erro (online),127039,2025,2025_RobCin_vs_ZJUNlict,2025-07-19_13-32_ELIMINATION_PHASE_RobôCin-vs-ZJUNlict.log
ADWIN_ADE_seq2seq_30_15,Erro (online),127391,2025,2025_RobCin_vs_ZJUNlict,2025-07-19_13-32_ELIMINATION_PHASE_RobôCin-vs-ZJUNlict.log
ADWIN_ADE_seq2seq_30_15,Erro (online),127679,2025,2025_RobCin_vs_ZJUNlict,2025-07-19_13-32_ELIMINATION_PHASE_RobôCin-vs-ZJUNlict.log
ADWIN_ADE_seq2seq_30_15,Erro (online),127871,2025,2025_RobCin_vs_ZJUNlict,2025-07-19_13-32_ELIMINATION_PHASE_RobôCin-vs-ZJUNlict.log
ADWIN_ADE_seq2seq_30_15,Erro (online),129151,2025,2025_TIGERs_Mannheim_vs_RoboDragons,2025-07-17_17-01_GROUP_PHASE_TIGERs_Mannheim-vs-RoboDragons.log
ADWIN_ADE_seq2seq_30_15,Erro (online),129407,2025,2025_TIGERs_Mannheim_vs_RoboDragons,2025-07-17_17-01_GROUP_PHASE_TIGERs_Mannheim-vs-RoboDragons.log
ADWIN_ADE_seq2seq_30_15,Erro (online),129855,2025,2025_TIGERs_Mannheim_vs_RoboDragons,2025-07-17_17-01_GROUP_PHASE_TIGERs_Mannheim-vs-RoboDragons.log
ADWIN_ADE_seq2seq_30_15,Erro (online),129951,2025,2025_TIGERs_Mannheim_vs_RoboDragons,2025-07-17_17-01_GROUP_PHASE_TIGERs_Mannheim-vs-RoboDragons.log
ADWIN_ADE_seq2seq_30_15,Erro (online),130079,2025,2025_TIGERs_Mannheim_vs_RoboDragons,2025-07-17_17-01_GROUP_PHASE_TIGERs_Mannheim-vs-RoboDragons.log
ADWIN_ADE_seq2seq_30_15,Erro (online),130463,2025,2025_TIGERs_Mannheim_vs_RoboDragons,2025-07-17_17-01_GROUP_PHASE_TIGERs_Mannheim-vs-RoboDragons.log
ADWIN_ADE_seq2seq_30_15,Erro (online),130719,2025,2025_TIGERs_Mannheim_vs_RoboDragons,2025-07-17_17-01_GROUP_PHASE_TIGERs_Mannheim-vs-RoboDragons.log
ADWIN_ADE_seq2seq_30_15,Erro (online),131615,2025,2025_TIGERs_Mannheim_vs_RoboDragons,2025-07-17_17-01_GROUP_PHASE_TIGERs_Mannheim-vs-RoboDragons.log
ADWIN_ADE_seq2seq_30_15,Erro (online),132319,2025,2025_TIGERs_Mannheim_vs_RoboDragons,2025-07-17_17-01_GROUP_PHASE_TIGERs_Mannheim-vs-RoboDragons.log
ADWIN_ADE_seq2seq_30_15,Erro (online),133279,2025,2025_TIGERs_Mannheim_vs_RoboDragons,2025-07-17_17-01_GROUP_PHASE_TIGERs_Mannheim-vs-RoboDragons.log
ADWIN_ADE_seq2seq_30_15,Erro (online),135839,2025,2025_TIGERs_Mannheim_vs_RoboDragons,2025-07-17_17-01_GROUP_PHASE_TIGERs_Mannheim-vs-RoboDragons.log
ADWIN_ADE_seq2seq_30_15,Erro (online),136991,2025,2025_TIGERs_Mannheim_vs_ZJUNlict,2025-07-20_15-31_ELIMINATION_PHASE_TIGERs_Mannheim-vs-ZJUNlict.log
ADWIN_ADE_seq2seq_30_15,Erro (online),139039,2025,2025_TIGERs_Mannheim_vs_ZJUNlict,2025-07-20_15-31_ELIMINATION_PHASE_TIGERs_Mannheim-vs-ZJUNlict.log
ADWIN_ADE_seq2seq_30_15,Erro (online),140831,2025,2025_TIGERs_Mannheim_vs_ZJUNlict,2025-07-20_15-31_ELIMINATION_PHASE_TIGERs_Mannheim-vs-ZJUNlict.log
ADWIN_ADE_seq2seq_30_15,Erro (online),141855,2025,2025_TIGERs_Mannheim_vs_ZJUNlict,2025-07-20_15-31_ELIMINATION_PHASE_TIGERs_Mannheim-vs-ZJUNlict.log
ADWIN_ADE_seq2seq_30_15,Erro (online),142975,2025,2025_TIGERs_Mannheim_vs_ZJUNlict,2025-07-20_15-31_ELIMINATION_PHASE_TIGERs_Mannheim-vs-ZJUNlict.log
ADWIN_ADE_seq2seq_30_15,Erro (online),143967,2025,2025_TIGERs_Mannheim_vs_ZJUNlict,2025-07-20_15-31_ELIMINATION_PHASE_TIGERs_Mannheim-vs-ZJUNlict.log
PageHinkley_ADE_seq2seq_30_15,Erro (online),62,2019,2019_KIKS_vs_MRL,2019-07-04_14-10_KIKS-vs-MRL.log
PageHinkley_ADE_seq2seq_30_15,Erro (online),208,2019,2019_KIKS_vs_MRL,2019-07-04_14-10_KIKS-vs-MRL.log
PageHinkley_ADE_seq2seq_30_15,Erro (online),346,2019,2019_KIKS_vs_MRL,2019-07-04_14-10_KIKS-vs-MRL.log
PageHinkley_ADE_seq2seq_30_15,Erro (online),399,2019,2019_KIKS_vs_MRL,2019-07-04_14-10_KIKS-vs-MRL.log
PageHinkley_ADE_seq2seq_30_15,Erro (online),442,2019,2019_KIKS_vs_MRL,2019-07-04_14-10_KIKS-vs-MRL.log
PageHinkley_ADE_seq2seq_30_15,Erro (online),472,2019,2019_KIKS_vs_MRL,2019-07-04_14-10_KIKS-vs-MRL.log
PageHinkley_ADE_seq2seq_30_15,Erro (online),502,2019,2019_KIKS_vs_MRL,2019-07-04_14-10_KIKS-vs-MRL.log
PageHinkley_ADE_seq2seq_30_15,Erro (online),611,2019,2019_KIKS_vs_MRL,2019-07-04_14-10_KIKS-vs-MRL.log
PageHinkley_ADE_seq2seq_30_15,Erro (online),717,2019,2019_KIKS_vs_MRL,2019-07-04_14-10_KIKS-vs-MRL.log
PageHinkley_ADE_seq2seq_30_15,Erro (online),806,2019,2019_KIKS_vs_MRL,2019-07-04_14-10_KIKS-vs-MRL.log
PageHinkley_ADE_seq2seq_30_15,Erro (online),844,2019,2019_KIKS_vs_MRL,2019-07-04_14-10_KIKS-vs-MRL.log
PageHinkley_ADE_seq2seq_30_15,Erro (online),876,2019,2019_KIKS_vs_MRL,2019-07-04_14-10_KIKS-vs-MRL.log
PageHinkley_ADE_seq2seq_30_15,Erro (online),949,2019,2019_KIKS_vs_MRL,2019-07-04_14-10_KIKS-vs-MRL.log
PageHinkley_ADE_seq2seq_30_15,Erro (online),1033,2019,2019_KIKS_vs_MRL,2019-07-04_14-10_KIKS-vs-MRL.log
PageHinkley_ADE_seq2seq_30_15,Erro (online),1102,2019,2019_KIKS_vs_MRL,2019-07-04_14-10_KIKS-vs-MRL.log
PageHinkley_ADE_seq2seq_30_15,Erro (online),1203,2019,2019_KIKS_vs_MRL,2019-07-04_14-10_KIKS-vs-MRL.log
PageHinkley_ADE_seq2seq_30_15,Erro (online),1287,2019,2019_KIKS_vs_MRL,2019-07-04_14-10_KIKS-vs-MRL.log
PageHinkley_ADE_seq2seq_30_15,Erro (online),1325,2019,2019_KIKS_vs_MRL,2019-07-04_14-10_KIKS-vs-MRL.log
PageHinkley_ADE_seq2seq_30_15,Erro (online),1399,2019,2019_KIKS_vs_MRL,2019-07-04_14-10_KIKS-vs-MRL.log
PageHinkley_ADE_seq2seq_30_15,Erro (online),1469,2019,2019_KIKS_vs_MRL,2019-07-04_14-10_KIKS-vs-MRL.log
PageHinkley_ADE_seq2seq_30_15,Erro (online),1516,2019,2019_KIKS_vs_MRL,2019-07-04_14-10_KIKS-vs-MRL.log
PageHinkley_ADE_seq2seq_30_15,Erro (online),1622,2019,2019_KIKS_vs_MRL,2019-07-04_14-10_KIKS-vs-MRL.log
PageHinkley_ADE_seq2seq_30_15,Erro (online),1671,2019,2019_KIKS_vs_MRL,2019-07-04_14-10_KIKS-vs-MRL.log
PageHinkley_ADE_seq2seq_30_15,Erro (online),1863,2019,2019_KIKS_vs_MRL,2019-07-04_14-10_KIKS-vs-MRL.log
PageHinkley_ADE_seq2seq_30_15,Erro (online),1913,2019,2019_KIKS_vs_MRL,2019-07-04_14-10_KIKS-vs-MRL.log
PageHinkley_ADE_seq2seq_30_15,Erro (online),2011,2019,2019_KIKS_vs_MRL,2019-07-04_14-10_KIKS-vs-MRL.log
PageHinkley_ADE_seq2seq_30_15,Erro (online),2051,2019,2019_KIKS_vs_MRL,2019-07-04_14-10_KIKS-vs-MRL.log
PageHinkley_ADE_seq2seq_30_15,Erro (online),2132,2019,2019_KIKS_vs_MRL,2019-07-04_14-10_KIKS-vs-MRL.log
PageHinkley_ADE_seq2seq_30_15,Erro (online),2162,2019,2019_KIKS_vs_MRL,2019-07-04_14-10_KIKS-vs-MRL.log
PageHinkley_ADE_seq2seq_30_15,Erro (online),2227,2019,2019_KIKS_vs_MRL,2019-07-04_14-10_KIKS-vs-MRL.log
PageHinkley_ADE_seq2seq_30_15,Erro (online),2280,2019,2019_KIKS_vs_MRL,2019-07-04_14-10_KIKS-vs-MRL.log
PageHinkley_ADE_seq2seq_30_15,Erro (online),2474,2019,2019_KIKS_vs_MRL,2019-07-04_14-10_KIKS-vs-MRL.log
PageHinkley_ADE_seq2seq_30_15,Erro (online),2504,2019,2019_KIKS_vs_MRL,2019-07-04_14-10_KIKS-vs-MRL.log
PageHinkley_ADE_seq2seq_30_15,Erro (online),2559,2019,2019_KIKS_vs_MRL,2019-07-04_14-10_KIKS-vs-MRL.log
PageHinkley_ADE_seq2seq_30_15,Erro (online),2644,2019,2019_KIKS_vs_MRL,2019-07-04_14-10_KIKS-vs-MRL.log
PageHinkley_ADE_seq2seq_30_15,Erro (online),2674,2019,2019_KIKS_vs_MRL,2019-07-04_14-10_KIKS-vs-MRL.log
PageHinkley_ADE_seq2seq_30_15,Erro (online),2763,2019,2019_KIKS_vs_MRL,2019-07-04_14-10_KIKS-vs-MRL.log
PageHinkley_ADE_seq2seq_30_15,Erro (online),2835,2019,2019_KIKS_vs_MRL,2019-07-04_14-10_KIKS-vs-MRL.log
PageHinkley_ADE_seq2seq_30_15,Erro (online),2977,2019,2019_KIKS_vs_MRL,2019-07-04_14-10_KIKS-vs-MRL.log
PageHinkley_ADE_seq2seq_30_15,Erro (online),3007,2019,2019_KIKS_vs_MRL,2019-07-04_14-10_KIKS-vs-MRL.log
PageHinkley_ADE_seq2seq_30_15,Erro (online),3219,2019,2019_KIKS_vs_MRL,2019-07-04_14-10_KIKS-vs-MRL.log
PageHinkley_ADE_seq2seq_30_15,Erro (online),3257,2019,2019_KIKS_vs_MRL,2019-07-04_14-10_KIKS-vs-MRL.log
PageHinkley_ADE_seq2seq_30_15,Erro (online),3390,2019,2019_KIKS_vs_MRL,2019-07-04_14-10_KIKS-vs-MRL.log
PageHinkley_ADE_seq2seq_30_15,Erro (online),3426,2019,2019_KIKS_vs_MRL,2019-07-04_14-10_KIKS-vs-MRL.log
PageHinkley_ADE_seq2seq_30_15,Erro (online),3565,2019,2019_KIKS_vs_MRL,2019-07-04_14-10_KIKS-vs-MRL.log
PageHinkley_ADE_seq2seq_30_15,Erro (online),3693,2019,2019_KIKS_vs_MRL,2019-07-04_14-10_KIKS-vs-MRL.log
PageHinkley_ADE_seq2seq_30_15,Erro (online),3755,2019,2019_KIKS_vs_MRL,2019-07-04_14-10_KIKS-vs-MRL.log
PageHinkley_ADE_seq2seq_30_15,Erro (online),3858,2019,2019_KIKS_vs_MRL,2019-07-04_14-10_KIKS-vs-MRL.log
PageHinkley_ADE_seq2seq_30_15,Erro (online),3915,2019,2019_KIKS_vs_MRL,2019-07-04_14-10_KIKS-vs-MRL.log
PageHinkley_ADE_seq2seq_30_15,Erro (online),3945,2019,2019_KIKS_vs_MRL,2019-07-04_14-10_KIKS-vs-MRL.log
PageHinkley_ADE_seq2seq_30_15,Erro (online),4033,2019,2019_KIKS_vs_MRL,2019-07-04_14-10_KIKS-vs-MRL.log
PageHinkley_ADE_seq2seq_30_15,Erro (online),4111,2019,2019_KIKS_vs_MRL,2019-07-04_14-10_KIKS-vs-MRL.log
PageHinkley_ADE_seq2seq_30_15,Erro (online),4160,2019,2019_KIKS_vs_MRL,2019-07-04_14-10_KIKS-vs-MRL.log
PageHinkley_ADE_seq2seq_30_15,Erro (online),4218,2019,2019_KIKS_vs_MRL,2019-07-04_14-10_KIKS-vs-MRL.log
PageHinkley_ADE_seq2seq_30_15,Erro (online),4248,2019,2019_KIKS_vs_MRL,2019-07-04_14-10_KIKS-vs-MRL.log
PageHinkley_ADE_seq2seq_30_15,Erro (online),4309,2019,2019_KIKS_vs_MRL,2019-07-04_14-10_KIKS-vs-MRL.log
PageHinkley_ADE_seq2seq_30_15,Erro (online),4380,2019,2019_KIKS_vs_MRL,2019-07-04_14-10_KIKS-vs-MRL.log
PageHinkley_ADE_seq2seq_30_15,Erro (online),4422,2019,2019_KIKS_vs_MRL,2019-07-04_14-10_KIKS-vs-MRL.log
PageHinkley_ADE_seq2seq_30_15,Erro (online),4477,2019,2019_KIKS_vs_MRL,2019-07-04_14-10_KIKS-vs-MRL.log
PageHinkley_ADE_seq2seq_30_15,Erro (online),4507,2019,2019_KIKS_vs_MRL,2019-07-04_14-10_KIKS-vs-MRL.log
PageHinkley_ADE_seq2seq_30_15,Erro (online),4537,2019,2019_KIKS_vs_MRL,2019-07-04_14-10_KIKS-vs-MRL.log
PageHinkley_ADE_seq2seq_30_15,Erro (online),4601,2019,2019_KIKS_vs_MRL,2019-07-04_14-10_KIKS-vs-MRL.log
PageHinkley_ADE_seq2seq_30_15,Erro (online),4631,2019,2019_KIKS_vs_MRL,2019-07-04_14-10_KIKS-vs-MRL.log
PageHinkley_ADE_seq2seq_30_15,Erro (online),4740,2019,2019_KIKS_vs_MRL,2019-07-04_14-10_KIKS-vs-MRL.log
PageHinkley_ADE_seq2seq_30_15,Erro (online),4810,2019,2019_KIKS_vs_MRL,2019-07-04_14-10_KIKS-vs-MRL.log
PageHinkley_ADE_seq2seq_30_15,Erro (online),4905,2019,2019_KIKS_vs_MRL,2019-07-04_14-10_KIKS-vs-MRL.log
PageHinkley_ADE_seq2seq_30_15,Erro (online),4940,2019,2019_KIKS_vs_MRL,2019-07-04_14-10_KIKS-vs-MRL.log
PageHinkley_ADE_seq2seq_30_15,Erro (online),4994,2019,2019_KIKS_vs_MRL,2019-07-04_14-10_KIKS-vs-MRL.log
PageHinkley_ADE_seq2seq_30_15,Erro (online),5072,2019,2019_KIKS_vs_MRL,2019-07-04_14-10_KIKS-vs-MRL.log
PageHinkley_ADE_seq2seq_30_15,Erro (online),5195,2019,2019_KIKS_vs_MRL,2019-07-04_14-10_KIKS-vs-MRL.log
PageHinkley_ADE_seq2seq_30_15,Erro (online),5424,2019,2019_KIKS_vs_MRL,2019-07-04_14-10_KIKS-vs-MRL.log
PageHinkley_ADE_seq2seq_30_15,Erro (online),5477,2019,2019_KIKS_vs_MRL,2019-07-04_14-10_KIKS-vs-MRL.log
PageHinkley_ADE_seq2seq_30_15,Erro (online),5598,2019,2019_KIKS_vs_MRL,2019-07-04_14-10_KIKS-vs-MRL.log
PageHinkley_ADE_seq2seq_30_15,Erro (online),5712,2019,2019_KIKS_vs_MRL,2019-07-04_14-10_KIKS-vs-MRL.log
PageHinkley_ADE_seq2seq_30_15,Erro (online),5800,2019,2019_KIKS_vs_MRL,2019-07-04_14-10_KIKS-vs-MRL.log
PageHinkley_ADE_seq2seq_30_15,Erro (online),5891,2019,2019_KIKS_vs_MRL,2019-07-04_14-10_KIKS-vs-MRL.log
PageHinkley_ADE_seq2seq_30_15,Erro (online),5953,2019,2019_KIKS_vs_MRL,2019-07-04_14-10_KIKS-vs-MRL.log
PageHinkley_ADE_seq2seq_30_15,Erro (online),6128,2019,2019_KIKS_vs_MRL,2019-07-04_14-10_KIKS-vs-MRL.log
PageHinkley_ADE_seq2seq_30_15,Erro (online),6238,2019,2019_KIKS_vs_MRL,2019-07-04_14-10_KIKS-vs-MRL.log
PageHinkley_ADE_seq2seq_30_15,Erro (online),6273,2019,2019_KIKS_vs_MRL,2019-07-04_14-10_KIKS-vs-MRL.log
PageHinkley_ADE_seq2seq_30_15,Erro (online),6344,2019,2019_KIKS_vs_MRL,2019-07-04_14-10_KIKS-vs-MRL.log
PageHinkley_ADE_seq2seq_30_15,Erro (online),6389,2019,2019_KIKS_vs_MRL,2019-07-04_14-10_KIKS-vs-MRL.log
PageHinkley_ADE_seq2seq_30_15,Erro (online),6485,2019,2019_KIKS_vs_MRL,2019-07-04_14-10_KIKS-vs-MRL.log
PageHinkley_ADE_seq2seq_30_15,Erro (online),6606,2019,2019_KIKS_vs_MRL,2019-07-04_14-10_KIKS-vs-MRL.log
PageHinkley_ADE_seq2seq_30_15,Erro (online),6636,2019,2019_KIKS_vs_MRL,2019-07-04_14-10_KIKS-vs-MRL.log
PageHinkley_ADE_seq2seq_30_15,Erro (online),6699,2019,2019_KIKS_vs_MRL,2019-07-04_14-10_KIKS-vs-MRL.log
PageHinkley_ADE_seq2seq_30_15,Erro (online),6824,2019,2019_KIKS_vs_MRL,2019-07-04_14-10_KIKS-vs-MRL.log
PageHinkley_ADE_seq2seq_30_15,Erro (online),6899,2019,2019_KIKS_vs_MRL,2019-07-04_14-10_KIKS-vs-MRL.log
PageHinkley_ADE_seq2seq_30_15,Erro (online),7000,2019,2019_KIKS_vs_MRL,2019-07-04_14-10_KIKS-vs-MRL.log
PageHinkley_ADE_seq2seq_30_15,Erro (online),7118,2019,2019_KIKS_vs_MRL,2019-07-04_14-10_KIKS-vs-MRL.log
PageHinkley_ADE_seq2seq_30_15,Erro (online),7234,2019,2019_KIKS_vs_MRL,2019-07-04_14-10_KIKS-vs-MRL.log
PageHinkley_ADE_seq2seq_30_15,Erro (online),7330,2019,2019_KIKS_vs_MRL,2019-07-04_14-10_KIKS-vs-MRL.log
PageHinkley_ADE_seq2seq_30_15,Erro (online),7431,2019,2019_KIKS_vs_MRL,2019-07-04_14-10_KIKS-vs-MRL.log
PageHinkley_ADE_seq2seq_30_15,Erro (online),7497,2019,2019_KIKS_vs_MRL,2019-07-04_14-10_KIKS-vs-MRL.log
PageHinkley_ADE_seq2seq_30_15,Erro (online),7603,2019,2019_KIKS_vs_MRL,2019-07-04_14-10_KIKS-vs-MRL.log
PageHinkley_ADE_seq2seq_30_15,Erro (online),7668,2019,2019_KIKS_vs_MRL,2019-07-04_14-10_KIKS-vs-MRL.log
PageHinkley_ADE_seq2seq_30_15,Erro (online),7767,2019,2019_KIKS_vs_MRL,2019-07-04_14-10_KIKS-vs-MRL.log
PageHinkley_ADE_seq2seq_30_15,Erro (online),7832,2019,2019_KIKS_vs_MRL,2019-07-04_14-10_KIKS-vs-MRL.log
PageHinkley_ADE_seq2seq_30_15,Erro (online),7893,2019,2019_KIKS_vs_MRL,2019-07-04_14-10_KIKS-vs-MRL.log
PageHinkley_ADE_seq2seq_30_15,Erro (online),7923,2019,2019_KIKS_vs_MRL,2019-07-04_14-10_KIKS-vs-MRL.log
PageHinkley_ADE_seq2seq_30_15,Erro (online),7953,2019,2019_KIKS_vs_MRL,2019-07-04_14-10_KIKS-vs-MRL.log
PageHinkley_ADE_seq2seq_30_15,Erro (online),7994,2019,2019_KIKS_vs_MRL,2019-07-04_14-10_KIKS-vs-MRL.log
PageHinkley_ADE_seq2seq_30_15,Erro (online),8036,2019,2019_KIKS_vs_TIGERs_Mannheim,2019-07-04_06-55_KIKS-vs-TIGERs_Mannheim.log
PageHinkley_ADE_seq2seq_30_15,Erro (online),8093,2019,2019_KIKS_vs_TIGERs_Mannheim,2019-07-04_06-55_KIKS-vs-TIGERs_Mannheim.log
PageHinkley_ADE_seq2seq_30_15,Erro (online),8154,2019,2019_KIKS_vs_TIGERs_Mannheim,2019-07-04_06-55_KIKS-vs-TIGERs_Mannheim.log
PageHinkley_ADE_seq2seq_30_15,Erro (online),8209,2019,2019_KIKS_vs_TIGERs_Mannheim,2019-07-04_06-55_KIKS-vs-TIGERs_Mannheim.log
PageHinkley_ADE_seq2seq_30_15,Erro (online),8247,2019,2019_KIKS_vs_TIGERs_Mannheim,2019-07-04_06-55_KIKS-vs-TIGERs_Mannheim.log
PageHinkley_ADE_seq2seq_30_15,Erro (online),8313,2019,2019_KIKS_vs_TIGERs_Mannheim,2019-07-04_06-55_KIKS-vs-TIGERs_Mannheim.log
PageHinkley_ADE_seq2seq_30_15,Erro (online),8411,2019,2019_KIKS_vs_TIGERs_Mannheim,2019-07-04_06-55_KIKS-vs-TIGERs_Mannheim.log
PageHinkley_ADE_seq2seq_30_15,Erro (online),8459,2019,2019_KIKS_vs_TIGERs_Mannheim,2019-07-04_06-55_KIKS-vs-TIGERs_Mannheim.log
PageHinkley_ADE_seq2seq_30_15,Erro (online),8537,2019,2019_KIKS_vs_TIGERs_Mannheim,2019-07-04_06-55_KIKS-vs-TIGERs_Mannheim.log
PageHinkley_ADE_seq2seq_30_15,Erro (online),8569,2019,2019_KIKS_vs_TIGERs_Mannheim,2019-07-04_06-55_KIKS-vs-TIGERs_Mannheim.log
PageHinkley_ADE_seq2seq_30_15,Erro (online),8644,2019,2019_KIKS_vs_TIGERs_Mannheim,2019-07-04_06-55_KIKS-vs-TIGERs_Mannheim.log
PageHinkley_ADE_seq2seq_30_15,Erro (online),8694,2019,2019_KIKS_vs_TIGERs_Mannheim,2019-07-04_06-55_KIKS-vs-TIGERs_Mannheim.log
PageHinkley_ADE_seq2seq_30_15,Erro (online),8742,2019,2019_KIKS_vs_TIGERs_Mannheim,2019-07-04_06-55_KIKS-vs-TIGERs_Mannheim.log
PageHinkley_ADE_seq2seq_30_15,Erro (online),8835,2019,2019_KIKS_vs_TIGERs_Mannheim,2019-07-04_06-55_KIKS-vs-TIGERs_Mannheim.log
PageHinkley_ADE_seq2seq_30_15,Erro (online),9028,2019,2019_KIKS_vs_TIGERs_Mannheim,2019-07-04_06-55_KIKS-vs-TIGERs_Mannheim.log
PageHinkley_ADE_seq2seq_30_15,Erro (online),9105,2019,2019_KIKS_vs_TIGERs_Mannheim,2019-07-04_06-55_KIKS-vs-TIGERs_Mannheim.log
PageHinkley_ADE_seq2seq_30_15,Erro (online),9144,2019,2019_KIKS_vs_TIGERs_Mannheim,2019-07-04_06-55_KIKS-vs-TIGERs_Mannheim.log
PageHinkley_ADE_seq2seq_30_15,Erro (online),9228,2019,2019_KIKS_vs_TIGERs_Mannheim,2019-07-04_06-55_KIKS-vs-TIGERs_Mannheim.log
PageHinkley_ADE_seq2seq_30_15,Erro (online),9297,2019,2019_KIKS_vs_TIGERs_Mannheim,2019-07-04_06-55_KIKS-vs-TIGERs_Mannheim.log
PageHinkley_ADE_seq2seq_30_15,Erro (online),9428,2019,2019_KIKS_vs_TIGERs_Mannheim,2019-07-04_06-55_KIKS-vs-TIGERs_Mannheim.log
PageHinkley_ADE_seq2seq_30_15,Erro (online),9475,2019,2019_KIKS_vs_TIGERs_Mannheim,2019-07-04_06-55_KIKS-vs-TIGERs_Mannheim.log
PageHinkley_ADE_seq2seq_30_15,Erro (online),9559,2019,2019_KIKS_vs_TIGERs_Mannheim,2019-07-04_06-55_KIKS-vs-TIGERs_Mannheim.log
PageHinkley_ADE_seq2seq_30_15,Erro (online),9598,2019,2019_KIKS_vs_TIGERs_Mannheim,2019-07-04_06-55_KIKS-vs-TIGERs_Mannheim.log
PageHinkley_ADE_seq2seq_30_15,Erro (online),9705,2019,2019_KIKS_vs_TIGERs_Mannheim,2019-07-04_06-55_KIKS-vs-TIGERs_Mannheim.log
PageHinkley_ADE_seq2seq_30_15,Erro (online),9793,2019,2019_KIKS_vs_TIGERs_Mannheim,2019-07-04_06-55_KIKS-vs-TIGERs_Mannheim.log
PageHinkley_ADE_seq2seq_30_15,Erro (online),9924,2019,2019_KIKS_vs_TIGERs_Mannheim,2019-07-04_06-55_KIKS-vs-TIGERs_Mannheim.log
PageHinkley_ADE_seq2seq_30_15,Erro (online),10035,2019,2019_KIKS_vs_TIGERs_Mannheim,2019-07-04_06-55_KIKS-vs-TIGERs_Mannheim.log
PageHinkley_ADE_seq2seq_30_15,Erro (online),10148,2019,2019_KIKS_vs_TIGERs_Mannheim,2019-07-04_06-55_KIKS-vs-TIGERs_Mannheim.log
PageHinkley_ADE_seq2seq_30_15,Erro (online),10385,2019,2019_KIKS_vs_TIGERs_Mannheim,2019-07-04_06-55_KIKS-vs-TIGERs_Mannheim.log
PageHinkley_ADE_seq2seq_30_15,Erro (online),10537,2019,2019_KIKS_vs_TIGERs_Mannheim,2019-07-04_06-55_KIKS-vs-TIGERs_Mannheim.log
PageHinkley_ADE_seq2seq_30_15,Erro (online),10763,2019,2019_KIKS_vs_TIGERs_Mannheim,2019-07-04_06-55_KIKS-vs-TIGERs_Mannheim.log
PageHinkley_ADE_seq2seq_30_15,Erro (online),10799,2019,2019_KIKS_vs_TIGERs_Mannheim,2019-07-04_06-55_KIKS-vs-TIGERs_Mannheim.log
PageHinkley_ADE_seq2seq_30_15,Erro (online),10891,2019,2019_KIKS_vs_TIGERs_Mannheim,2019-07-04_06-55_KIKS-vs-TIGERs_Mannheim.log
PageHinkley_ADE_seq2seq_30_15,Erro (online),10924,2019,2019_KIKS_vs_TIGERs_Mannheim,2019-07-04_06-55_KIKS-vs-TIGERs_Mannheim.log
PageHinkley_ADE_seq2seq_30_15,Erro (online),11031,2019,2019_KIKS_vs_TIGERs_Mannheim,2019-07-04_06-55_KIKS-vs-TIGERs_Mannheim.log
PageHinkley_ADE_seq2seq_30_15,Erro (online),11084,2019,2019_KIKS_vs_TIGERs_Mannheim,2019-07-04_06-55_KIKS-vs-TIGERs_Mannheim.log
PageHinkley_ADE_seq2seq_30_15,Erro (online),11130,2019,2019_KIKS_vs_TIGERs_Mannheim,2019-07-04_06-55_KIKS-vs-TIGERs_Mannheim.log
PageHinkley_ADE_seq2seq_30_15,Erro (online),11160,2019,2019_KIKS_vs_TIGERs_Mannheim,2019-07-04_06-55_KIKS-vs-TIGERs_Mannheim.log
PageHinkley_ADE_seq2seq_30_15,Erro (online),11190,2019,2019_KIKS_vs_TIGERs_Mannheim,2019-07-04_06-55_KIKS-vs-TIGERs_Mannheim.log
PageHinkley_ADE_seq2seq_30_15,Erro (online),11238,2019,2019_KIKS_vs_TIGERs_Mannheim,2019-07-04_06-55_KIKS-vs-TIGERs_Mannheim.log
PageHinkley_ADE_seq2seq_30_15,Erro (online),11268,2019,2019_KIKS_vs_TIGERs_Mannheim,2019-07-04_06-55_KIKS-vs-TIGERs_Mannheim.log
PageHinkley_ADE_seq2seq_30_15,Erro (online),11331,2019,2019_KIKS_vs_TIGERs_Mannheim,2019-07-04_06-55_KIKS-vs-TIGERs_Mannheim.log
PageHinkley_ADE_seq2seq_30_15,Erro (online),11361,2019,2019_KIKS_vs_TIGERs_Mannheim,2019-07-04_06-55_KIKS-vs-TIGERs_Mannheim.log
PageHinkley_ADE_seq2seq_30_15,Erro (online),11482,2019,2019_KIKS_vs_TIGERs_Mannheim,2019-07-04_06-55_KIKS-vs-TIGERs_Mannheim.log
PageHinkley_ADE_seq2seq_30_15,Erro (online),11512,2019,2019_KIKS_vs_TIGERs_Mannheim,2019-07-04_06-55_KIKS-vs-TIGERs_Mannheim.log
PageHinkley_ADE_seq2seq_30_15,Erro (online),11567,2019,2019_KIKS_vs_TIGERs_Mannheim,2019-07-04_06-55_KIKS-vs-TIGERs_Mannheim.log
PageHinkley_ADE_seq2seq_30_15,Erro (online),11597,2019,2019_KIKS_vs_TIGERs_Mannheim,2019-07-04_06-55_KIKS-vs-TIGERs_Mannheim.log
PageHinkley_ADE_seq2seq_30_15,Erro (online),11627,2019,2019_KIKS_vs_TIGERs_Mannheim,2019-07-04_06-55_KIKS-vs-TIGERs_Mannheim.log
PageHinkley_ADE_seq2seq_30_15,Erro (online),11671,2019,2019_KIKS_vs_TIGERs_Mannheim,2019-07-04_06-55_KIKS-vs-TIGERs_Mannheim.log
PageHinkley_ADE_seq2seq_30_15,Erro (online),11737,2019,2019_KIKS_vs_TIGERs_Mannheim,2019-07-04_06-55_KIKS-vs-TIGERs_Mannheim.log
PageHinkley_ADE_seq2seq_30_15,Erro (online),11767,2019,2019_KIKS_vs_TIGERs_Mannheim,2019-07-04_06-55_KIKS-vs-TIGERs_Mannheim.log
PageHinkley_ADE_seq2seq_30_15,Erro (online),11797,2019,2019_KIKS_vs_TIGERs_Mannheim,2019-07-04_06-55_KIKS-vs-TIGERs_Mannheim.log
PageHinkley_ADE_seq2seq_30_15,Erro (online),11827,2019,2019_KIKS_vs_TIGERs_Mannheim,2019-07-04_06-55_KIKS-vs-TIGERs_Mannheim.log
PageHinkley_ADE_seq2seq_30_15,Erro (online),11857,2019,2019_KIKS_vs_TIGERs_Mannheim,2019-07-04_06-55_KIKS-vs-TIGERs_Mannheim.log
PageHinkley_ADE_seq2seq_30_15,Erro (online),11901,2019,2019_KIKS_vs_TIGERs_Mannheim,2019-07-04_06-55_KIKS-vs-TIGERs_Mannheim.log
PageHinkley_ADE_seq2seq_30_15,Erro (online),11933,2019,2019_KIKS_vs_TIGERs_Mannheim,2019-07-04_06-55_KIKS-vs-TIGERs_Mannheim.log
PageHinkley_ADE_seq2seq_30_15,Erro (online),12040,2019,2019_KIKS_vs_TIGERs_Mannheim,2019-07-04_06-55_KIKS-vs-TIGERs_Mannheim.log
PageHinkley_ADE_seq2seq_30_15,Erro (online),12071,2019,2019_KIKS_vs_TIGERs_Mannheim,2019-07-04_06-55_KIKS-vs-TIGERs_Mannheim.log
PageHinkley_ADE_seq2seq_30_15,Erro (online),12206,2019,2019_KIKS_vs_TIGERs_Mannheim,2019-07-04_06-55_KIKS-vs-TIGERs_Mannheim.log
PageHinkley_ADE_seq2seq_30_15,Erro (online),12297,2019,2019_KIKS_vs_TIGERs_Mannheim,2019-07-04_06-55_KIKS-vs-TIGERs_Mannheim.log
PageHinkley_ADE_seq2seq_30_15,Erro (online),12333,2019,2019_KIKS_vs_TIGERs_Mannheim,2019-07-04_06-55_KIKS-vs-TIGERs_Mannheim.log
PageHinkley_ADE_seq2seq_30_15,Erro (online),12383,2019,2019_KIKS_vs_TIGERs_Mannheim,2019-07-04_06-55_KIKS-vs-TIGERs_Mannheim.log
PageHinkley_ADE_seq2seq_30_15,Erro (online),12431,2019,2019_KIKS_vs_TIGERs_Mannheim,2019-07-04_06-55_KIKS-vs-TIGERs_Mannheim.log
PageHinkley_ADE_seq2seq_30_15,Erro (online),12479,2019,2019_KIKS_vs_TIGERs_Mannheim,2019-07-04_06-55_KIKS-vs-TIGERs_Mannheim.log
PageHinkley_ADE_seq2seq_30_15,Erro (online),12511,2019,2019_KIKS_vs_TIGERs_Mannheim,2019-07-04_06-55_KIKS-vs-TIGERs_Mannheim.log
PageHinkley_ADE_seq2seq_30_15,Erro (online),12550,2019,2019_KIKS_vs_TIGERs_Mannheim,2019-07-04_06-55_KIKS-vs-TIGERs_Mannheim.log
PageHinkley_ADE_seq2seq_30_15,Erro (online),12580,2019,2019_KIKS_vs_TIGERs_Mannheim,2019-07-04_06-55_KIKS-vs-TIGERs_Mannheim.log
PageHinkley_ADE_seq2seq_30_15,Erro (online),12610,2019,2019_KIKS_vs_TIGERs_Mannheim,2019-07-04_06-55_KIKS-vs-TIGERs_Mannheim.log
PageHinkley_ADE_seq2seq_30_15,Erro (online),12640,2019,2019_KIKS_vs_TIGERs_Mannheim,2019-07-04_06-55_KIKS-vs-TIGERs_Mannheim.log
PageHinkley_ADE_seq2seq_30_15,Erro (online),12690,2019,2019_KIKS_vs_TIGERs_Mannheim,2019-07-04_06-55_KIKS-vs-TIGERs_Mannheim.log
PageHinkley_ADE_seq2seq_30_15,Erro (online),12720,2019,2019_KIKS_vs_TIGERs_Mannheim,2019-07-04_06-55_KIKS-vs-TIGERs_Mannheim.log
PageHinkley_ADE_seq2seq_30_15,Erro (online),12784,2019,2019_KIKS_vs_TIGERs_Mannheim,2019-07-04_06-55_KIKS-vs-TIGERs_Mannheim.log
PageHinkley_ADE_seq2seq_30_15,Erro (online),12831,2019,2019_KIKS_vs_TIGERs_Mannheim,2019-07-04_06-55_KIKS-vs-TIGERs_Mannheim.log
PageHinkley_ADE_seq2seq_30_15,Erro (online),12898,2019,2019_KIKS_vs_TIGERs_Mannheim,2019-07-04_06-55_KIKS-vs-TIGERs_Mannheim.log
PageHinkley_ADE_seq2seq_30_15,Erro (online),12928,2019,2019_KIKS_vs_TIGERs_Mannheim,2019-07-04_06-55_KIKS-vs-TIGERs_Mannheim.log
PageHinkley_ADE_seq2seq_30_15,Erro (online),12995,2019,2019_KIKS_vs_TIGERs_Mannheim,2019-07-04_06-55_KIKS-vs-TIGERs_Mannheim.log
PageHinkley_ADE_seq2seq_30_15,Erro (online),13123,2019,2019_KIKS_vs_TIGERs_Mannheim,2019-07-04_06-55_KIKS-vs-TIGERs_Mannheim.log
PageHinkley_ADE_seq2seq_30_15,Erro (online),13201,2019,2019_KIKS_vs_TIGERs_Mannheim,2019-07-04_06-55_KIKS-vs-TIGERs_Mannheim.log
PageHinkley_ADE_seq2seq_30_15,Erro (online),13247,2019,2019_KIKS_vs_TIGERs_Mannheim,2019-07-04_06-55_KIKS-vs-TIGERs_Mannheim.log
PageHinkley_ADE_seq2seq_30_15,Erro (online),13307,2019,2019_KIKS_vs_TIGERs_Mannheim,2019-07-04_06-55_KIKS-vs-TIGERs_Mannheim.log
PageHinkley_ADE_seq2seq_30_15,Erro (online),13345,2019,2019_KIKS_vs_TIGERs_Mannheim,2019-07-04_06-55_KIKS-vs-TIGERs_Mannheim.log
PageHinkley_ADE_seq2seq_30_15,Erro (online),13375,2019,2019_KIKS_vs_TIGERs_Mannheim,2019-07-04_06-55_KIKS-vs-TIGERs_Mannheim.log
PageHinkley_ADE_seq2seq_30_15,Erro (online),13439,2019,2019_KIKS_vs_TIGERs_Mannheim,2019-07-04_06-55_KIKS-vs-TIGERs_Mannheim.log
PageHinkley_ADE_seq2seq_30_15,Erro (online),13501,2019,2019_KIKS_vs_TIGERs_Mannheim,2019-07-04_06-55_KIKS-vs-TIGERs_Mannheim.log
PageHinkley_ADE_seq2seq_30_15,Erro (online),13570,2019,2019_KIKS_vs_TIGERs_Mannheim,2019-07-04_06-55_KIKS-vs-TIGERs_Mannheim.log
PageHinkley_ADE_seq2seq_30_15,Erro (online),13600,2019,2019_KIKS_vs_TIGERs_Mannheim,2019-07-04_06-55_KIKS-vs-TIGERs_Mannheim.log
PageHinkley_ADE_seq2seq_30_15,Erro (online),13631,2019,2019_KIKS_vs_TIGERs_Mannheim,2019-07-04_06-55_KIKS-vs-TIGERs_Mannheim.log
PageHinkley_ADE_seq2seq_30_15,Erro (online),13671,2019,2019_KIKS_vs_TIGERs_Mannheim,2019-07-04_06-55_KIKS-vs-TIGERs_Mannheim.log
PageHinkley_ADE_seq2seq_30_15,Erro (online),13722,2019,2019_KIKS_vs_TIGERs_Mannheim,2019-07-04_06-55_KIKS-vs-TIGERs_Mannheim.log
PageHinkley_ADE_seq2seq_30_15,Erro (online),13752,2019,2019_KIKS_vs_TIGERs_Mannheim,2019-07-04_06-55_KIKS-vs-TIGERs_Mannheim.log
PageHinkley_ADE_seq2seq_30_15,Erro (online),13786,2019,2019_KIKS_vs_TIGERs_Mannheim,2019-07-04_06-55_KIKS-vs-TIGERs_Mannheim.log
PageHinkley_ADE_seq2seq_30_15,Erro (online),13836,2019,2019_KIKS_vs_TIGERs_Mannheim,2019-07-04_06-55_KIKS-vs-TIGERs_Mannheim.log
PageHinkley_ADE_seq2seq_30_15,Erro (online),13868,2019,2019_KIKS_vs_TIGERs_Mannheim,2019-07-04_06-55_KIKS-vs-TIGERs_Mannheim.log
PageHinkley_ADE_seq2seq_30_15,Erro (online),13936,2019,2019_KIKS_vs_TIGERs_Mannheim,2019-07-04_06-55_KIKS-vs-TIGERs_Mannheim.log
PageHinkley_ADE_seq2seq_30_15,Erro (online),13971,2019,2019_KIKS_vs_TIGERs_Mannheim,2019-07-04_06-55_KIKS-vs-TIGERs_Mannheim.log
PageHinkley_ADE_seq2seq_30_15,Erro (online),14001,2019,2019_KIKS_vs_TIGERs_Mannheim,2019-07-04_06-55_KIKS-vs-TIGERs_Mannheim.log
PageHinkley_ADE_seq2seq_30_15,Erro (online),14047,2019,2019_KIKS_vs_TIGERs_Mannheim,2019-07-04_06-55_KIKS-vs-TIGERs_Mannheim.log
PageHinkley_ADE_seq2seq_30_15,Erro (online),14077,2019,2019_KIKS_vs_TIGERs_Mannheim,2019-07-04_06-55_KIKS-vs-TIGERs_Mannheim.log
PageHinkley_ADE_seq2seq_30_15,Erro (online),14107,2019,2019_KIKS_vs_TIGERs_Mannheim,2019-07-04_06-55_KIKS-vs-TIGERs_Mannheim.log
PageHinkley_ADE_seq2seq_30_15,Erro (online),14157,2019,2019_KIKS_vs_TIGERs_Mannheim,2019-07-04_06-55_KIKS-vs-TIGERs_Mannheim.log
PageHinkley_ADE_seq2seq_30_15,Erro (online),14192,2019,2019_KIKS_vs_TIGERs_Mannheim,2019-07-04_06-55_KIKS-vs-TIGERs_Mannheim.log
PageHinkley_ADE_seq2seq_30_15,Erro (online),14222,2019,2019_KIKS_vs_TIGERs_Mannheim,2019-07-04_06-55_KIKS-vs-TIGERs_Mannheim.log
PageHinkley_ADE_seq2seq_30_15,Erro (online),14286,2019,2019_KIKS_vs_TIGERs_Mannheim,2019-07-04_06-55_KIKS-vs-TIGERs_Mannheim.log
PageHinkley_ADE_seq2seq_30_15,Erro (online),14319,2019,2019_KIKS_vs_TIGERs_Mannheim,2019-07-04_06-55_KIKS-vs-TIGERs_Mannheim.log
PageHinkley_ADE_seq2seq_30_15,Erro (online),14366,2019,2019_KIKS_vs_TIGERs_Mannheim,2019-07-04_06-55_KIKS-vs-TIGERs_Mannheim.log
PageHinkley_ADE_seq2seq_30_15,Erro (online),14396,2019,2019_KIKS_vs_TIGERs_Mannheim,2019-07-04_06-55_KIKS-vs-TIGERs_Mannheim.log
PageHinkley_ADE_seq2seq_30_15,Erro (online),14446,2019,2019_KIKS_vs_TIGERs_Mannheim,2019-07-04_06-55_KIKS-vs-TIGERs_Mannheim.log
PageHinkley_ADE_seq2seq_30_15,Erro (online),14494,2019,2019_KIKS_vs_TIGERs_Mannheim,2019-07-04_06-55_KIKS-vs-TIGERs_Mannheim.log
PageHinkley_ADE_seq2seq_30_15,Erro (online),14551,2019,2019_KIKS_vs_TIGERs_Mannheim,2019-07-04_06-55_KIKS-vs-TIGERs_Mannheim.log
PageHinkley_ADE_seq2seq_30_15,Erro (online),14581,2019,2019_KIKS_vs_TIGERs_Mannheim,2019-07-04_06-55_KIKS-vs-TIGERs_Mannheim.log
PageHinkley_ADE_seq2seq_30_15,Erro (online),14662,2019,2019_KIKS_vs_TIGERs_Mannheim,2019-07-04_06-55_KIKS-vs-TIGERs_Mannheim.log
PageHinkley_ADE_seq2seq_30_15,Erro (online),14771,2019,2019_KIKS_vs_TIGERs_Mannheim,2019-07-04_06-55_KIKS-vs-TIGERs_Mannheim.log
PageHinkley_ADE_seq2seq_30_15,Erro (online),14923,2019,2019_KIKS_vs_TIGERs_Mannheim,2019-07-04_06-55_KIKS-vs-TIGERs_Mannheim.log
PageHinkley_ADE_seq2seq_30_15,Erro (online),14956,2019,2019_KIKS_vs_TIGERs_Mannheim,2019-07-04_06-55_KIKS-vs-TIGERs_Mannheim.log
PageHinkley_ADE_seq2seq_30_15,Erro (online),14999,2019,2019_KIKS_vs_TIGERs_Mannheim,2019-07-04_06-55_KIKS-vs-TIGERs_Mannheim.log
PageHinkley_ADE_seq2seq_30_15,Erro (online),15073,2019,2019_KIKS_vs_TIGERs_Mannheim,2019-07-04_06-55_KIKS-vs-TIGERs_Mannheim.log
PageHinkley_ADE_seq2seq_30_15,Erro (online),15110,2019,2019_KIKS_vs_TIGERs_Mannheim,2019-07-04_06-55_KIKS-vs-TIGERs_Mannheim.log
PageHinkley_ADE_seq2seq_30_15,Erro (online),15140,2019,2019_KIKS_vs_TIGERs_Mannheim,2019-07-04_06-55_KIKS-vs-TIGERs_Mannheim.log
PageHinkley_ADE_seq2seq_30_15,Erro (online),15203,2019,2019_KIKS_vs_TIGERs_Mannheim,2019-07-04_06-55_KIKS-vs-TIGERs_Mannheim.log
PageHinkley_ADE_seq2seq_30_15,Erro (online),15268,2019,2019_KIKS_vs_TIGERs_Mannheim,2019-07-04_06-55_KIKS-vs-TIGERs_Mannheim.log
PageHinkley_ADE_seq2seq_30_15,Erro (online),15312,2019,2019_KIKS_vs_TIGERs_Mannheim,2019-07-04_06-55_KIKS-vs-TIGERs_Mannheim.log
PageHinkley_ADE_seq2seq_30_15,Erro (online),15346,2019,2019_KIKS_vs_TIGERs_Mannheim,2019-07-04_06-55_KIKS-vs-TIGERs_Mannheim.log
PageHinkley_ADE_seq2seq_30_15,Erro (online),15376,2019,2019_KIKS_vs_TIGERs_Mannheim,2019-07-04_06-55_KIKS-vs-TIGERs_Mannheim.log
PageHinkley_ADE_seq2seq_30_15,Erro (online),15406,2019,2019_KIKS_vs_TIGERs_Mannheim,2019-07-04_06-55_KIKS-vs-TIGERs_Mannheim.log
PageHinkley_ADE_seq2seq_30_15,Erro (online),15474,2019,2019_KIKS_vs_TIGERs_Mannheim,2019-07-04_06-55_KIKS-vs-TIGERs_Mannheim.log
PageHinkley_ADE_seq2seq_30_15,Erro (online),15504,2019,2019_KIKS_vs_TIGERs_Mannheim,2019-07-04_06-55_KIKS-vs-TIGERs_Mannheim.log
PageHinkley_ADE_seq2seq_30_15,Erro (online),15680,2019,2019_KIKS_vs_TIGERs_Mannheim,2019-07-04_06-55_KIKS-vs-TIGERs_Mannheim.log
PageHinkley_ADE_seq2seq_30_15,Erro (online),15722,2019,2019_KIKS_vs_TIGERs_Mannheim,2019-07-04_06-55_KIKS-vs-TIGERs_Mannheim.log
PageHinkley_ADE_seq2seq_30_15,Erro (online),15752,2019,2019_KIKS_vs_TIGERs_Mannheim,2019-07-04_06-55_KIKS-vs-TIGERs_Mannheim.log
PageHinkley_ADE_seq2seq_30_15,Erro (online),15890,2019,2019_KIKS_vs_TIGERs_Mannheim,2019-07-04_06-55_KIKS-vs-TIGERs_Mannheim.log
PageHinkley_ADE_seq2seq_30_15,Erro (online),15924,2019,2019_KIKS_vs_TIGERs_Mannheim,2019-07-04_06-55_KIKS-vs-TIGERs_Mannheim.log
PageHinkley_ADE_seq2seq_30_15,Erro (online),15954,2019,2019_KIKS_vs_TIGERs_Mannheim,2019-07-04_06-55_KIKS-vs-TIGERs_Mannheim.log
PageHinkley_ADE_seq2seq_30_15,Erro (online),15984,2019,2019_KIKS_vs_TIGERs_Mannheim,2019-07-04_06-55_KIKS-vs-TIGERs_Mannheim.log
PageHinkley_ADE_seq2seq_30_15,Erro (online),16021,2019,2019_KIKS_vs_ZJUNlict,2019-07-06_03-11_KIKS-vs-ZJUNlict.log
PageHinkley_ADE_seq2seq_30_15,Erro (online),16051,2019,2019_KIKS_vs_ZJUNlict,2019-07-06_03-11_KIKS-vs-ZJUNlict.log
PageHinkley_ADE_seq2seq_30_15,Erro (online),16100,2019,2019_KIKS_vs_ZJUNlict,2019-07-06_03-11_KIKS-vs-ZJUNlict.log
PageHinkley_ADE_seq2seq_30_15,Erro (online),16243,2019,2019_KIKS_vs_ZJUNlict,2019-07-06_03-11_KIKS-vs-ZJUNlict.log
PageHinkley_ADE_seq2seq_30_15,Erro (online),16437,2019,2019_KIKS_vs_ZJUNlict,2019-07-06_03-11_KIKS-vs-ZJUNlict.log
PageHinkley_ADE_seq2seq_30_15,Erro (online),16494,2019,2019_KIKS_vs_ZJUNlict,2019-07-06_03-11_KIKS-vs-ZJUNlict.log
PageHinkley_ADE_seq2seq_30_15,Erro (online),16603,2019,2019_KIKS_vs_ZJUNlict,2019-07-06_03-11_KIKS-vs-ZJUNlict.log
PageHinkley_ADE_seq2seq_30_15,Erro (online),16655,2019,2019_KIKS_vs_ZJUNlict,2019-07-06_03-11_KIKS-vs-ZJUNlict.log
PageHinkley_ADE_seq2seq_30_15,Erro (online),16691,2019,2019_KIKS_vs_ZJUNlict,2019-07-06_03-11_KIKS-vs-ZJUNlict.log
PageHinkley_ADE_seq2seq_30_15,Erro (online),16789,2019,2019_KIKS_vs_ZJUNlict,2019-07-06_03-11_KIKS-vs-ZJUNlict.log
PageHinkley_ADE_seq2seq_30_15,Erro (online),16829,2019,2019_KIKS_vs_ZJUNlict,2019-07-06_03-11_KIKS-vs-ZJUNlict.log
PageHinkley_ADE_seq2seq_30_15,Erro (online),16880,2019,2019_KIKS_vs_ZJUNlict,2019-07-06_03-11_KIKS-vs-ZJUNlict.log
PageHinkley_ADE_seq2seq_30_15,Erro (online),17047,2019,2019_KIKS_vs_ZJUNlict,2019-07-06_03-11_KIKS-vs-ZJUNlict.log
PageHinkley_ADE_seq2seq_30_15,Erro (online),17103,2019,2019_KIKS_vs_ZJUNlict,2019-07-06_03-11_KIKS-vs-ZJUNlict.log
PageHinkley_ADE_seq2seq_30_15,Erro (online),17145,2019,2019_KIKS_vs_ZJUNlict,2019-07-06_03-11_KIKS-vs-ZJUNlict.log
PageHinkley_ADE_seq2seq_30_15,Erro (online),17284,2019,2019_KIKS_vs_ZJUNlict,2019-07-06_03-11_KIKS-vs-ZJUNlict.log
PageHinkley_ADE_seq2seq_30_15,Erro (online),17371,2019,2019_KIKS_vs_ZJUNlict,2019-07-06_03-11_KIKS-vs-ZJUNlict.log
PageHinkley_ADE_seq2seq_30_15,Erro (online),17495,2019,2019_KIKS_vs_ZJUNlict,2019-07-06_03-11_KIKS-vs-ZJUNlict.log
PageHinkley_ADE_seq2seq_30_15,Erro (online),17558,2019,2019_KIKS_vs_ZJUNlict,2019-07-06_03-11_KIKS-vs-ZJUNlict.log
PageHinkley_ADE_seq2seq_30_15,Erro (online),17602,2019,2019_KIKS_vs_ZJUNlict,2019-07-06_03-11_KIKS-vs-ZJUNlict.log
PageHinkley_ADE_seq2seq_30_15,Erro (online),17754,2019,2019_KIKS_vs_ZJUNlict,2019-07-06_03-11_KIKS-vs-ZJUNlict.log
PageHinkley_ADE_seq2seq_30_15,Erro (online),17968,2019,2019_KIKS_vs_ZJUNlict,2019-07-06_03-11_KIKS-vs-ZJUNlict.log
PageHinkley_ADE_seq2seq_30_15,Erro (online),18080,2019,2019_KIKS_vs_ZJUNlict,2019-07-06_03-11_KIKS-vs-ZJUNlict.log
PageHinkley_ADE_seq2seq_30_15,Erro (online),18161,2019,2019_KIKS_vs_ZJUNlict,2019-07-06_03-11_KIKS-vs-ZJUNlict.log
PageHinkley_ADE_seq2seq_30_15,Erro (online),18210,2019,2019_KIKS_vs_ZJUNlict,2019-07-06_03-11_KIKS-vs-ZJUNlict.log
PageHinkley_ADE_seq2seq_30_15,Erro (online),18246,2019,2019_KIKS_vs_ZJUNlict,2019-07-06_03-11_KIKS-vs-ZJUNlict.log
PageHinkley_ADE_seq2seq_30_15,Erro (online),18308,2019,2019_KIKS_vs_ZJUNlict,2019-07-06_03-11_KIKS-vs-ZJUNlict.log
PageHinkley_ADE_seq2seq_30_15,Erro (online),18372,2019,2019_KIKS_vs_ZJUNlict,2019-07-06_03-11_KIKS-vs-ZJUNlict.log
PageHinkley_ADE_seq2seq_30_15,Erro (online),18426,2019,2019_KIKS_vs_ZJUNlict,2019-07-06_03-11_KIKS-vs-ZJUNlict.log
PageHinkley_ADE_seq2seq_30_15,Erro (online),18598,2019,2019_KIKS_vs_ZJUNlict,2019-07-06_03-11_KIKS-vs-ZJUNlict.log
PageHinkley_ADE_seq2seq_30_15,Erro (online),18661,2019,2019_KIKS_vs_ZJUNlict,2019-07-06_03-11_KIKS-vs-ZJUNlict.log
PageHinkley_ADE_seq2seq_30_15,Erro (online),18742,2019,2019_KIKS_vs_ZJUNlict,2019-07-06_03-11_KIKS-vs-ZJUNlict.log
PageHinkley_ADE_seq2seq_30_15,Erro (online),18818,2019,2019_KIKS_vs_ZJUNlict,2019-07-06_03-11_KIKS-vs-ZJUNlict.log
PageHinkley_ADE_seq2seq_30_15,Erro (online),18881,2019,2019_KIKS_vs_ZJUNlict,2019-07-06_03-11_KIKS-vs-ZJUNlict.log
PageHinkley_ADE_seq2seq_30_15,Erro (online),18955,2019,2019_KIKS_vs_ZJUNlict,2019-07-06_03-11_KIKS-vs-ZJUNlict.log
PageHinkley_ADE_seq2seq_30_15,Erro (online),19062,2019,2019_KIKS_vs_ZJUNlict,2019-07-06_03-11_KIKS-vs-ZJUNlict.log
PageHinkley_ADE_seq2seq_30_15,Erro (online),19153,2019,2019_KIKS_vs_ZJUNlict,2019-07-06_03-11_KIKS-vs-ZJUNlict.log
PageHinkley_ADE_seq2seq_30_15,Erro (online),19229,2019,2019_KIKS_vs_ZJUNlict,2019-07-06_03-11_KIKS-vs-ZJUNlict.log
PageHinkley_ADE_seq2seq_30_15,Erro (online),19259,2019,2019_KIKS_vs_ZJUNlict,2019-07-06_03-11_KIKS-vs-ZJUNlict.log
PageHinkley_ADE_seq2seq_30_15,Erro (online),19335,2019,2019_KIKS_vs_ZJUNlict,2019-07-06_03-11_KIKS-vs-ZJUNlict.log
PageHinkley_ADE_seq2seq_30_15,Erro (online),19438,2019,2019_KIKS_vs_ZJUNlict,2019-07-06_03-11_KIKS-vs-ZJUNlict.log
PageHinkley_ADE_seq2seq_30_15,Erro (online),19480,2019,2019_KIKS_vs_ZJUNlict,2019-07-06_03-11_KIKS-vs-ZJUNlict.log
PageHinkley_ADE_seq2seq_30_15,Erro (online),19544,2019,2019_KIKS_vs_ZJUNlict,2019-07-06_03-11_KIKS-vs-ZJUNlict.log
PageHinkley_ADE_seq2seq_30_15,Erro (online),19713,2019,2019_KIKS_vs_ZJUNlict,2019-07-06_03-11_KIKS-vs-ZJUNlict.log
PageHinkley_ADE_seq2seq_30_15,Erro (online),19763,2019,2019_KIKS_vs_ZJUNlict,2019-07-06_03-11_KIKS-vs-ZJUNlict.log
PageHinkley_ADE_seq2seq_30_15,Erro (online),19837,2019,2019_KIKS_vs_ZJUNlict,2019-07-06_03-11_KIKS-vs-ZJUNlict.log
PageHinkley_ADE_seq2seq_30_15,Erro (online),19887,2019,2019_KIKS_vs_ZJUNlict,2019-07-06_03-11_KIKS-vs-ZJUNlict.log
PageHinkley_ADE_seq2seq_30_15,Erro (online),19917,2019,2019_KIKS_vs_ZJUNlict,2019-07-06_03-11_KIKS-vs-ZJUNlict.log
PageHinkley_ADE_seq2seq_30_15,Erro (online),19996,2019,2019_KIKS_vs_ZJUNlict,2019-07-06_03-11_KIKS-vs-ZJUNlict.log
PageHinkley_ADE_seq2seq_30_15,Erro (online),20108,2019,2019_KIKS_vs_ZJUNlict,2019-07-06_03-11_KIKS-vs-ZJUNlict.log
PageHinkley_ADE_seq2seq_30_15,Erro (online),20183,2019,2019_KIKS_vs_ZJUNlict,2019-07-06_03-11_KIKS-vs-ZJUNlict.log
PageHinkley_ADE_seq2seq_30_15,Erro (online),20246,2019,2019_KIKS_vs_ZJUNlict,2019-07-06_03-11_KIKS-vs-ZJUNlict.log
PageHinkley_ADE_seq2seq_30_15,Erro (online),20287,2019,2019_KIKS_vs_ZJUNlict,2019-07-06_03-11_KIKS-vs-ZJUNlict.log
PageHinkley_ADE_seq2seq_30_15,Erro (online),20397,2019,2019_KIKS_vs_ZJUNlict,2019-07-06_03-11_KIKS-vs-ZJUNlict.log
PageHinkley_ADE_seq2seq_30_15,Erro (online),20447,2019,2019_KIKS_vs_ZJUNlict,2019-07-06_03-11_KIKS-vs-ZJUNlict.log
PageHinkley_ADE_seq2seq_30_15,Erro (online),20488,2019,2019_KIKS_vs_ZJUNlict,2019-07-06_03-11_KIKS-vs-ZJUNlict.log
PageHinkley_ADE_seq2seq_30_15,Erro (online),20635,2019,2019_KIKS_vs_ZJUNlict,2019-07-06_03-11_KIKS-vs-ZJUNlict.log
PageHinkley_ADE_seq2seq_30_15,Erro (online),20737,2019,2019_KIKS_vs_ZJUNlict,2019-07-06_03-11_KIKS-vs-ZJUNlict.log
PageHinkley_ADE_seq2seq_30_15,Erro (online),20897,2019,2019_KIKS_vs_ZJUNlict,2019-07-06_03-11_KIKS-vs-ZJUNlict.log
PageHinkley_ADE_seq2seq_30_15,Erro (online),20927,2019,2019_KIKS_vs_ZJUNlict,2019-07-06_03-11_KIKS-vs-ZJUNlict.log
PageHinkley_ADE_seq2seq_30_15,Erro (online),20977,2019,2019_KIKS_vs_ZJUNlict,2019-07-06_03-11_KIKS-vs-ZJUNlict.log
PageHinkley_ADE_seq2seq_30_15,Erro (online),21014,2019,2019_KIKS_vs_ZJUNlict,2019-07-06_03-11_KIKS-vs-ZJUNlict.log
PageHinkley_ADE_seq2seq_30_15,Erro (online),21104,2019,2019_KIKS_vs_ZJUNlict,2019-07-06_03-11_KIKS-vs-ZJUNlict.log
PageHinkley_ADE_seq2seq_30_15,Erro (online),21186,2019,2019_KIKS_vs_ZJUNlict,2019-07-06_03-11_KIKS-vs-ZJUNlict.log
PageHinkley_ADE_seq2seq_30_15,Erro (online),21216,2019,2019_KIKS_vs_ZJUNlict,2019-07-06_03-11_KIKS-vs-ZJUNlict.log
PageHinkley_ADE_seq2seq_30_15,Erro (online),21253,2019,2019_KIKS_vs_ZJUNlict,2019-07-06_03-11_KIKS-vs-ZJUNlict.log
PageHinkley_ADE_seq2seq_30_15,Erro (online),21293,2019,2019_KIKS_vs_ZJUNlict,2019-07-06_03-11_KIKS-vs-ZJUNlict.log
PageHinkley_ADE_seq2seq_30_15,Erro (online),21397,2019,2019_KIKS_vs_ZJUNlict,2019-07-06_03-11_KIKS-vs-ZJUNlict.log
PageHinkley_ADE_seq2seq_30_15,Erro (online),21600,2019,2019_KIKS_vs_ZJUNlict,2019-07-06_03-11_KIKS-vs-ZJUNlict.log
PageHinkley_ADE_seq2seq_30_15,Erro (online),21630,2019,2019_KIKS_vs_ZJUNlict,2019-07-06_03-11_KIKS-vs-ZJUNlict.log
PageHinkley_ADE_seq2seq_30_15,Erro (online),21693,2019,2019_KIKS_vs_ZJUNlict,2019-07-06_03-11_KIKS-vs-ZJUNlict.log
PageHinkley_ADE_seq2seq_30_15,Erro (online),21787,2019,2019_KIKS_vs_ZJUNlict,2019-07-06_03-11_KIKS-vs-ZJUNlict.log
PageHinkley_ADE_seq2seq_30_15,Erro (online),21817,2019,2019_KIKS_vs_ZJUNlict,2019-07-06_03-11_KIKS-vs-ZJUNlict.log
PageHinkley_ADE_seq2seq_30_15,Erro (online),21907,2019,2019_KIKS_vs_ZJUNlict,2019-07-06_03-11_KIKS-vs-ZJUNlict.log
PageHinkley_ADE_seq2seq_30_15,Erro (online),21962,2019,2019_KIKS_vs_ZJUNlict,2019-07-06_03-11_KIKS-vs-ZJUNlict.log
PageHinkley_ADE_seq2seq_30_15,Erro (online),21992,2019,2019_KIKS_vs_ZJUNlict,2019-07-06_03-11_KIKS-vs-ZJUNlict.log
PageHinkley_ADE_seq2seq_30_15,Erro (online),22040,2019,2019_KIKS_vs_ZJUNlict,2019-07-06_03-11_KIKS-vs-ZJUNlict.log
PageHinkley_ADE_seq2seq_30_15,Erro (online),22111,2019,2019_KIKS_vs_ZJUNlict,2019-07-06_03-11_KIKS-vs-ZJUNlict.log
PageHinkley_ADE_seq2seq_30_15,Erro (online),22230,2019,2019_KIKS_vs_ZJUNlict,2019-07-06_03-11_KIKS-vs-ZJUNlict.log
PageHinkley_ADE_seq2seq_30_15,Erro (online),22344,2019,2019_KIKS_vs_ZJUNlict,2019-07-06_03-11_KIKS-vs-ZJUNlict.log
PageHinkley_ADE_seq2seq_30_15,Erro (online),22420,2019,2019_KIKS_vs_ZJUNlict,2019-07-06_03-11_KIKS-vs-ZJUNlict.log
PageHinkley_ADE_seq2seq_30_15,Erro (online),22494,2019,2019_KIKS_vs_ZJUNlict,2019-07-06_03-11_KIKS-vs-ZJUNlict.log
PageHinkley_ADE_seq2seq_30_15,Erro (online),22654,2019,2019_KIKS_vs_ZJUNlict,2019-07-06_03-11_KIKS-vs-ZJUNlict.log
PageHinkley_ADE_seq2seq_30_15,Erro (online),22729,2019,2019_KIKS_vs_ZJUNlict,2019-07-06_03-11_KIKS-vs-ZJUNlict.log
PageHinkley_ADE_seq2seq_30_15,Erro (online),22798,2019,2019_KIKS_vs_ZJUNlict,2019-07-06_03-11_KIKS-vs-ZJUNlict.log
PageHinkley_ADE_seq2seq_30_15,Erro (online),22960,2019,2019_KIKS_vs_ZJUNlict,2019-07-06_03-11_KIKS-vs-ZJUNlict.log
PageHinkley_ADE_seq2seq_30_15,Erro (online),23083,2019,2019_KIKS_vs_ZJUNlict,2019-07-06_03-11_KIKS-vs-ZJUNlict.log
PageHinkley_ADE_seq2seq_30_15,Erro (online),23134,2019,2019_KIKS_vs_ZJUNlict,2019-07-06_03-11_KIKS-vs-ZJUNlict.log
PageHinkley_ADE_seq2seq_30_15,Erro (online),23209,2019,2019_KIKS_vs_ZJUNlict,2019-07-06_03-11_KIKS-vs-ZJUNlict.log
PageHinkley_ADE_seq2seq_30_15,Erro (online),23265,2019,2019_KIKS_vs_ZJUNlict,2019-07-06_03-11_KIKS-vs-ZJUNlict.log
PageHinkley_ADE_seq2seq_30_15,Erro (online),23327,2019,2019_KIKS_vs_ZJUNlict,2019-07-06_03-11_KIKS-vs-ZJUNlict.log
PageHinkley_ADE_seq2seq_30_15,Erro (online),23361,2019,2019_KIKS_vs_ZJUNlict,2019-07-06_03-11_KIKS-vs-ZJUNlict.log
PageHinkley_ADE_seq2seq_30_15,Erro (online),23450,2019,2019_KIKS_vs_ZJUNlict,2019-07-06_03-11_KIKS-vs-ZJUNlict.log
PageHinkley_ADE_seq2seq_30_15,Erro (online),23483,2019,2019_KIKS_vs_ZJUNlict,2019-07-06_03-11_KIKS-vs-ZJUNlict.log
PageHinkley_ADE_seq2seq_30_15,Erro (online),23573,2019,2019_KIKS_vs_ZJUNlict,2019-07-06_03-11_KIKS-vs-ZJUNlict.log
PageHinkley_ADE_seq2seq_30_15,Erro (online),23683,2019,2019_KIKS_vs_ZJUNlict,2019-07-06_03-11_KIKS-vs-ZJUNlict.log
PageHinkley_ADE_seq2seq_30_15,Erro (online),23760,2019,2019_KIKS_vs_ZJUNlict,2019-07-06_03-11_KIKS-vs-ZJUNlict.log
PageHinkley_ADE_seq2seq_30_15,Erro (online),23800,2019,2019_KIKS_vs_ZJUNlict,2019-07-06_03-11_KIKS-vs-ZJUNlict.log
PageHinkley_ADE_seq2seq_30_15,Erro (online),23860,2019,2019_KIKS_vs_ZJUNlict,2019-07-06_03-11_KIKS-vs-ZJUNlict.log
PageHinkley_ADE_seq2seq_30_15,Erro (online),23890,2019,2019_KIKS_vs_ZJUNlict,2019-07-06_03-11_KIKS-vs-ZJUNlict.log
PageHinkley_ADE_seq2seq_30_15,Erro (online),23963,2019,2019_KIKS_vs_ZJUNlict,2019-07-06_03-11_KIKS-vs-ZJUNlict.log
PageHinkley_ADE_seq2seq_30_15,Erro (online),24016,2021,2021_ERForce_vs_TIGERs,2021-06-24_14-36_ER-Force-vs-TIGERs_Mannheim.log
PageHinkley_ADE_seq2seq_30_15,Erro (online),24066,2021,2021_ERForce_vs_TIGERs,2021-06-24_14-36_ER-Force-vs-TIGERs_Mannheim.log
PageHinkley_ADE_seq2seq_30_15,Erro (online),24152,2021,2021_ERForce_vs_TIGERs,2021-06-24_14-36_ER-Force-vs-TIGERs_Mannheim.log
PageHinkley_ADE_seq2seq_30_15,Erro (online),24218,2021,2021_ERForce_vs_TIGERs,2021-06-24_14-36_ER-Force-vs-TIGERs_Mannheim.log
PageHinkley_ADE_seq2seq_30_15,Erro (online),24290,2021,2021_ERForce_vs_TIGERs,2021-06-24_14-36_ER-Force-vs-TIGERs_Mannheim.log
PageHinkley_ADE_seq2seq_30_15,Erro (online),24320,2021,2021_ERForce_vs_TIGERs,2021-06-24_14-36_ER-Force-vs-TIGERs_Mannheim.log
PageHinkley_ADE_seq2seq_30_15,Erro (online),24350,2021,2021_ERForce_vs_TIGERs,2021-06-24_14-36_ER-Force-vs-TIGERs_Mannheim.log
PageHinkley_ADE_seq2seq_30_15,Erro (online),24412,2021,2021_ERForce_vs_TIGERs,2021-06-24_14-36_ER-Force-vs-TIGERs_Mannheim.log
PageHinkley_ADE_seq2seq_30_15,Erro (online),24558,2021,2021_ERForce_vs_TIGERs,2021-06-24_14-36_ER-Force-vs-TIGERs_Mannheim.log
PageHinkley_ADE_seq2seq_30_15,Erro (online),24641,2021,2021_ERForce_vs_TIGERs,2021-06-24_14-36_ER-Force-vs-TIGERs_Mannheim.log
PageHinkley_ADE_seq2seq_30_15,Erro (online),24695,2021,2021_ERForce_vs_TIGERs,2021-06-24_14-36_ER-Force-vs-TIGERs_Mannheim.log
PageHinkley_ADE_seq2seq_30_15,Erro (online),24727,2021,2021_ERForce_vs_TIGERs,2021-06-24_14-36_ER-Force-vs-TIGERs_Mannheim.log
PageHinkley_ADE_seq2seq_30_15,Erro (online),24803,2021,2021_ERForce_vs_TIGERs,2021-06-24_14-36_ER-Force-vs-TIGERs_Mannheim.log
PageHinkley_ADE_seq2seq_30_15,Erro (online),24836,2021,2021_ERForce_vs_TIGERs,2021-06-24_14-36_ER-Force-vs-TIGERs_Mannheim.log
PageHinkley_ADE_seq2seq_30_15,Erro (online),24913,2021,2021_ERForce_vs_TIGERs,2021-06-24_14-36_ER-Force-vs-TIGERs_Mannheim.log
PageHinkley_ADE_seq2seq_30_15,Erro (online),24943,2021,2021_ERForce_vs_TIGERs,2021-06-24_14-36_ER-Force-vs-TIGERs_Mannheim.log
PageHinkley_ADE_seq2seq_30_15,Erro (online),24986,2021,2021_ERForce_vs_TIGERs,2021-06-24_14-36_ER-Force-vs-TIGERs_Mannheim.log
PageHinkley_ADE_seq2seq_30_15,Erro (online),25021,2021,2021_ERForce_vs_TIGERs,2021-06-24_14-36_ER-Force-vs-TIGERs_Mannheim.log
PageHinkley_ADE_seq2seq_30_15,Erro (online),25102,2021,2021_ERForce_vs_TIGERs,2021-06-24_14-36_ER-Force-vs-TIGERs_Mannheim.log
PageHinkley_ADE_seq2seq_30_15,Erro (online),25170,2021,2021_ERForce_vs_TIGERs,2021-06-24_14-36_ER-Force-vs-TIGERs_Mannheim.log
PageHinkley_ADE_seq2seq_30_15,Erro (online),25231,2021,2021_ERForce_vs_TIGERs,2021-06-24_14-36_ER-Force-vs-TIGERs_Mannheim.log
PageHinkley_ADE_seq2seq_30_15,Erro (online),25278,2021,2021_ERForce_vs_TIGERs,2021-06-24_14-36_ER-Force-vs-TIGERs_Mannheim.log
PageHinkley_ADE_seq2seq_30_15,Erro (online),25348,2021,2021_ERForce_vs_TIGERs,2021-06-24_14-36_ER-Force-vs-TIGERs_Mannheim.log
PageHinkley_ADE_seq2seq_30_15,Erro (online),25443,2021,2021_ERForce_vs_TIGERs,2021-06-24_14-36_ER-Force-vs-TIGERs_Mannheim.log
PageHinkley_ADE_seq2seq_30_15,Erro (online),25500,2021,2021_ERForce_vs_TIGERs,2021-06-24_14-36_ER-Force-vs-TIGERs_Mannheim.log
PageHinkley_ADE_seq2seq_30_15,Erro (online),25552,2021,2021_ERForce_vs_TIGERs,2021-06-24_14-36_ER-Force-vs-TIGERs_Mannheim.log
PageHinkley_ADE_seq2seq_30_15,Erro (online),25599,2021,2021_ERForce_vs_TIGERs,2021-06-24_14-36_ER-Force-vs-TIGERs_Mannheim.log
PageHinkley_ADE_seq2seq_30_15,Erro (online),25704,2021,2021_ERForce_vs_TIGERs,2021-06-24_14-36_ER-Force-vs-TIGERs_Mannheim.log
PageHinkley_ADE_seq2seq_30_15,Erro (online),25860,2021,2021_ERForce_vs_TIGERs,2021-06-24_14-36_ER-Force-vs-TIGERs_Mannheim.log
PageHinkley_ADE_seq2seq_30_15,Erro (online),25897,2021,2021_ERForce_vs_TIGERs,2021-06-24_14-36_ER-Force-vs-TIGERs_Mannheim.log
PageHinkley_ADE_seq2seq_30_15,Erro (online),25933,2021,2021_ERForce_vs_TIGERs,2021-06-24_14-36_ER-Force-vs-TIGERs_Mannheim.log
PageHinkley_ADE_seq2seq_30_15,Erro (online),25995,2021,2021_ERForce_vs_TIGERs,2021-06-24_14-36_ER-Force-vs-TIGERs_Mannheim.log
PageHinkley_ADE_seq2seq_30_15,Erro (online),26051,2021,2021_ERForce_vs_TIGERs,2021-06-24_14-36_ER-Force-vs-TIGERs_Mannheim.log
PageHinkley_ADE_seq2seq_30_15,Erro (online),26081,2021,2021_ERForce_vs_TIGERs,2021-06-24_14-36_ER-Force-vs-TIGERs_Mannheim.log
PageHinkley_ADE_seq2seq_30_15,Erro (online),26113,2021,2021_ERForce_vs_TIGERs,2021-06-24_14-36_ER-Force-vs-TIGERs_Mannheim.log
PageHinkley_ADE_seq2seq_30_15,Erro (online),26143,2021,2021_ERForce_vs_TIGERs,2021-06-24_14-36_ER-Force-vs-TIGERs_Mannheim.log
PageHinkley_ADE_seq2seq_30_15,Erro (online),26199,2021,2021_ERForce_vs_TIGERs,2021-06-24_14-36_ER-Force-vs-TIGERs_Mannheim.log
PageHinkley_ADE_seq2seq_30_15,Erro (online),26261,2021,2021_ERForce_vs_TIGERs,2021-06-24_14-36_ER-Force-vs-TIGERs_Mannheim.log
PageHinkley_ADE_seq2seq_30_15,Erro (online),26349,2021,2021_ERForce_vs_TIGERs,2021-06-24_14-36_ER-Force-vs-TIGERs_Mannheim.log
PageHinkley_ADE_seq2seq_30_15,Erro (online),26379,2021,2021_ERForce_vs_TIGERs,2021-06-24_14-36_ER-Force-vs-TIGERs_Mannheim.log
PageHinkley_ADE_seq2seq_30_15,Erro (online),26466,2021,2021_ERForce_vs_TIGERs,2021-06-24_14-36_ER-Force-vs-TIGERs_Mannheim.log
PageHinkley_ADE_seq2seq_30_15,Erro (online),26562,2021,2021_ERForce_vs_TIGERs,2021-06-24_14-36_ER-Force-vs-TIGERs_Mannheim.log
PageHinkley_ADE_seq2seq_30_15,Erro (online),26592,2021,2021_ERForce_vs_TIGERs,2021-06-24_14-36_ER-Force-vs-TIGERs_Mannheim.log
PageHinkley_ADE_seq2seq_30_15,Erro (online),26623,2021,2021_ERForce_vs_TIGERs,2021-06-24_14-36_ER-Force-vs-TIGERs_Mannheim.log
PageHinkley_ADE_seq2seq_30_15,Erro (online),26685,2021,2021_ERForce_vs_TIGERs,2021-06-24_14-36_ER-Force-vs-TIGERs_Mannheim.log
PageHinkley_ADE_seq2seq_30_15,Erro (online),26824,2021,2021_ERForce_vs_TIGERs,2021-06-24_14-36_ER-Force-vs-TIGERs_Mannheim.log
PageHinkley_ADE_seq2seq_30_15,Erro (online),26949,2021,2021_ERForce_vs_TIGERs,2021-06-24_14-36_ER-Force-vs-TIGERs_Mannheim.log
PageHinkley_ADE_seq2seq_30_15,Erro (online),27026,2021,2021_ERForce_vs_TIGERs,2021-06-24_14-36_ER-Force-vs-TIGERs_Mannheim.log
PageHinkley_ADE_seq2seq_30_15,Erro (online),27091,2021,2021_ERForce_vs_TIGERs,2021-06-24_14-36_ER-Force-vs-TIGERs_Mannheim.log
PageHinkley_ADE_seq2seq_30_15,Erro (online),27147,2021,2021_ERForce_vs_TIGERs,2021-06-24_14-36_ER-Force-vs-TIGERs_Mannheim.log
PageHinkley_ADE_seq2seq_30_15,Erro (online),27177,2021,2021_ERForce_vs_TIGERs,2021-06-24_14-36_ER-Force-vs-TIGERs_Mannheim.log
PageHinkley_ADE_seq2seq_30_15,Erro (online),27218,2021,2021_ERForce_vs_TIGERs,2021-06-24_14-36_ER-Force-vs-TIGERs_Mannheim.log
PageHinkley_ADE_seq2seq_30_15,Erro (online),27248,2021,2021_ERForce_vs_TIGERs,2021-06-24_14-36_ER-Force-vs-TIGERs_Mannheim.log
PageHinkley_ADE_seq2seq_30_15,Erro (online),27284,2021,2021_ERForce_vs_TIGERs,2021-06-24_14-36_ER-Force-vs-TIGERs_Mannheim.log
PageHinkley_ADE_seq2seq_30_15,Erro (online),27314,2021,2021_ERForce_vs_TIGERs,2021-06-24_14-36_ER-Force-vs-TIGERs_Mannheim.log
PageHinkley_ADE_seq2seq_30_15,Erro (online),27348,2021,2021_ERForce_vs_TIGERs,2021-06-24_14-36_ER-Force-vs-TIGERs_Mannheim.log
PageHinkley_ADE_seq2seq_30_15,Erro (online),27435,2021,2021_ERForce_vs_TIGERs,2021-06-24_14-36_ER-Force-vs-TIGERs_Mannheim.log
PageHinkley_ADE_seq2seq_30_15,Erro (online),27480,2021,2021_ERForce_vs_TIGERs,2021-06-24_14-36_ER-Force-vs-TIGERs_Mannheim.log
PageHinkley_ADE_seq2seq_30_15,Erro (online),27538,2021,2021_ERForce_vs_TIGERs,2021-06-24_14-36_ER-Force-vs-TIGERs_Mannheim.log
PageHinkley_ADE_seq2seq_30_15,Erro (online),27578,2021,2021_ERForce_vs_TIGERs,2021-06-24_14-36_ER-Force-vs-TIGERs_Mannheim.log
PageHinkley_ADE_seq2seq_30_15,Erro (online),27619,2021,2021_ERForce_vs_TIGERs,2021-06-24_14-36_ER-Force-vs-TIGERs_Mannheim.log
PageHinkley_ADE_seq2seq_30_15,Erro (online),27711,2021,2021_ERForce_vs_TIGERs,2021-06-24_14-36_ER-Force-vs-TIGERs_Mannheim.log
PageHinkley_ADE_seq2seq_30_15,Erro (online),27741,2021,2021_ERForce_vs_TIGERs,2021-06-24_14-36_ER-Force-vs-TIGERs_Mannheim.log
PageHinkley_ADE_seq2seq_30_15,Erro (online),27797,2021,2021_ERForce_vs_TIGERs,2021-06-24_14-36_ER-Force-vs-TIGERs_Mannheim.log
PageHinkley_ADE_seq2seq_30_15,Erro (online),27915,2021,2021_ERForce_vs_TIGERs,2021-06-24_14-36_ER-Force-vs-TIGERs_Mannheim.log
PageHinkley_ADE_seq2seq_30_15,Erro (online),27957,2021,2021_ERForce_vs_TIGERs,2021-06-24_14-36_ER-Force-vs-TIGERs_Mannheim.log
PageHinkley_ADE_seq2seq_30_15,Erro (online),28033,2021,2021_ERForce_vs_TIGERs,2021-06-24_14-36_ER-Force-vs-TIGERs_Mannheim.log
PageHinkley_ADE_seq2seq_30_15,Erro (online),28133,2021,2021_ERForce_vs_TIGERs,2021-06-24_14-36_ER-Force-vs-TIGERs_Mannheim.log
PageHinkley_ADE_seq2seq_30_15,Erro (online),28170,2021,2021_ERForce_vs_TIGERs,2021-06-24_14-36_ER-Force-vs-TIGERs_Mannheim.log
PageHinkley_ADE_seq2seq_30_15,Erro (online),28313,2021,2021_ERForce_vs_TIGERs,2021-06-24_14-36_ER-Force-vs-TIGERs_Mannheim.log
PageHinkley_ADE_seq2seq_30_15,Erro (online),28491,2021,2021_ERForce_vs_TIGERs,2021-06-24_14-36_ER-Force-vs-TIGERs_Mannheim.log
PageHinkley_ADE_seq2seq_30_15,Erro (online),28561,2021,2021_ERForce_vs_TIGERs,2021-06-24_14-36_ER-Force-vs-TIGERs_Mannheim.log
PageHinkley_ADE_seq2seq_30_15,Erro (online),28638,2021,2021_ERForce_vs_TIGERs,2021-06-24_14-36_ER-Force-vs-TIGERs_Mannheim.log
PageHinkley_ADE_seq2seq_30_15,Erro (online),28668,2021,2021_ERForce_vs_TIGERs,2021-06-24_14-36_ER-Force-vs-TIGERs_Mannheim.log
PageHinkley_ADE_seq2seq_30_15,Erro (online),28700,2021,2021_ERForce_vs_TIGERs,2021-06-24_14-36_ER-Force-vs-TIGERs_Mannheim.log
PageHinkley_ADE_seq2seq_30_15,Erro (online),28801,2021,2021_ERForce_vs_TIGERs,2021-06-24_14-36_ER-Force-vs-TIGERs_Mannheim.log
PageHinkley_ADE_seq2seq_30_15,Erro (online),28865,2021,2021_ERForce_vs_TIGERs,2021-06-24_14-36_ER-Force-vs-TIGERs_Mannheim.log
PageHinkley_ADE_seq2seq_30_15,Erro (online),28952,2021,2021_ERForce_vs_TIGERs,2021-06-24_14-36_ER-Force-vs-TIGERs_Mannheim.log
PageHinkley_ADE_seq2seq_30_15,Erro (online),29111,2021,2021_ERForce_vs_TIGERs,2021-06-24_14-36_ER-Force-vs-TIGERs_Mannheim.log
PageHinkley_ADE_seq2seq_30_15,Erro (online),29214,2021,2021_ERForce_vs_TIGERs,2021-06-24_14-36_ER-Force-vs-TIGERs_Mannheim.log
PageHinkley_ADE_seq2seq_30_15,Erro (online),29267,2021,2021_ERForce_vs_TIGERs,2021-06-24_14-36_ER-Force-vs-TIGERs_Mannheim.log
PageHinkley_ADE_seq2seq_30_15,Erro (online),29297,2021,2021_ERForce_vs_TIGERs,2021-06-24_14-36_ER-Force-vs-TIGERs_Mannheim.log
PageHinkley_ADE_seq2seq_30_15,Erro (online),29341,2021,2021_ERForce_vs_TIGERs,2021-06-24_14-36_ER-Force-vs-TIGERs_Mannheim.log
PageHinkley_ADE_seq2seq_30_15,Erro (online),29400,2021,2021_ERForce_vs_TIGERs,2021-06-24_14-36_ER-Force-vs-TIGERs_Mannheim.log
PageHinkley_ADE_seq2seq_30_15,Erro (online),29445,2021,2021_ERForce_vs_TIGERs,2021-06-24_14-36_ER-Force-vs-TIGERs_Mannheim.log
PageHinkley_ADE_seq2seq_30_15,Erro (online),29711,2021,2021_ERForce_vs_TIGERs,2021-06-24_14-36_ER-Force-vs-TIGERs_Mannheim.log
PageHinkley_ADE_seq2seq_30_15,Erro (online),29783,2021,2021_ERForce_vs_TIGERs,2021-06-24_14-36_ER-Force-vs-TIGERs_Mannheim.log
PageHinkley_ADE_seq2seq_30_15,Erro (online),29842,2021,2021_ERForce_vs_TIGERs,2021-06-24_14-36_ER-Force-vs-TIGERs_Mannheim.log
PageHinkley_ADE_seq2seq_30_15,Erro (online),29894,2021,2021_ERForce_vs_TIGERs,2021-06-24_14-36_ER-Force-vs-TIGERs_Mannheim.log
PageHinkley_ADE_seq2seq_30_15,Erro (online),29940,2021,2021_ERForce_vs_TIGERs,2021-06-24_14-36_ER-Force-vs-TIGERs_Mannheim.log
PageHinkley_ADE_seq2seq_30_15,Erro (online),30069,2021,2021_ERForce_vs_TIGERs,2021-06-24_14-36_ER-Force-vs-TIGERs_Mannheim.log
PageHinkley_ADE_seq2seq_30_15,Erro (online),30204,2021,2021_ERForce_vs_TIGERs,2021-06-24_14-36_ER-Force-vs-TIGERs_Mannheim.log
PageHinkley_ADE_seq2seq_30_15,Erro (online),30344,2021,2021_ERForce_vs_TIGERs,2021-06-24_14-36_ER-Force-vs-TIGERs_Mannheim.log
PageHinkley_ADE_seq2seq_30_15,Erro (online),30382,2021,2021_ERForce_vs_TIGERs,2021-06-24_14-36_ER-Force-vs-TIGERs_Mannheim.log
PageHinkley_ADE_seq2seq_30_15,Erro (online),30524,2021,2021_ERForce_vs_TIGERs,2021-06-24_14-36_ER-Force-vs-TIGERs_Mannheim.log
PageHinkley_ADE_seq2seq_30_15,Erro (online),30559,2021,2021_ERForce_vs_TIGERs,2021-06-24_14-36_ER-Force-vs-TIGERs_Mannheim.log
PageHinkley_ADE_seq2seq_30_15,Erro (online),30685,2021,2021_ERForce_vs_TIGERs,2021-06-24_14-36_ER-Force-vs-TIGERs_Mannheim.log
PageHinkley_ADE_seq2seq_30_15,Erro (online),30715,2021,2021_ERForce_vs_TIGERs,2021-06-24_14-36_ER-Force-vs-TIGERs_Mannheim.log
PageHinkley_ADE_seq2seq_30_15,Erro (online),30766,2021,2021_ERForce_vs_TIGERs,2021-06-24_14-36_ER-Force-vs-TIGERs_Mannheim.log
PageHinkley_ADE_seq2seq_30_15,Erro (online),30802,2021,2021_ERForce_vs_TIGERs,2021-06-24_14-36_ER-Force-vs-TIGERs_Mannheim.log
PageHinkley_ADE_seq2seq_30_15,Erro (online),30872,2021,2021_ERForce_vs_TIGERs,2021-06-24_14-36_ER-Force-vs-TIGERs_Mannheim.log
PageHinkley_ADE_seq2seq_30_15,Erro (online),30952,2021,2021_ERForce_vs_TIGERs,2021-06-24_14-36_ER-Force-vs-TIGERs_Mannheim.log
PageHinkley_ADE_seq2seq_30_15,Erro (online),31069,2021,2021_ERForce_vs_TIGERs,2021-06-24_14-36_ER-Force-vs-TIGERs_Mannheim.log
PageHinkley_ADE_seq2seq_30_15,Erro (online),31102,2021,2021_ERForce_vs_TIGERs,2021-06-24_14-36_ER-Force-vs-TIGERs_Mannheim.log
PageHinkley_ADE_seq2seq_30_15,Erro (online),31175,2021,2021_ERForce_vs_TIGERs,2021-06-24_14-36_ER-Force-vs-TIGERs_Mannheim.log
PageHinkley_ADE_seq2seq_30_15,Erro (online),31318,2021,2021_ERForce_vs_TIGERs,2021-06-24_14-36_ER-Force-vs-TIGERs_Mannheim.log
PageHinkley_ADE_seq2seq_30_15,Erro (online),31396,2021,2021_ERForce_vs_TIGERs,2021-06-24_14-36_ER-Force-vs-TIGERs_Mannheim.log
PageHinkley_ADE_seq2seq_30_15,Erro (online),31456,2021,2021_ERForce_vs_TIGERs,2021-06-24_14-36_ER-Force-vs-TIGERs_Mannheim.log
PageHinkley_ADE_seq2seq_30_15,Erro (online),31625,2021,2021_ERForce_vs_TIGERs,2021-06-24_14-36_ER-Force-vs-TIGERs_Mannheim.log
PageHinkley_ADE_seq2seq_30_15,Erro (online),31658,2021,2021_ERForce_vs_TIGERs,2021-06-24_14-36_ER-Force-vs-TIGERs_Mannheim.log
PageHinkley_ADE_seq2seq_30_15,Erro (online),31723,2021,2021_ERForce_vs_TIGERs,2021-06-24_14-36_ER-Force-vs-TIGERs_Mannheim.log
PageHinkley_ADE_seq2seq_30_15,Erro (online),31848,2021,2021_ERForce_vs_TIGERs,2021-06-24_14-36_ER-Force-vs-TIGERs_Mannheim.log
PageHinkley_ADE_seq2seq_30_15,Erro (online),31881,2021,2021_ERForce_vs_TIGERs,2021-06-24_14-36_ER-Force-vs-TIGERs_Mannheim.log
PageHinkley_ADE_seq2seq_30_15,Erro (online),31935,2021,2021_ERForce_vs_TIGERs,2021-06-24_14-36_ER-Force-vs-TIGERs_Mannheim.log
PageHinkley_ADE_seq2seq_30_15,Erro (online),31965,2021,2021_ERForce_vs_TIGERs,2021-06-24_14-36_ER-Force-vs-TIGERs_Mannheim.log
PageHinkley_ADE_seq2seq_30_15,Erro (online),32057,2021,2021_RoboTeam_Twente_vs_ERForce,2021-06-21_07-06_RoboTeam_Twente-vs-ER-Force.log
PageHinkley_ADE_seq2seq_30_15,Erro (online),32087,2021,2021_RoboTeam_Twente_vs_ERForce,2021-06-21_07-06_RoboTeam_Twente-vs-ER-Force.log
PageHinkley_ADE_seq2seq_30_15,Erro (online),32137,2021,2021_RoboTeam_Twente_vs_ERForce,2021-06-21_07-06_RoboTeam_Twente-vs-ER-Force.log
PageHinkley_ADE_seq2seq_30_15,Erro (online),32167,2021,2021_RoboTeam_Twente_vs_ERForce,2021-06-21_07-06_RoboTeam_Twente-vs-ER-Force.log
PageHinkley_ADE_seq2seq_30_15,Erro (online),32197,2021,2021_RoboTeam_Twente_vs_ERForce,2021-06-21_07-06_RoboTeam_Twente-vs-ER-Force.log
PageHinkley_ADE_seq2seq_30_15,Erro (online),32231,2021,2021_RoboTeam_Twente_vs_ERForce,2021-06-21_07-06_RoboTeam_Twente-vs-ER-Force.log
PageHinkley_ADE_seq2seq_30_15,Erro (online),32328,2021,2021_RoboTeam_Twente_vs_ERForce,2021-06-21_07-06_RoboTeam_Twente-vs-ER-Force.log
PageHinkley_ADE_seq2seq_30_15,Erro (online),32413,2021,2021_RoboTeam_Twente_vs_ERForce,2021-06-21_07-06_RoboTeam_Twente-vs-ER-Force.log
PageHinkley_ADE_seq2seq_30_15,Erro (online),32454,2021,2021_RoboTeam_Twente_vs_ERForce,2021-06-21_07-06_RoboTeam_Twente-vs-ER-Force.log
PageHinkley_ADE_seq2seq_30_15,Erro (online),32567,2021,2021_RoboTeam_Twente_vs_ERForce,2021-06-21_07-06_RoboTeam_Twente-vs-ER-Force.log
PageHinkley_ADE_seq2seq_30_15,Erro (online),32603,2021,2021_RoboTeam_Twente_vs_ERForce,2021-06-21_07-06_RoboTeam_Twente-vs-ER-Force.log
PageHinkley_ADE_seq2seq_30_15,Erro (online),32649,2021,2021_RoboTeam_Twente_vs_ERForce,2021-06-21_07-06_RoboTeam_Twente-vs-ER-Force.log
PageHinkley_ADE_seq2seq_30_15,Erro (online),32710,2021,2021_RoboTeam_Twente_vs_ERForce,2021-06-21_07-06_RoboTeam_Twente-vs-ER-Force.log
PageHinkley_ADE_seq2seq_30_15,Erro (online),32761,2021,2021_RoboTeam_Twente_vs_ERForce,2021-06-21_07-06_RoboTeam_Twente-vs-ER-Force.log
PageHinkley_ADE_seq2seq_30_15,Erro (online),32930,2021,2021_RoboTeam_Twente_vs_ERForce,2021-06-21_07-06_RoboTeam_Twente-vs-ER-Force.log
PageHinkley_ADE_seq2seq_30_15,Erro (online),32992,2021,2021_RoboTeam_Twente_vs_ERForce,2021-06-21_07-06_RoboTeam_Twente-vs-ER-Force.log
PageHinkley_ADE_seq2seq_30_15,Erro (online),33048,2021,2021_RoboTeam_Twente_vs_ERForce,2021-06-21_07-06_RoboTeam_Twente-vs-ER-Force.log
PageHinkley_ADE_seq2seq_30_15,Erro (online),33078,2021,2021_RoboTeam_Twente_vs_ERForce,2021-06-21_07-06_RoboTeam_Twente-vs-ER-Force.log
PageHinkley_ADE_seq2seq_30_15,Erro (online),33319,2021,2021_RoboTeam_Twente_vs_ERForce,2021-06-21_07-06_RoboTeam_Twente-vs-ER-Force.log
PageHinkley_ADE_seq2seq_30_15,Erro (online),33482,2021,2021_RoboTeam_Twente_vs_ERForce,2021-06-21_07-06_RoboTeam_Twente-vs-ER-Force.log
PageHinkley_ADE_seq2seq_30_15,Erro (online),33586,2021,2021_RoboTeam_Twente_vs_ERForce,2021-06-21_07-06_RoboTeam_Twente-vs-ER-Force.log
PageHinkley_ADE_seq2seq_30_15,Erro (online),33656,2021,2021_RoboTeam_Twente_vs_ERForce,2021-06-21_07-06_RoboTeam_Twente-vs-ER-Force.log
PageHinkley_ADE_seq2seq_30_15,Erro (online),33761,2021,2021_RoboTeam_Twente_vs_ERForce,2021-06-21_07-06_RoboTeam_Twente-vs-ER-Force.log
PageHinkley_ADE_seq2seq_30_15,Erro (online),33841,2021,2021_RoboTeam_Twente_vs_ERForce,2021-06-21_07-06_RoboTeam_Twente-vs-ER-Force.log
PageHinkley_ADE_seq2seq_30_15,Erro (online),33888,2021,2021_RoboTeam_Twente_vs_ERForce,2021-06-21_07-06_RoboTeam_Twente-vs-ER-Force.log
PageHinkley_ADE_seq2seq_30_15,Erro (online),33985,2021,2021_RoboTeam_Twente_vs_ERForce,2021-06-21_07-06_RoboTeam_Twente-vs-ER-Force.log
PageHinkley_ADE_seq2seq_30_15,Erro (online),34015,2021,2021_RoboTeam_Twente_vs_ERForce,2021-06-21_07-06_RoboTeam_Twente-vs-ER-Force.log
PageHinkley_ADE_seq2seq_30_15,Erro (online),34140,2021,2021_RoboTeam_Twente_vs_ERForce,2021-06-21_07-06_RoboTeam_Twente-vs-ER-Force.log
PageHinkley_ADE_seq2seq_30_15,Erro (online),34195,2021,2021_RoboTeam_Twente_vs_ERForce,2021-06-21_07-06_RoboTeam_Twente-vs-ER-Force.log
PageHinkley_ADE_seq2seq_30_15,Erro (online),34225,2021,2021_RoboTeam_Twente_vs_ERForce,2021-06-21_07-06_RoboTeam_Twente-vs-ER-Force.log
PageHinkley_ADE_seq2seq_30_15,Erro (online),34283,2021,2021_RoboTeam_Twente_vs_ERForce,2021-06-21_07-06_RoboTeam_Twente-vs-ER-Force.log
PageHinkley_ADE_seq2seq_30_15,Erro (online),34336,2021,2021_RoboTeam_Twente_vs_ERForce,2021-06-21_07-06_RoboTeam_Twente-vs-ER-Force.log
PageHinkley_ADE_seq2seq_30_15,Erro (online),34401,2021,2021_RoboTeam_Twente_vs_ERForce,2021-06-21_07-06_RoboTeam_Twente-vs-ER-Force.log
PageHinkley_ADE_seq2seq_30_15,Erro (online),34438,2021,2021_RoboTeam_Twente_vs_ERForce,2021-06-21_07-06_RoboTeam_Twente-vs-ER-Force.log
PageHinkley_ADE_seq2seq_30_15,Erro (online),34575,2021,2021_RoboTeam_Twente_vs_ERForce,2021-06-21_07-06_RoboTeam_Twente-vs-ER-Force.log
PageHinkley_ADE_seq2seq_30_15,Erro (online),34615,2021,2021_RoboTeam_Twente_vs_ERForce,2021-06-21_07-06_RoboTeam_Twente-vs-ER-Force.log
PageHinkley_ADE_seq2seq_30_15,Erro (online),34645,2021,2021_RoboTeam_Twente_vs_ERForce,2021-06-21_07-06_RoboTeam_Twente-vs-ER-Force.log
PageHinkley_ADE_seq2seq_30_15,Erro (online),34699,2021,2021_RoboTeam_Twente_vs_ERForce,2021-06-21_07-06_RoboTeam_Twente-vs-ER-Force.log
PageHinkley_ADE_seq2seq_30_15,Erro (online),34757,2021,2021_RoboTeam_Twente_vs_ERForce,2021-06-21_07-06_RoboTeam_Twente-vs-ER-Force.log
PageHinkley_ADE_seq2seq_30_15,Erro (online),34842,2021,2021_RoboTeam_Twente_vs_ERForce,2021-06-21_07-06_RoboTeam_Twente-vs-ER-Force.log
PageHinkley_ADE_seq2seq_30_15,Erro (online),34911,2021,2021_RoboTeam_Twente_vs_ERForce,2021-06-21_07-06_RoboTeam_Twente-vs-ER-Force.log
PageHinkley_ADE_seq2seq_30_15,Erro (online),34994,2021,2021_RoboTeam_Twente_vs_ERForce,2021-06-21_07-06_RoboTeam_Twente-vs-ER-Force.log
PageHinkley_ADE_seq2seq_30_15,Erro (online),35074,2021,2021_RoboTeam_Twente_vs_ERForce,2021-06-21_07-06_RoboTeam_Twente-vs-ER-Force.log
PageHinkley_ADE_seq2seq_30_15,Erro (online),35162,2021,2021_RoboTeam_Twente_vs_ERForce,2021-06-21_07-06_RoboTeam_Twente-vs-ER-Force.log
PageHinkley_ADE_seq2seq_30_15,Erro (online),35355,2021,2021_RoboTeam_Twente_vs_ERForce,2021-06-21_07-06_RoboTeam_Twente-vs-ER-Force.log
PageHinkley_ADE_seq2seq_30_15,Erro (online),35385,2021,2021_RoboTeam_Twente_vs_ERForce,2021-06-21_07-06_RoboTeam_Twente-vs-ER-Force.log
PageHinkley_ADE_seq2seq_30_15,Erro (online),35415,2021,2021_RoboTeam_Twente_vs_ERForce,2021-06-21_07-06_RoboTeam_Twente-vs-ER-Force.log
PageHinkley_ADE_seq2seq_30_15,Erro (online),35469,2021,2021_RoboTeam_Twente_vs_ERForce,2021-06-21_07-06_RoboTeam_Twente-vs-ER-Force.log
PageHinkley_ADE_seq2seq_30_15,Erro (online),35534,2021,2021_RoboTeam_Twente_vs_ERForce,2021-06-21_07-06_RoboTeam_Twente-vs-ER-Force.log
PageHinkley_ADE_seq2seq_30_15,Erro (online),35564,2021,2021_RoboTeam_Twente_vs_ERForce,2021-06-21_07-06_RoboTeam_Twente-vs-ER-Force.log
PageHinkley_ADE_seq2seq_30_15,Erro (online),35634,2021,2021_RoboTeam_Twente_vs_ERForce,2021-06-21_07-06_RoboTeam_Twente-vs-ER-Force.log
PageHinkley_ADE_seq2seq_30_15,Erro (online),35664,2021,2021_RoboTeam_Twente_vs_ERForce,2021-06-21_07-06_RoboTeam_Twente-vs-ER-Force.log
PageHinkley_ADE_seq2seq_30_15,Erro (online),35786,2021,2021_RoboTeam_Twente_vs_ERForce,2021-06-21_07-06_RoboTeam_Twente-vs-ER-Force.log
PageHinkley_ADE_seq2seq_30_15,Erro (online),35833,2021,2021_RoboTeam_Twente_vs_ERForce,2021-06-21_07-06_RoboTeam_Twente-vs-ER-Force.log
PageHinkley_ADE_seq2seq_30_15,Erro (online),35871,2021,2021_RoboTeam_Twente_vs_ERForce,2021-06-21_07-06_RoboTeam_Twente-vs-ER-Force.log
PageHinkley_ADE_seq2seq_30_15,Erro (online),35918,2021,2021_RoboTeam_Twente_vs_ERForce,2021-06-21_07-06_RoboTeam_Twente-vs-ER-Force.log
PageHinkley_ADE_seq2seq_30_15,Erro (online),35958,2021,2021_RoboTeam_Twente_vs_ERForce,2021-06-21_07-06_RoboTeam_Twente-vs-ER-Force.log
PageHinkley_ADE_seq2seq_30_15,Erro (online),36022,2021,2021_RoboTeam_Twente_vs_ERForce,2021-06-21_07-06_RoboTeam_Twente-vs-ER-Force.log
PageHinkley_ADE_seq2seq_30_15,Erro (online),36079,2021,2021_RoboTeam_Twente_vs_ERForce,2021-06-21_07-06_RoboTeam_Twente-vs-ER-Force.log
PageHinkley_ADE_seq2seq_30_15,Erro (online),36124,2021,2021_RoboTeam_Twente_vs_ERForce,2021-06-21_07-06_RoboTeam_Twente-vs-ER-Force.log
PageHinkley_ADE_seq2seq_30_15,Erro (online),36168,2021,2021_RoboTeam_Twente_vs_ERForce,2021-06-21_07-06_RoboTeam_Twente-vs-ER-Force.log
PageHinkley_ADE_seq2seq_30_15,Erro (online),36198,2021,2021_RoboTeam_Twente_vs_ERForce,2021-06-21_07-06_RoboTeam_Twente-vs-ER-Force.log
PageHinkley_ADE_seq2seq_30_15,Erro (online),36228,2021,2021_RoboTeam_Twente_vs_ERForce,2021-06-21_07-06_RoboTeam_Twente-vs-ER-Force.log
PageHinkley_ADE_seq2seq_30_15,Erro (online),36294,2021,2021_RoboTeam_Twente_vs_ERForce,2021-06-21_07-06_RoboTeam_Twente-vs-ER-Force.log
PageHinkley_ADE_seq2seq_30_15,Erro (online),36441,2021,2021_RoboTeam_Twente_vs_ERForce,2021-06-21_07-06_RoboTeam_Twente-vs-ER-Force.log
PageHinkley_ADE_seq2seq_30_15,Erro (online),36494,2021,2021_RoboTeam_Twente_vs_ERForce,2021-06-21_07-06_RoboTeam_Twente-vs-ER-Force.log
PageHinkley_ADE_seq2seq_30_15,Erro (online),36531,2021,2021_RoboTeam_Twente_vs_ERForce,2021-06-21_07-06_RoboTeam_Twente-vs-ER-Force.log
PageHinkley_ADE_seq2seq_30_15,Erro (online),36569,2021,2021_RoboTeam_Twente_vs_ERForce,2021-06-21_07-06_RoboTeam_Twente-vs-ER-Force.log
PageHinkley_ADE_seq2seq_30_15,Erro (online),36599,2021,2021_RoboTeam_Twente_vs_ERForce,2021-06-21_07-06_RoboTeam_Twente-vs-ER-Force.log
PageHinkley_ADE_seq2seq_30_15,Erro (online),36629,2021,2021_RoboTeam_Twente_vs_ERForce,2021-06-21_07-06_RoboTeam_Twente-vs-ER-Force.log
PageHinkley_ADE_seq2seq_30_15,Erro (online),36706,2021,2021_RoboTeam_Twente_vs_ERForce,2021-06-21_07-06_RoboTeam_Twente-vs-ER-Force.log
PageHinkley_ADE_seq2seq_30_15,Erro (online),36745,2021,2021_RoboTeam_Twente_vs_ERForce,2021-06-21_07-06_RoboTeam_Twente-vs-ER-Force.log
PageHinkley_ADE_seq2seq_30_15,Erro (online),36797,2021,2021_RoboTeam_Twente_vs_ERForce,2021-06-21_07-06_RoboTeam_Twente-vs-ER-Force.log
PageHinkley_ADE_seq2seq_30_15,Erro (online),36827,2021,2021_RoboTeam_Twente_vs_ERForce,2021-06-21_07-06_RoboTeam_Twente-vs-ER-Force.log
PageHinkley_ADE_seq2seq_30_15,Erro (online),36943,2021,2021_RoboTeam_Twente_vs_ERForce,2021-06-21_07-06_RoboTeam_Twente-vs-ER-Force.log
PageHinkley_ADE_seq2seq_30_15,Erro (online),37026,2021,2021_RoboTeam_Twente_vs_ERForce,2021-06-21_07-06_RoboTeam_Twente-vs-ER-Force.log
PageHinkley_ADE_seq2seq_30_15,Erro (online),37056,2021,2021_RoboTeam_Twente_vs_ERForce,2021-06-21_07-06_RoboTeam_Twente-vs-ER-Force.log
PageHinkley_ADE_seq2seq_30_15,Erro (online),37095,2021,2021_RoboTeam_Twente_vs_ERForce,2021-06-21_07-06_RoboTeam_Twente-vs-ER-Force.log
PageHinkley_ADE_seq2seq_30_15,Erro (online),37183,2021,2021_RoboTeam_Twente_vs_ERForce,2021-06-21_07-06_RoboTeam_Twente-vs-ER-Force.log
PageHinkley_ADE_seq2seq_30_15,Erro (online),37220,2021,2021_RoboTeam_Twente_vs_ERForce,2021-06-21_07-06_RoboTeam_Twente-vs-ER-Force.log
PageHinkley_ADE_seq2seq_30_15,Erro (online),37250,2021,2021_RoboTeam_Twente_vs_ERForce,2021-06-21_07-06_RoboTeam_Twente-vs-ER-Force.log
PageHinkley_ADE_seq2seq_30_15,Erro (online),37299,2021,2021_RoboTeam_Twente_vs_ERForce,2021-06-21_07-06_RoboTeam_Twente-vs-ER-Force.log
PageHinkley_ADE_seq2seq_30_15,Erro (online),37329,2021,2021_RoboTeam_Twente_vs_ERForce,2021-06-21_07-06_RoboTeam_Twente-vs-ER-Force.log
PageHinkley_ADE_seq2seq_30_15,Erro (online),37377,2021,2021_RoboTeam_Twente_vs_ERForce,2021-06-21_07-06_RoboTeam_Twente-vs-ER-Force.log
PageHinkley_ADE_seq2seq_30_15,Erro (online),37407,2021,2021_RoboTeam_Twente_vs_ERForce,2021-06-21_07-06_RoboTeam_Twente-vs-ER-Force.log
PageHinkley_ADE_seq2seq_30_15,Erro (online),37437,2021,2021_RoboTeam_Twente_vs_ERForce,2021-06-21_07-06_RoboTeam_Twente-vs-ER-Force.log
PageHinkley_ADE_seq2seq_30_15,Erro (online),37470,2021,2021_RoboTeam_Twente_vs_ERForce,2021-06-21_07-06_RoboTeam_Twente-vs-ER-Force.log
PageHinkley_ADE_seq2seq_30_15,Erro (online),37500,2021,2021_RoboTeam_Twente_vs_ERForce,2021-06-21_07-06_RoboTeam_Twente-vs-ER-Force.log
PageHinkley_ADE_seq2seq_30_15,Erro (online),37530,2021,2021_RoboTeam_Twente_vs_ERForce,2021-06-21_07-06_RoboTeam_Twente-vs-ER-Force.log
PageHinkley_ADE_seq2seq_30_15,Erro (online),37588,2021,2021_RoboTeam_Twente_vs_ERForce,2021-06-21_07-06_RoboTeam_Twente-vs-ER-Force.log
PageHinkley_ADE_seq2seq_30_15,Erro (online),37631,2021,2021_RoboTeam_Twente_vs_ERForce,2021-06-21_07-06_RoboTeam_Twente-vs-ER-Force.log
PageHinkley_ADE_seq2seq_30_15,Erro (online),37697,2021,2021_RoboTeam_Twente_vs_ERForce,2021-06-21_07-06_RoboTeam_Twente-vs-ER-Force.log
PageHinkley_ADE_seq2seq_30_15,Erro (online),37731,2021,2021_RoboTeam_Twente_vs_ERForce,2021-06-21_07-06_RoboTeam_Twente-vs-ER-Force.log
PageHinkley_ADE_seq2seq_30_15,Erro (online),37761,2021,2021_RoboTeam_Twente_vs_ERForce,2021-06-21_07-06_RoboTeam_Twente-vs-ER-Force.log
PageHinkley_ADE_seq2seq_30_15,Erro (online),37794,2021,2021_RoboTeam_Twente_vs_ERForce,2021-06-21_07-06_RoboTeam_Twente-vs-ER-Force.log
PageHinkley_ADE_seq2seq_30_15,Erro (online),37832,2021,2021_RoboTeam_Twente_vs_ERForce,2021-06-21_07-06_RoboTeam_Twente-vs-ER-Force.log
PageHinkley_ADE_seq2seq_30_15,Erro (online),37862,2021,2021_RoboTeam_Twente_vs_ERForce,2021-06-21_07-06_RoboTeam_Twente-vs-ER-Force.log
PageHinkley_ADE_seq2seq_30_15,Erro (online),37892,2021,2021_RoboTeam_Twente_vs_ERForce,2021-06-21_07-06_RoboTeam_Twente-vs-ER-Force.log
PageHinkley_ADE_seq2seq_30_15,Erro (online),37930,2021,2021_RoboTeam_Twente_vs_ERForce,2021-06-21_07-06_RoboTeam_Twente-vs-ER-Force.log
PageHinkley_ADE_seq2seq_30_15,Erro (online),37960,2021,2021_RoboTeam_Twente_vs_ERForce,2021-06-21_07-06_RoboTeam_Twente-vs-ER-Force.log
PageHinkley_ADE_seq2seq_30_15,Erro (online),37990,2021,2021_RoboTeam_Twente_vs_ERForce,2021-06-21_07-06_RoboTeam_Twente-vs-ER-Force.log
PageHinkley_ADE_seq2seq_30_15,Erro (online),38023,2021,2021_RoboTeam_Twente_vs_ERForce,2021-06-21_07-06_RoboTeam_Twente-vs-ER-Force.log
PageHinkley_ADE_seq2seq_30_15,Erro (online),38064,2021,2021_RoboTeam_Twente_vs_ERForce,2021-06-21_07-06_RoboTeam_Twente-vs-ER-Force.log
PageHinkley_ADE_seq2seq_30_15,Erro (online),38096,2021,2021_RoboTeam_Twente_vs_ERForce,2021-06-21_07-06_RoboTeam_Twente-vs-ER-Force.log
PageHinkley_ADE_seq2seq_30_15,Erro (online),38126,2021,2021_RoboTeam_Twente_vs_ERForce,2021-06-21_07-06_RoboTeam_Twente-vs-ER-Force.log
PageHinkley_ADE_seq2seq_30_15,Erro (online),38193,2021,2021_RoboTeam_Twente_vs_ERForce,2021-06-21_07-06_RoboTeam_Twente-vs-ER-Force.log
PageHinkley_ADE_seq2seq_30_15,Erro (online),38223,2021,2021_RoboTeam_Twente_vs_ERForce,2021-06-21_07-06_RoboTeam_Twente-vs-ER-Force.log
PageHinkley_ADE_seq2seq_30_15,Erro (online),38253,2021,2021_RoboTeam_Twente_vs_ERForce,2021-06-21_07-06_RoboTeam_Twente-vs-ER-Force.log
PageHinkley_ADE_seq2seq_30_15,Erro (online),38283,2021,2021_RoboTeam_Twente_vs_ERForce,2021-06-21_07-06_RoboTeam_Twente-vs-ER-Force.log
PageHinkley_ADE_seq2seq_30_15,Erro (online),38313,2021,2021_RoboTeam_Twente_vs_ERForce,2021-06-21_07-06_RoboTeam_Twente-vs-ER-Force.log
PageHinkley_ADE_seq2seq_30_15,Erro (online),38343,2021,2021_RoboTeam_Twente_vs_ERForce,2021-06-21_07-06_RoboTeam_Twente-vs-ER-Force.log
PageHinkley_ADE_seq2seq_30_15,Erro (online),38382,2021,2021_RoboTeam_Twente_vs_ERForce,2021-06-21_07-06_RoboTeam_Twente-vs-ER-Force.log
PageHinkley_ADE_seq2seq_30_15,Erro (online),38412,2021,2021_RoboTeam_Twente_vs_ERForce,2021-06-21_07-06_RoboTeam_Twente-vs-ER-Force.log
PageHinkley_ADE_seq2seq_30_15,Erro (online),38443,2021,2021_RoboTeam_Twente_vs_ERForce,2021-06-21_07-06_RoboTeam_Twente-vs-ER-Force.log
PageHinkley_ADE_seq2seq_30_15,Erro (online),38478,2021,2021_RoboTeam_Twente_vs_ERForce,2021-06-21_07-06_RoboTeam_Twente-vs-ER-Force.log
PageHinkley_ADE_seq2seq_30_15,Erro (online),38508,2021,2021_RoboTeam_Twente_vs_ERForce,2021-06-21_07-06_RoboTeam_Twente-vs-ER-Force.log
PageHinkley_ADE_seq2seq_30_15,Erro (online),38538,2021,2021_RoboTeam_Twente_vs_ERForce,2021-06-21_07-06_RoboTeam_Twente-vs-ER-Force.log
PageHinkley_ADE_seq2seq_30_15,Erro (online),38568,2021,2021_RoboTeam_Twente_vs_ERForce,2021-06-21_07-06_RoboTeam_Twente-vs-ER-Force.log
PageHinkley_ADE_seq2seq_30_15,Erro (online),38598,2021,2021_RoboTeam_Twente_vs_ERForce,2021-06-21_07-06_RoboTeam_Twente-vs-ER-Force.log
PageHinkley_ADE_seq2seq_30_15,Erro (online),38628,2021,2021_RoboTeam_Twente_vs_ERForce,2021-06-21_07-06_RoboTeam_Twente-vs-ER-Force.log
PageHinkley_ADE_seq2seq_30_15,Erro (online),38661,2021,2021_RoboTeam_Twente_vs_ERForce,2021-06-21_07-06_RoboTeam_Twente-vs-ER-Force.log
PageHinkley_ADE_seq2seq_30_15,Erro (online),38708,2021,2021_RoboTeam_Twente_vs_ERForce,2021-06-21_07-06_RoboTeam_Twente-vs-ER-Force.log
PageHinkley_ADE_seq2seq_30_15,Erro (online),38738,2021,2021_RoboTeam_Twente_vs_ERForce,2021-06-21_07-06_RoboTeam_Twente-vs-ER-Force.log
PageHinkley_ADE_seq2seq_30_15,Erro (online),38768,2021,2021_RoboTeam_Twente_vs_ERForce,2021-06-21_07-06_RoboTeam_Twente-vs-ER-Force.log
PageHinkley_ADE_seq2seq_30_15,Erro (online),38798,2021,2021_RoboTeam_Twente_vs_ERForce,2021-06-21_07-06_RoboTeam_Twente-vs-ER-Force.log
PageHinkley_ADE_seq2seq_30_15,Erro (online),38834,2021,2021_RoboTeam_Twente_vs_ERForce,2021-06-21_07-06_RoboTeam_Twente-vs-ER-Force.log
PageHinkley_ADE_seq2seq_30_15,Erro (online),38864,2021,2021_RoboTeam_Twente_vs_ERForce,2021-06-21_07-06_RoboTeam_Twente-vs-ER-Force.log
PageHinkley_ADE_seq2seq_30_15,Erro (online),38894,2021,2021_RoboTeam_Twente_vs_ERForce,2021-06-21_07-06_RoboTeam_Twente-vs-ER-Force.log
PageHinkley_ADE_seq2seq_30_15,Erro (online),38924,2021,2021_RoboTeam_Twente_vs_ERForce,2021-06-21_07-06_RoboTeam_Twente-vs-ER-Force.log
PageHinkley_ADE_seq2seq_30_15,Erro (online),38954,2021,2021_RoboTeam_Twente_vs_ERForce,2021-06-21_07-06_RoboTeam_Twente-vs-ER-Force.log
PageHinkley_ADE_seq2seq_30_15,Erro (online),38984,2021,2021_RoboTeam_Twente_vs_ERForce,2021-06-21_07-06_RoboTeam_Twente-vs-ER-Force.log
PageHinkley_ADE_seq2seq_30_15,Erro (online),39014,2021,2021_RoboTeam_Twente_vs_ERForce,2021-06-21_07-06_RoboTeam_Twente-vs-ER-Force.log
PageHinkley_ADE_seq2seq_30_15,Erro (online),39044,2021,2021_RoboTeam_Twente_vs_ERForce,2021-06-21_07-06_RoboTeam_Twente-vs-ER-Force.log
PageHinkley_ADE_seq2seq_30_15,Erro (online),39074,2021,2021_RoboTeam_Twente_vs_ERForce,2021-06-21_07-06_RoboTeam_Twente-vs-ER-Force.log
PageHinkley_ADE_seq2seq_30_15,Erro (online),39106,2021,2021_RoboTeam_Twente_vs_ERForce,2021-06-21_07-06_RoboTeam_Twente-vs-ER-Force.log
PageHinkley_ADE_seq2seq_30_15,Erro (online),39136,2021,2021_RoboTeam_Twente_vs_ERForce,2021-06-21_07-06_RoboTeam_Twente-vs-ER-Force.log
PageHinkley_ADE_seq2seq_30_15,Erro (online),39170,2021,2021_RoboTeam_Twente_vs_ERForce,2021-06-21_07-06_RoboTeam_Twente-vs-ER-Force.log
PageHinkley_ADE_seq2seq_30_15,Erro (online),39200,2021,2021_RoboTeam_Twente_vs_ERForce,2021-06-21_07-06_RoboTeam_Twente-vs-ER-Force.log
PageHinkley_ADE_seq2seq_30_15,Erro (online),39232,2021,2021_RoboTeam_Twente_vs_ERForce,2021-06-21_07-06_RoboTeam_Twente-vs-ER-Force.log
PageHinkley_ADE_seq2seq_30_15,Erro (online),39272,2021,2021_RoboTeam_Twente_vs_ERForce,2021-06-21_07-06_RoboTeam_Twente-vs-ER-Force.log
PageHinkley_ADE_seq2seq_30_15,Erro (online),39328,2021,2021_RoboTeam_Twente_vs_ERForce,2021-06-21_07-06_RoboTeam_Twente-vs-ER-Force.log
PageHinkley_ADE_seq2seq_30_15,Erro (online),39421,2021,2021_RoboTeam_Twente_vs_ERForce,2021-06-21_07-06_RoboTeam_Twente-vs-ER-Force.log
PageHinkley_ADE_seq2seq_30_15,Erro (online),39451,2021,2021_RoboTeam_Twente_vs_ERForce,2021-06-21_07-06_RoboTeam_Twente-vs-ER-Force.log
PageHinkley_ADE_seq2seq_30_15,Erro (online),39495,2021,2021_RoboTeam_Twente_vs_ERForce,2021-06-21_07-06_RoboTeam_Twente-vs-ER-Force.log
PageHinkley_ADE_seq2seq_30_15,Erro (online),39525,2021,2021_RoboTeam_Twente_vs_ERForce,2021-06-21_07-06_RoboTeam_Twente-vs-ER-Force.log
PageHinkley_ADE_seq2seq_30_15,Erro (online),39555,2021,2021_RoboTeam_Twente_vs_ERForce,2021-06-21_07-06_RoboTeam_Twente-vs-ER-Force.log
PageHinkley_ADE_seq2seq_30_15,Erro (online),39585,2021,2021_RoboTeam_Twente_vs_ERForce,2021-06-21_07-06_RoboTeam_Twente-vs-ER-Force.log
PageHinkley_ADE_seq2seq_30_15,Erro (online),39615,2021,2021_RoboTeam_Twente_vs_ERForce,2021-06-21_07-06_RoboTeam_Twente-vs-ER-Force.log
PageHinkley_ADE_seq2seq_30_15,Erro (online),39706,2021,2021_RoboTeam_Twente_vs_ERForce,2021-06-21_07-06_RoboTeam_Twente-vs-ER-Force.log
PageHinkley_ADE_seq2seq_30_15,Erro (online),39736,2021,2021_RoboTeam_Twente_vs_ERForce,2021-06-21_07-06_RoboTeam_Twente-vs-ER-Force.log
PageHinkley_ADE_seq2seq_30_15,Erro (online),39800,2021,2021_RoboTeam_Twente_vs_ERForce,2021-06-21_07-06_RoboTeam_Twente-vs-ER-Force.log
PageHinkley_ADE_seq2seq_30_15,Erro (online),39832,2021,2021_RoboTeam_Twente_vs_ERForce,2021-06-21_07-06_RoboTeam_Twente-vs-ER-Force.log
PageHinkley_ADE_seq2seq_30_15,Erro (online),39862,2021,2021_RoboTeam_Twente_vs_ERForce,2021-06-21_07-06_RoboTeam_Twente-vs-ER-Force.log
PageHinkley_ADE_seq2seq_30_15,Erro (online),39908,2021,2021_RoboTeam_Twente_vs_ERForce,2021-06-21_07-06_RoboTeam_Twente-vs-ER-Force.log
PageHinkley_ADE_seq2seq_30_15,Erro (online),39938,2021,2021_RoboTeam_Twente_vs_ERForce,2021-06-21_07-06_RoboTeam_Twente-vs-ER-Force.log
PageHinkley_ADE_seq2seq_30_15,Erro (online),39968,2021,2021_RoboTeam_Twente_vs_ERForce,2021-06-21_07-06_RoboTeam_Twente-vs-ER-Force.log
PageHinkley_ADE_seq2seq_30_15,Erro (online),39998,2021,2021_RoboTeam_Twente_vs_ERForce,2021-06-21_07-06_RoboTeam_Twente-vs-ER-Force.log
PageHinkley_ADE_seq2seq_30_15,Erro (online),40063,2021,2021_TIGERs_vs_KIKS,2021-06-21_09-01_TIGERs_Mannheim-vs-KIKS.log
PageHinkley_ADE_seq2seq_30_15,Erro (online),40102,2021,2021_TIGERs_vs_KIKS,2021-06-21_09-01_TIGERs_Mannheim-vs-KIKS.log
PageHinkley_ADE_seq2seq_30_15,Erro (online),40132,2021,2021_TIGERs_vs_KIKS,2021-06-21_09-01_TIGERs_Mannheim-vs-KIKS.log
PageHinkley_ADE_seq2seq_30_15,Erro (online),40184,2021,2021_TIGERs_vs_KIKS,2021-06-21_09-01_TIGERs_Mannheim-vs-KIKS.log
PageHinkley_ADE_seq2seq_30_15,Erro (online),40222,2021,2021_TIGERs_vs_KIKS,2021-06-21_09-01_TIGERs_Mannheim-vs-KIKS.log
PageHinkley_ADE_seq2seq_30_15,Erro (online),40256,2021,2021_TIGERs_vs_KIKS,2021-06-21_09-01_TIGERs_Mannheim-vs-KIKS.log
PageHinkley_ADE_seq2seq_30_15,Erro (online),40293,2021,2021_TIGERs_vs_KIKS,2021-06-21_09-01_TIGERs_Mannheim-vs-KIKS.log
PageHinkley_ADE_seq2seq_30_15,Erro (online),40323,2021,2021_TIGERs_vs_KIKS,2021-06-21_09-01_TIGERs_Mannheim-vs-KIKS.log
PageHinkley_ADE_seq2seq_30_15,Erro (online),40353,2021,2021_TIGERs_vs_KIKS,2021-06-21_09-01_TIGERs_Mannheim-vs-KIKS.log
PageHinkley_ADE_seq2seq_30_15,Erro (online),40392,2021,2021_TIGERs_vs_KIKS,2021-06-21_09-01_TIGERs_Mannheim-vs-KIKS.log
PageHinkley_ADE_seq2seq_30_15,Erro (online),40460,2021,2021_TIGERs_vs_KIKS,2021-06-21_09-01_TIGERs_Mannheim-vs-KIKS.log
PageHinkley_ADE_seq2seq_30_15,Erro (online),40491,2021,2021_TIGERs_vs_KIKS,2021-06-21_09-01_TIGERs_Mannheim-vs-KIKS.log
PageHinkley_ADE_seq2seq_30_15,Erro (online),40523,2021,2021_TIGERs_vs_KIKS,2021-06-21_09-01_TIGERs_Mannheim-vs-KIKS.log
PageHinkley_ADE_seq2seq_30_15,Erro (online),40553,2021,2021_TIGERs_vs_KIKS,2021-06-21_09-01_TIGERs_Mannheim-vs-KIKS.log
PageHinkley_ADE_seq2seq_30_15,Erro (online),40592,2021,2021_TIGERs_vs_KIKS,2021-06-21_09-01_TIGERs_Mannheim-vs-KIKS.log
PageHinkley_ADE_seq2seq_30_15,Erro (online),40646,2021,2021_TIGERs_vs_KIKS,2021-06-21_09-01_TIGERs_Mannheim-vs-KIKS.log
PageHinkley_ADE_seq2seq_30_15,Erro (online),40676,2021,2021_TIGERs_vs_KIKS,2021-06-21_09-01_TIGERs_Mannheim-vs-KIKS.log
PageHinkley_ADE_seq2seq_30_15,Erro (online),40709,2021,2021_TIGERs_vs_KIKS,2021-06-21_09-01_TIGERs_Mannheim-vs-KIKS.log
PageHinkley_ADE_seq2seq_30_15,Erro (online),40749,2021,2021_TIGERs_vs_KIKS,2021-06-21_09-01_TIGERs_Mannheim-vs-KIKS.log
PageHinkley_ADE_seq2seq_30_15,Erro (online),40779,2021,2021_TIGERs_vs_KIKS,2021-06-21_09-01_TIGERs_Mannheim-vs-KIKS.log
PageHinkley_ADE_seq2seq_30_15,Erro (online),40822,2021,2021_TIGERs_vs_KIKS,2021-06-21_09-01_TIGERs_Mannheim-vs-KIKS.log
PageHinkley_ADE_seq2seq_30_15,Erro (online),40852,2021,2021_TIGERs_vs_KIKS,2021-06-21_09-01_TIGERs_Mannheim-vs-KIKS.log
PageHinkley_ADE_seq2seq_30_15,Erro (online),40882,2021,2021_TIGERs_vs_KIKS,2021-06-21_09-01_TIGERs_Mannheim-vs-KIKS.log
PageHinkley_ADE_seq2seq_30_15,Erro (online),40912,2021,2021_TIGERs_vs_KIKS,2021-06-21_09-01_TIGERs_Mannheim-vs-KIKS.log
PageHinkley_ADE_seq2seq_30_15,Erro (online),40948,2021,2021_TIGERs_vs_KIKS,2021-06-21_09-01_TIGERs_Mannheim-vs-KIKS.log
PageHinkley_ADE_seq2seq_30_15,Erro (online),40978,2021,2021_TIGERs_vs_KIKS,2021-06-21_09-01_TIGERs_Mannheim-vs-KIKS.log
PageHinkley_ADE_seq2seq_30_15,Erro (online),41026,2021,2021_TIGERs_vs_KIKS,2021-06-21_09-01_TIGERs_Mannheim-vs-KIKS.log
PageHinkley_ADE_seq2seq_30_15,Erro (online),41056,2021,2021_TIGERs_vs_KIKS,2021-06-21_09-01_TIGERs_Mannheim-vs-KIKS.log
PageHinkley_ADE_seq2seq_30_15,Erro (online),41095,2021,2021_TIGERs_vs_KIKS,2021-06-21_09-01_TIGERs_Mannheim-vs-KIKS.log
PageHinkley_ADE_seq2seq_30_15,Erro (online),41125,2021,2021_TIGERs_vs_KIKS,2021-06-21_09-01_TIGERs_Mannheim-vs-KIKS.log
PageHinkley_ADE_seq2seq_30_15,Erro (online),41157,2021,2021_TIGERs_vs_KIKS,2021-06-21_09-01_TIGERs_Mannheim-vs-KIKS.log
PageHinkley_ADE_seq2seq_30_15,Erro (online),41187,2021,2021_TIGERs_vs_KIKS,2021-06-21_09-01_TIGERs_Mannheim-vs-KIKS.log
PageHinkley_ADE_seq2seq_30_15,Erro (online),41221,2021,2021_TIGERs_vs_KIKS,2021-06-21_09-01_TIGERs_Mannheim-vs-KIKS.log
PageHinkley_ADE_seq2seq_30_15,Erro (online),41253,2021,2021_TIGERs_vs_KIKS,2021-06-21_09-01_TIGERs_Mannheim-vs-KIKS.log
PageHinkley_ADE_seq2seq_30_15,Erro (online),41286,2021,2021_TIGERs_vs_KIKS,2021-06-21_09-01_TIGERs_Mannheim-vs-KIKS.log
PageHinkley_ADE_seq2seq_30_15,Erro (online),41319,2021,2021_TIGERs_vs_KIKS,2021-06-21_09-01_TIGERs_Mannheim-vs-KIKS.log
PageHinkley_ADE_seq2seq_30_15,Erro (online),41357,2021,2021_TIGERs_vs_KIKS,2021-06-21_09-01_TIGERs_Mannheim-vs-KIKS.log
PageHinkley_ADE_seq2seq_30_15,Erro (online),41387,2021,2021_TIGERs_vs_KIKS,2021-06-21_09-01_TIGERs_Mannheim-vs-KIKS.log
PageHinkley_ADE_seq2seq_30_15,Erro (online),41434,2021,2021_TIGERs_vs_KIKS,2021-06-21_09-01_TIGERs_Mannheim-vs-KIKS.log
PageHinkley_ADE_seq2seq_30_15,Erro (online),41492,2021,2021_TIGERs_vs_KIKS,2021-06-21_09-01_TIGERs_Mannheim-vs-KIKS.log
PageHinkley_ADE_seq2seq_30_15,Erro (online),41592,2021,2021_TIGERs_vs_KIKS,2021-06-21_09-01_TIGERs_Mannheim-vs-KIKS.log
PageHinkley_ADE_seq2seq_30_15,Erro (online),41630,2021,2021_TIGERs_vs_KIKS,2021-06-21_09-01_TIGERs_Mannheim-vs-KIKS.log
PageHinkley_ADE_seq2seq_30_15,Erro (online),41665,2021,2021_TIGERs_vs_KIKS,2021-06-21_09-01_TIGERs_Mannheim-vs-KIKS.log
PageHinkley_ADE_seq2seq_30_15,Erro (online),41698,2021,2021_TIGERs_vs_KIKS,2021-06-21_09-01_TIGERs_Mannheim-vs-KIKS.log
PageHinkley_ADE_seq2seq_30_15,Erro (online),41736,2021,2021_TIGERs_vs_KIKS,2021-06-21_09-01_TIGERs_Mannheim-vs-KIKS.log
PageHinkley_ADE_seq2seq_30_15,Erro (online),41784,2021,2021_TIGERs_vs_KIKS,2021-06-21_09-01_TIGERs_Mannheim-vs-KIKS.log
PageHinkley_ADE_seq2seq_30_15,Erro (online),41814,2021,2021_TIGERs_vs_KIKS,2021-06-21_09-01_TIGERs_Mannheim-vs-KIKS.log
PageHinkley_ADE_seq2seq_30_15,Erro (online),41844,2021,2021_TIGERs_vs_KIKS,2021-06-21_09-01_TIGERs_Mannheim-vs-KIKS.log
PageHinkley_ADE_seq2seq_30_15,Erro (online),41889,2021,2021_TIGERs_vs_KIKS,2021-06-21_09-01_TIGERs_Mannheim-vs-KIKS.log
PageHinkley_ADE_seq2seq_30_15,Erro (online),41927,2021,2021_TIGERs_vs_KIKS,2021-06-21_09-01_TIGERs_Mannheim-vs-KIKS.log
PageHinkley_ADE_seq2seq_30_15,Erro (online),41957,2021,2021_TIGERs_vs_KIKS,2021-06-21_09-01_TIGERs_Mannheim-vs-KIKS.log
PageHinkley_ADE_seq2seq_30_15,Erro (online),41987,2021,2021_TIGERs_vs_KIKS,2021-06-21_09-01_TIGERs_Mannheim-vs-KIKS.log
PageHinkley_ADE_seq2seq_30_15,Erro (online),42029,2021,2021_TIGERs_vs_KIKS,2021-06-21_09-01_TIGERs_Mannheim-vs-KIKS.log
PageHinkley_ADE_seq2seq_30_15,Erro (online),42059,2021,2021_TIGERs_vs_KIKS,2021-06-21_09-01_TIGERs_Mannheim-vs-KIKS.log
PageHinkley_ADE_seq2seq_30_15,Erro (online),42089,2021,2021_TIGERs_vs_KIKS,2021-06-21_09-01_TIGERs_Mannheim-vs-KIKS.log
PageHinkley_ADE_seq2seq_30_15,Erro (online),42121,2021,2021_TIGERs_vs_KIKS,2021-06-21_09-01_TIGERs_Mannheim-vs-KIKS.log
PageHinkley_ADE_seq2seq_30_15,Erro (online),42151,2021,2021_TIGERs_vs_KIKS,2021-06-21_09-01_TIGERs_Mannheim-vs-KIKS.log
PageHinkley_ADE_seq2seq_30_15,Erro (online),42196,2021,2021_TIGERs_vs_KIKS,2021-06-21_09-01_TIGERs_Mannheim-vs-KIKS.log
PageHinkley_ADE_seq2seq_30_15,Erro (online),42232,2021,2021_TIGERs_vs_KIKS,2021-06-21_09-01_TIGERs_Mannheim-vs-KIKS.log
PageHinkley_ADE_seq2seq_30_15,Erro (online),42262,2021,2021_TIGERs_vs_KIKS,2021-06-21_09-01_TIGERs_Mannheim-vs-KIKS.log
PageHinkley_ADE_seq2seq_30_15,Erro (online),42292,2021,2021_TIGERs_vs_KIKS,2021-06-21_09-01_TIGERs_Mannheim-vs-KIKS.log
PageHinkley_ADE_seq2seq_30_15,Erro (online),42322,2021,2021_TIGERs_vs_KIKS,2021-06-21_09-01_TIGERs_Mannheim-vs-KIKS.log
PageHinkley_ADE_seq2seq_30_15,Erro (online),42352,2021,2021_TIGERs_vs_KIKS,2021-06-21_09-01_TIGERs_Mannheim-vs-KIKS.log
PageHinkley_ADE_seq2seq_30_15,Erro (online),42382,2021,2021_TIGERs_vs_KIKS,2021-06-21_09-01_TIGERs_Mannheim-vs-KIKS.log
PageHinkley_ADE_seq2seq_30_15,Erro (online),42416,2021,2021_TIGERs_vs_KIKS,2021-06-21_09-01_TIGERs_Mannheim-vs-KIKS.log
PageHinkley_ADE_seq2seq_30_15,Erro (online),42451,2021,2021_TIGERs_vs_KIKS,2021-06-21_09-01_TIGERs_Mannheim-vs-KIKS.log
PageHinkley_ADE_seq2seq_30_15,Erro (online),42481,2021,2021_TIGERs_vs_KIKS,2021-06-21_09-01_TIGERs_Mannheim-vs-KIKS.log
PageHinkley_ADE_seq2seq_30_15,Erro (online),42511,2021,2021_TIGERs_vs_KIKS,2021-06-21_09-01_TIGERs_Mannheim-vs-KIKS.log
PageHinkley_ADE_seq2seq_30_15,Erro (online),42558,2021,2021_TIGERs_vs_KIKS,2021-06-21_09-01_TIGERs_Mannheim-vs-KIKS.log
PageHinkley_ADE_seq2seq_30_15,Erro (online),42598,2021,2021_TIGERs_vs_KIKS,2021-06-21_09-01_TIGERs_Mannheim-vs-KIKS.log
PageHinkley_ADE_seq2seq_30_15,Erro (online),42641,2021,2021_TIGERs_vs_KIKS,2021-06-21_09-01_TIGERs_Mannheim-vs-KIKS.log
PageHinkley_ADE_seq2seq_30_15,Erro (online),42671,2021,2021_TIGERs_vs_KIKS,2021-06-21_09-01_TIGERs_Mannheim-vs-KIKS.log
PageHinkley_ADE_seq2seq_30_15,Erro (online),42701,2021,2021_TIGERs_vs_KIKS,2021-06-21_09-01_TIGERs_Mannheim-vs-KIKS.log
PageHinkley_ADE_seq2seq_30_15,Erro (online),42744,2021,2021_TIGERs_vs_KIKS,2021-06-21_09-01_TIGERs_Mannheim-vs-KIKS.log
PageHinkley_ADE_seq2seq_30_15,Erro (online),42791,2021,2021_TIGERs_vs_KIKS,2021-06-21_09-01_TIGERs_Mannheim-vs-KIKS.log
PageHinkley_ADE_seq2seq_30_15,Erro (online),42829,2021,2021_TIGERs_vs_KIKS,2021-06-21_09-01_TIGERs_Mannheim-vs-KIKS.log
PageHinkley_ADE_seq2seq_30_15,Erro (online),42859,2021,2021_TIGERs_vs_KIKS,2021-06-21_09-01_TIGERs_Mannheim-vs-KIKS.log
PageHinkley_ADE_seq2seq_30_15,Erro (online),42889,2021,2021_TIGERs_vs_KIKS,2021-06-21_09-01_TIGERs_Mannheim-vs-KIKS.log
PageHinkley_ADE_seq2seq_30_15,Erro (online),42923,2021,2021_TIGERs_vs_KIKS,2021-06-21_09-01_TIGERs_Mannheim-vs-KIKS.log
PageHinkley_ADE_seq2seq_30_15,Erro (online),42953,2021,2021_TIGERs_vs_KIKS,2021-06-21_09-01_TIGERs_Mannheim-vs-KIKS.log
PageHinkley_ADE_seq2seq_30_15,Erro (online),42983,2021,2021_TIGERs_vs_KIKS,2021-06-21_09-01_TIGERs_Mannheim-vs-KIKS.log
PageHinkley_ADE_seq2seq_30_15,Erro (online),43013,2021,2021_TIGERs_vs_KIKS,2021-06-21_09-01_TIGERs_Mannheim-vs-KIKS.log
PageHinkley_ADE_seq2seq_30_15,Erro (online),43052,2021,2021_TIGERs_vs_KIKS,2021-06-21_09-01_TIGERs_Mannheim-vs-KIKS.log
PageHinkley_ADE_seq2seq_30_15,Erro (online),43082,2021,2021_TIGERs_vs_KIKS,2021-06-21_09-01_TIGERs_Mannheim-vs-KIKS.log
PageHinkley_ADE_seq2seq_30_15,Erro (online),43129,2021,2021_TIGERs_vs_KIKS,2021-06-21_09-01_TIGERs_Mannheim-vs-KIKS.log
PageHinkley_ADE_seq2seq_30_15,Erro (online),43159,2021,2021_TIGERs_vs_KIKS,2021-06-21_09-01_TIGERs_Mannheim-vs-KIKS.log
PageHinkley_ADE_seq2seq_30_15,Erro (online),43189,2021,2021_TIGERs_vs_KIKS,2021-06-21_09-01_TIGERs_Mannheim-vs-KIKS.log
PageHinkley_ADE_seq2seq_30_15,Erro (online),43219,2021,2021_TIGERs_vs_KIKS,2021-06-21_09-01_TIGERs_Mannheim-vs-KIKS.log
PageHinkley_ADE_seq2seq_30_15,Erro (online),43249,2021,2021_TIGERs_vs_KIKS,2021-06-21_09-01_TIGERs_Mannheim-vs-KIKS.log
PageHinkley_ADE_seq2seq_30_15,Erro (online),43282,2021,2021_TIGERs_vs_KIKS,2021-06-21_09-01_TIGERs_Mannheim-vs-KIKS.log
PageHinkley_ADE_seq2seq_30_15,Erro (online),43315,2021,2021_TIGERs_vs_KIKS,2021-06-21_09-01_TIGERs_Mannheim-vs-KIKS.log
PageHinkley_ADE_seq2seq_30_15,Erro (online),43345,2021,2021_TIGERs_vs_KIKS,2021-06-21_09-01_TIGERs_Mannheim-vs-KIKS.log
PageHinkley_ADE_seq2seq_30_15,Erro (online),43375,2021,2021_TIGERs_vs_KIKS,2021-06-21_09-01_TIGERs_Mannheim-vs-KIKS.log
PageHinkley_ADE_seq2seq_30_15,Erro (online),43407,2021,2021_TIGERs_vs_KIKS,2021-06-21_09-01_TIGERs_Mannheim-vs-KIKS.log
PageHinkley_ADE_seq2seq_30_15,Erro (online),43437,2021,2021_TIGERs_vs_KIKS,2021-06-21_09-01_TIGERs_Mannheim-vs-KIKS.log
PageHinkley_ADE_seq2seq_30_15,Erro (online),43507,2021,2021_TIGERs_vs_KIKS,2021-06-21_09-01_TIGERs_Mannheim-vs-KIKS.log
PageHinkley_ADE_seq2seq_30_15,Erro (online),43598,2021,2021_TIGERs_vs_KIKS,2021-06-21_09-01_TIGERs_Mannheim-vs-KIKS.log
PageHinkley_ADE_seq2seq_30_15,Erro (online),43763,2021,2021_TIGERs_vs_KIKS,2021-06-21_09-01_TIGERs_Mannheim-vs-KIKS.log
PageHinkley_ADE_seq2seq_30_15,Erro (online),43794,2021,2021_TIGERs_vs_KIKS,2021-06-21_09-01_TIGERs_Mannheim-vs-KIKS.log
PageHinkley_ADE_seq2seq_30_15,Erro (online),43999,2021,2021_TIGERs_vs_KIKS,2021-06-21_09-01_TIGERs_Mannheim-vs-KIKS.log
PageHinkley_ADE_seq2seq_30_15,Erro (online),44089,2021,2021_TIGERs_vs_KIKS,2021-06-21_09-01_TIGERs_Mannheim-vs-KIKS.log
PageHinkley_ADE_seq2seq_30_15,Erro (online),44209,2021,2021_TIGERs_vs_KIKS,2021-06-21_09-01_TIGERs_Mannheim-vs-KIKS.log
PageHinkley_ADE_seq2seq_30_15,Erro (online),44286,2021,2021_TIGERs_vs_KIKS,2021-06-21_09-01_TIGERs_Mannheim-vs-KIKS.log
PageHinkley_ADE_seq2seq_30_15,Erro (online),44332,2021,2021_TIGERs_vs_KIKS,2021-06-21_09-01_TIGERs_Mannheim-vs-KIKS.log
PageHinkley_ADE_seq2seq_30_15,Erro (online),44390,2021,2021_TIGERs_vs_KIKS,2021-06-21_09-01_TIGERs_Mannheim-vs-KIKS.log
PageHinkley_ADE_seq2seq_30_15,Erro (online),44507,2021,2021_TIGERs_vs_KIKS,2021-06-21_09-01_TIGERs_Mannheim-vs-KIKS.log
PageHinkley_ADE_seq2seq_30_15,Erro (online),44551,2021,2021_TIGERs_vs_KIKS,2021-06-21_09-01_TIGERs_Mannheim-vs-KIKS.log
PageHinkley_ADE_seq2seq_30_15,Erro (online),44606,2021,2021_TIGERs_vs_KIKS,2021-06-21_09-01_TIGERs_Mannheim-vs-KIKS.log
PageHinkley_ADE_seq2seq_30_15,Erro (online),44659,2021,2021_TIGERs_vs_KIKS,2021-06-21_09-01_TIGERs_Mannheim-vs-KIKS.log
PageHinkley_ADE_seq2seq_30_15,Erro (online),44756,2021,2021_TIGERs_vs_KIKS,2021-06-21_09-01_TIGERs_Mannheim-vs-KIKS.log
PageHinkley_ADE_seq2seq_30_15,Erro (online),44786,2021,2021_TIGERs_vs_KIKS,2021-06-21_09-01_TIGERs_Mannheim-vs-KIKS.log
PageHinkley_ADE_seq2seq_30_15,Erro (online),44860,2021,2021_TIGERs_vs_KIKS,2021-06-21_09-01_TIGERs_Mannheim-vs-KIKS.log
PageHinkley_ADE_seq2seq_30_15,Erro (online),44939,2021,2021_TIGERs_vs_KIKS,2021-06-21_09-01_TIGERs_Mannheim-vs-KIKS.log
PageHinkley_ADE_seq2seq_30_15,Erro (online),45196,2021,2021_TIGERs_vs_KIKS,2021-06-21_09-01_TIGERs_Mannheim-vs-KIKS.log
PageHinkley_ADE_seq2seq_30_15,Erro (online),45287,2021,2021_TIGERs_vs_KIKS,2021-06-21_09-01_TIGERs_Mannheim-vs-KIKS.log
PageHinkley_ADE_seq2seq_30_15,Erro (online),45361,2021,2021_TIGERs_vs_KIKS,2021-06-21_09-01_TIGERs_Mannheim-vs-KIKS.log
PageHinkley_ADE_seq2seq_30_15,Erro (online),45461,2021,2021_TIGERs_vs_KIKS,2021-06-21_09-01_TIGERs_Mannheim-vs-KIKS.log
PageHinkley_ADE_seq2seq_30_15,Erro (online),45675,2021,2021_TIGERs_vs_KIKS,2021-06-21_09-01_TIGERs_Mannheim-vs-KIKS.log
PageHinkley_ADE_seq2seq_30_15,Erro (online),45802,2021,2021_TIGERs_vs_KIKS,2021-06-21_09-01_TIGERs_Mannheim-vs-KIKS.log
PageHinkley_ADE_seq2seq_30_15,Erro (online),45927,2021,2021_TIGERs_vs_KIKS,2021-06-21_09-01_TIGERs_Mannheim-vs-KIKS.log
PageHinkley_ADE_seq2seq_30_15,Erro (online),46059,2021,2021_TIGERs_vs_KIKS,2021-06-21_09-01_TIGERs_Mannheim-vs-KIKS.log
PageHinkley_ADE_seq2seq_30_15,Erro (online),46101,2021,2021_TIGERs_vs_KIKS,2021-06-21_09-01_TIGERs_Mannheim-vs-KIKS.log
PageHinkley_ADE_seq2seq_30_15,Erro (online),46176,2021,2021_TIGERs_vs_KIKS,2021-06-21_09-01_TIGERs_Mannheim-vs-KIKS.log
PageHinkley_ADE_seq2seq_30_15,Erro (online),46255,2021,2021_TIGERs_vs_KIKS,2021-06-21_09-01_TIGERs_Mannheim-vs-KIKS.log
PageHinkley_ADE_seq2seq_30_15,Erro (online),46321,2021,2021_TIGERs_vs_KIKS,2021-06-21_09-01_TIGERs_Mannheim-vs-KIKS.log
PageHinkley_ADE_seq2seq_30_15,Erro (online),46383,2021,2021_TIGERs_vs_KIKS,2021-06-21_09-01_TIGERs_Mannheim-vs-KIKS.log
PageHinkley_ADE_seq2seq_30_15,Erro (online),46436,2021,2021_TIGERs_vs_KIKS,2021-06-21_09-01_TIGERs_Mannheim-vs-KIKS.log
PageHinkley_ADE_seq2seq_30_15,Erro (online),46507,2021,2021_TIGERs_vs_KIKS,2021-06-21_09-01_TIGERs_Mannheim-vs-KIKS.log
PageHinkley_ADE_seq2seq_30_15,Erro (online),46632,2021,2021_TIGERs_vs_KIKS,2021-06-21_09-01_TIGERs_Mannheim-vs-KIKS.log
PageHinkley_ADE_seq2seq_30_15,Erro (online),46662,2021,2021_TIGERs_vs_KIKS,2021-06-21_09-01_TIGERs_Mannheim-vs-KIKS.log
PageHinkley_ADE_seq2seq_30_15,Erro (online),46723,2021,2021_TIGERs_vs_KIKS,2021-06-21_09-01_TIGERs_Mannheim-vs-KIKS.log
PageHinkley_ADE_seq2seq_30_15,Erro (online),46826,2021,2021_TIGERs_vs_KIKS,2021-06-21_09-01_TIGERs_Mannheim-vs-KIKS.log
PageHinkley_ADE_seq2seq_30_15,Erro (online),46886,2021,2021_TIGERs_vs_KIKS,2021-06-21_09-01_TIGERs_Mannheim-vs-KIKS.log
PageHinkley_ADE_seq2seq_30_15,Erro (online),47009,2021,2021_TIGERs_vs_KIKS,2021-06-21_09-01_TIGERs_Mannheim-vs-KIKS.log
PageHinkley_ADE_seq2seq_30_15,Erro (online),47208,2021,2021_TIGERs_vs_KIKS,2021-06-21_09-01_TIGERs_Mannheim-vs-KIKS.log
PageHinkley_ADE_seq2seq_30_15,Erro (online),47283,2021,2021_TIGERs_vs_KIKS,2021-06-21_09-01_TIGERs_Mannheim-vs-KIKS.log
PageHinkley_ADE_seq2seq_30_15,Erro (online),47313,2021,2021_TIGERs_vs_KIKS,2021-06-21_09-01_TIGERs_Mannheim-vs-KIKS.log
PageHinkley_ADE_seq2seq_30_15,Erro (online),47459,2021,2021_TIGERs_vs_KIKS,2021-06-21_09-01_TIGERs_Mannheim-vs-KIKS.log
PageHinkley_ADE_seq2seq_30_15,Erro (online),47611,2021,2021_TIGERs_vs_KIKS,2021-06-21_09-01_TIGERs_Mannheim-vs-KIKS.log
PageHinkley_ADE_seq2seq_30_15,Erro (online),47712,2021,2021_TIGERs_vs_KIKS,2021-06-21_09-01_TIGERs_Mannheim-vs-KIKS.log
PageHinkley_ADE_seq2seq_30_15,Erro (online),47847,2021,2021_TIGERs_vs_KIKS,2021-06-21_09-01_TIGERs_Mannheim-vs-KIKS.log
PageHinkley_ADE_seq2seq_30_15,Erro (online),47950,2021,2021_TIGERs_vs_KIKS,2021-06-21_09-01_TIGERs_Mannheim-vs-KIKS.log
PageHinkley_ADE_seq2seq_30_15,Erro (online),48003,2022,2022_KIKS_vs_ERForce,2022-07-13_12-10_KIKS-vs-ER-Force.log
PageHinkley_ADE_seq2seq_30_15,Erro (online),48072,2022,2022_KIKS_vs_ERForce,2022-07-13_12-10_KIKS-vs-ER-Force.log
PageHinkley_ADE_seq2seq_30_15,Erro (online),48127,2022,2022_KIKS_vs_ERForce,2022-07-13_12-10_KIKS-vs-ER-Force.log
PageHinkley_ADE_seq2seq_30_15,Erro (online),48205,2022,2022_KIKS_vs_ERForce,2022-07-13_12-10_KIKS-vs-ER-Force.log
PageHinkley_ADE_seq2seq_30_15,Erro (online),48293,2022,2022_KIKS_vs_ERForce,2022-07-13_12-10_KIKS-vs-ER-Force.log
PageHinkley_ADE_seq2seq_30_15,Erro (online),48336,2022,2022_KIKS_vs_ERForce,2022-07-13_12-10_KIKS-vs-ER-Force.log
PageHinkley_ADE_seq2seq_30_15,Erro (online),48431,2022,2022_KIKS_vs_ERForce,2022-07-13_12-10_KIKS-vs-ER-Force.log
PageHinkley_ADE_seq2seq_30_15,Erro (online),48474,2022,2022_KIKS_vs_ERForce,2022-07-13_12-10_KIKS-vs-ER-Force.log
PageHinkley_ADE_seq2seq_30_15,Erro (online),48522,2022,2022_KIKS_vs_ERForce,2022-07-13_12-10_KIKS-vs-ER-Force.log
PageHinkley_ADE_seq2seq_30_15,Erro (online),48596,2022,2022_KIKS_vs_ERForce,2022-07-13_12-10_KIKS-vs-ER-Force.log
PageHinkley_ADE_seq2seq_30_15,Erro (online),48653,2022,2022_KIKS_vs_ERForce,2022-07-13_12-10_KIKS-vs-ER-Force.log
PageHinkley_ADE_seq2seq_30_15,Erro (online),48791,2022,2022_KIKS_vs_ERForce,2022-07-13_12-10_KIKS-vs-ER-Force.log
PageHinkley_ADE_seq2seq_30_15,Erro (online),48835,2022,2022_KIKS_vs_ERForce,2022-07-13_12-10_KIKS-vs-ER-Force.log
PageHinkley_ADE_seq2seq_30_15,Erro (online),48970,2022,2022_KIKS_vs_ERForce,2022-07-13_12-10_KIKS-vs-ER-Force.log
PageHinkley_ADE_seq2seq_30_15,Erro (online),49000,2022,2022_KIKS_vs_ERForce,2022-07-13_12-10_KIKS-vs-ER-Force.log
PageHinkley_ADE_seq2seq_30_15,Erro (online),49045,2022,2022_KIKS_vs_ERForce,2022-07-13_12-10_KIKS-vs-ER-Force.log
PageHinkley_ADE_seq2seq_30_15,Erro (online),49145,2022,2022_KIKS_vs_ERForce,2022-07-13_12-10_KIKS-vs-ER-Force.log
PageHinkley_ADE_seq2seq_30_15,Erro (online),49184,2022,2022_KIKS_vs_ERForce,2022-07-13_12-10_KIKS-vs-ER-Force.log
PageHinkley_ADE_seq2seq_30_15,Erro (online),49231,2022,2022_KIKS_vs_ERForce,2022-07-13_12-10_KIKS-vs-ER-Force.log
PageHinkley_ADE_seq2seq_30_15,Erro (online),49261,2022,2022_KIKS_vs_ERForce,2022-07-13_12-10_KIKS-vs-ER-Force.log
PageHinkley_ADE_seq2seq_30_15,Erro (online),49313,2022,2022_KIKS_vs_ERForce,2022-07-13_12-10_KIKS-vs-ER-Force.log
PageHinkley_ADE_seq2seq_30_15,Erro (online),49454,2022,2022_KIKS_vs_ERForce,2022-07-13_12-10_KIKS-vs-ER-Force.log
PageHinkley_ADE_seq2seq_30_15,Erro (online),49503,2022,2022_KIKS_vs_ERForce,2022-07-13_12-10_KIKS-vs-ER-Force.log
PageHinkley_ADE_seq2seq_30_15,Erro (online),49547,2022,2022_KIKS_vs_ERForce,2022-07-13_12-10_KIKS-vs-ER-Force.log
PageHinkley_ADE_seq2seq_30_15,Erro (online),49597,2022,2022_KIKS_vs_ERForce,2022-07-13_12-10_KIKS-vs-ER-Force.log
PageHinkley_ADE_seq2seq_30_15,Erro (online),49714,2022,2022_KIKS_vs_ERForce,2022-07-13_12-10_KIKS-vs-ER-Force.log
PageHinkley_ADE_seq2seq_30_15,Erro (online),49762,2022,2022_KIKS_vs_ERForce,2022-07-13_12-10_KIKS-vs-ER-Force.log
PageHinkley_ADE_seq2seq_30_15,Erro (online),49903,2022,2022_KIKS_vs_ERForce,2022-07-13_12-10_KIKS-vs-ER-Force.log
PageHinkley_ADE_seq2seq_30_15,Erro (online),49983,2022,2022_KIKS_vs_ERForce,2022-07-13_12-10_KIKS-vs-ER-Force.log
PageHinkley_ADE_seq2seq_30_15,Erro (online),50072,2022,2022_KIKS_vs_ERForce,2022-07-13_12-10_KIKS-vs-ER-Force.log
PageHinkley_ADE_seq2seq_30_15,Erro (online),50165,2022,2022_KIKS_vs_ERForce,2022-07-13_12-10_KIKS-vs-ER-Force.log
PageHinkley_ADE_seq2seq_30_15,Erro (online),50236,2022,2022_KIKS_vs_ERForce,2022-07-13_12-10_KIKS-vs-ER-Force.log
PageHinkley_ADE_seq2seq_30_15,Erro (online),50312,2022,2022_KIKS_vs_ERForce,2022-07-13_12-10_KIKS-vs-ER-Force.log
PageHinkley_ADE_seq2seq_30_15,Erro (online),50378,2022,2022_KIKS_vs_ERForce,2022-07-13_12-10_KIKS-vs-ER-Force.log
PageHinkley_ADE_seq2seq_30_15,Erro (online),50448,2022,2022_KIKS_vs_ERForce,2022-07-13_12-10_KIKS-vs-ER-Force.log
PageHinkley_ADE_seq2seq_30_15,Erro (online),50500,2022,2022_KIKS_vs_ERForce,2022-07-13_12-10_KIKS-vs-ER-Force.log
PageHinkley_ADE_seq2seq_30_15,Erro (online),50530,2022,2022_KIKS_vs_ERForce,2022-07-13_12-10_KIKS-vs-ER-Force.log
PageHinkley_ADE_seq2seq_30_15,Erro (online),50603,2022,2022_KIKS_vs_ERForce,2022-07-13_12-10_KIKS-vs-ER-Force.log
PageHinkley_ADE_seq2seq_30_15,Erro (online),50716,2022,2022_KIKS_vs_ERForce,2022-07-13_12-10_KIKS-vs-ER-Force.log
PageHinkley_ADE_seq2seq_30_15,Erro (online),50771,2022,2022_KIKS_vs_ERForce,2022-07-13_12-10_KIKS-vs-ER-Force.log
PageHinkley_ADE_seq2seq_30_15,Erro (online),50802,2022,2022_KIKS_vs_ERForce,2022-07-13_12-10_KIKS-vs-ER-Force.log
PageHinkley_ADE_seq2seq_30_15,Erro (online),50901,2022,2022_KIKS_vs_ERForce,2022-07-13_12-10_KIKS-vs-ER-Force.log
PageHinkley_ADE_seq2seq_30_15,Erro (online),50993,2022,2022_KIKS_vs_ERForce,2022-07-13_12-10_KIKS-vs-ER-Force.log
PageHinkley_ADE_seq2seq_30_15,Erro (online),51081,2022,2022_KIKS_vs_ERForce,2022-07-13_12-10_KIKS-vs-ER-Force.log
PageHinkley_ADE_seq2seq_30_15,Erro (online),51156,2022,2022_KIKS_vs_ERForce,2022-07-13_12-10_KIKS-vs-ER-Force.log
PageHinkley_ADE_seq2seq_30_15,Erro (online),51186,2022,2022_KIKS_vs_ERForce,2022-07-13_12-10_KIKS-vs-ER-Force.log
PageHinkley_ADE_seq2seq_30_15,Erro (online),51302,2022,2022_KIKS_vs_ERForce,2022-07-13_12-10_KIKS-vs-ER-Force.log
PageHinkley_ADE_seq2seq_30_15,Erro (online),51355,2022,2022_KIKS_vs_ERForce,2022-07-13_12-10_KIKS-vs-ER-Force.log
PageHinkley_ADE_seq2seq_30_15,Erro (online),51385,2022,2022_KIKS_vs_ERForce,2022-07-13_12-10_KIKS-vs-ER-Force.log
PageHinkley_ADE_seq2seq_30_15,Erro (online),51415,2022,2022_KIKS_vs_ERForce,2022-07-13_12-10_KIKS-vs-ER-Force.log
PageHinkley_ADE_seq2seq_30_15,Erro (online),51534,2022,2022_KIKS_vs_ERForce,2022-07-13_12-10_KIKS-vs-ER-Force.log
PageHinkley_ADE_seq2seq_30_15,Erro (online),51572,2022,2022_KIKS_vs_ERForce,2022-07-13_12-10_KIKS-vs-ER-Force.log
PageHinkley_ADE_seq2seq_30_15,Erro (online),51723,2022,2022_KIKS_vs_ERForce,2022-07-13_12-10_KIKS-vs-ER-Force.log
PageHinkley_ADE_seq2seq_30_15,Erro (online),51823,2022,2022_KIKS_vs_ERForce,2022-07-13_12-10_KIKS-vs-ER-Force.log
PageHinkley_ADE_seq2seq_30_15,Erro (online),51883,2022,2022_KIKS_vs_ERForce,2022-07-13_12-10_KIKS-vs-ER-Force.log
PageHinkley_ADE_seq2seq_30_15,Erro (online),51933,2022,2022_KIKS_vs_ERForce,2022-07-13_12-10_KIKS-vs-ER-Force.log
PageHinkley_ADE_seq2seq_30_15,Erro (online),52060,2022,2022_KIKS_vs_ERForce,2022-07-13_12-10_KIKS-vs-ER-Force.log
PageHinkley_ADE_seq2seq_30_15,Erro (online),52105,2022,2022_KIKS_vs_ERForce,2022-07-13_12-10_KIKS-vs-ER-Force.log
PageHinkley_ADE_seq2seq_30_15,Erro (online),52139,2022,2022_KIKS_vs_ERForce,2022-07-13_12-10_KIKS-vs-ER-Force.log
PageHinkley_ADE_seq2seq_30_15,Erro (online),52249,2022,2022_KIKS_vs_ERForce,2022-07-13_12-10_KIKS-vs-ER-Force.log
PageHinkley_ADE_seq2seq_30_15,Erro (online),52280,2022,2022_KIKS_vs_ERForce,2022-07-13_12-10_KIKS-vs-ER-Force.log
PageHinkley_ADE_seq2seq_30_15,Erro (online),52316,2022,2022_KIKS_vs_ERForce,2022-07-13_12-10_KIKS-vs-ER-Force.log
PageHinkley_ADE_seq2seq_30_15,Erro (online),52364,2022,2022_KIKS_vs_ERForce,2022-07-13_12-10_KIKS-vs-ER-Force.log
PageHinkley_ADE_seq2seq_30_15,Erro (online),52399,2022,2022_KIKS_vs_ERForce,2022-07-13_12-10_KIKS-vs-ER-Force.log
PageHinkley_ADE_seq2seq_30_15,Erro (online),52448,2022,2022_KIKS_vs_ERForce,2022-07-13_12-10_KIKS-vs-ER-Force.log
PageHinkley_ADE_seq2seq_30_15,Erro (online),52496,2022,2022_KIKS_vs_ERForce,2022-07-13_12-10_KIKS-vs-ER-Force.log
PageHinkley_ADE_seq2seq_30_15,Erro (online),52581,2022,2022_KIKS_vs_ERForce,2022-07-13_12-10_KIKS-vs-ER-Force.log
PageHinkley_ADE_seq2seq_30_15,Erro (online),52612,2022,2022_KIKS_vs_ERForce,2022-07-13_12-10_KIKS-vs-ER-Force.log
PageHinkley_ADE_seq2seq_30_15,Erro (online),52673,2022,2022_KIKS_vs_ERForce,2022-07-13_12-10_KIKS-vs-ER-Force.log
PageHinkley_ADE_seq2seq_30_15,Erro (online),52791,2022,2022_KIKS_vs_ERForce,2022-07-13_12-10_KIKS-vs-ER-Force.log
PageHinkley_ADE_seq2seq_30_15,Erro (online),52836,2022,2022_KIKS_vs_ERForce,2022-07-13_12-10_KIKS-vs-ER-Force.log
PageHinkley_ADE_seq2seq_30_15,Erro (online),52964,2022,2022_KIKS_vs_ERForce,2022-07-13_12-10_KIKS-vs-ER-Force.log
PageHinkley_ADE_seq2seq_30_15,Erro (online),53027,2022,2022_KIKS_vs_ERForce,2022-07-13_12-10_KIKS-vs-ER-Force.log
PageHinkley_ADE_seq2seq_30_15,Erro (online),53070,2022,2022_KIKS_vs_ERForce,2022-07-13_12-10_KIKS-vs-ER-Force.log
PageHinkley_ADE_seq2seq_30_15,Erro (online),53134,2022,2022_KIKS_vs_ERForce,2022-07-13_12-10_KIKS-vs-ER-Force.log
PageHinkley_ADE_seq2seq_30_15,Erro (online),53216,2022,2022_KIKS_vs_ERForce,2022-07-13_12-10_KIKS-vs-ER-Force.log
PageHinkley_ADE_seq2seq_30_15,Erro (online),53434,2022,2022_KIKS_vs_ERForce,2022-07-13_12-10_KIKS-vs-ER-Force.log
PageHinkley_ADE_seq2seq_30_15,Erro (online),53485,2022,2022_KIKS_vs_ERForce,2022-07-13_12-10_KIKS-vs-ER-Force.log
PageHinkley_ADE_seq2seq_30_15,Erro (online),53584,2022,2022_KIKS_vs_ERForce,2022-07-13_12-10_KIKS-vs-ER-Force.log
PageHinkley_ADE_seq2seq_30_15,Erro (online),53685,2022,2022_KIKS_vs_ERForce,2022-07-13_12-10_KIKS-vs-ER-Force.log
PageHinkley_ADE_seq2seq_30_15,Erro (online),53842,2022,2022_KIKS_vs_ERForce,2022-07-13_12-10_KIKS-vs-ER-Force.log
PageHinkley_ADE_seq2seq_30_15,Erro (online),53890,2022,2022_KIKS_vs_ERForce,2022-07-13_12-10_KIKS-vs-ER-Force.log
PageHinkley_ADE_seq2seq_30_15,Erro (online),53920,2022,2022_KIKS_vs_ERForce,2022-07-13_12-10_KIKS-vs-ER-Force.log
PageHinkley_ADE_seq2seq_30_15,Erro (online),54068,2022,2022_KIKS_vs_ERForce,2022-07-13_12-10_KIKS-vs-ER-Force.log
PageHinkley_ADE_seq2seq_30_15,Erro (online),54183,2022,2022_KIKS_vs_ERForce,2022-07-13_12-10_KIKS-vs-ER-Force.log
PageHinkley_ADE_seq2seq_30_15,Erro (online),54251,2022,2022_KIKS_vs_ERForce,2022-07-13_12-10_KIKS-vs-ER-Force.log
PageHinkley_ADE_seq2seq_30_15,Erro (online),54293,2022,2022_KIKS_vs_ERForce,2022-07-13_12-10_KIKS-vs-ER-Force.log
PageHinkley_ADE_seq2seq_30_15,Erro (online),54464,2022,2022_KIKS_vs_ERForce,2022-07-13_12-10_KIKS-vs-ER-Force.log
PageHinkley_ADE_seq2seq_30_15,Erro (online),54687,2022,2022_KIKS_vs_ERForce,2022-07-13_12-10_KIKS-vs-ER-Force.log
PageHinkley_ADE_seq2seq_30_15,Erro (online),54826,2022,2022_KIKS_vs_ERForce,2022-07-13_12-10_KIKS-vs-ER-Force.log
PageHinkley_ADE_seq2seq_30_15,Erro (online),55009,2022,2022_KIKS_vs_ERForce,2022-07-13_12-10_KIKS-vs-ER-Force.log
PageHinkley_ADE_seq2seq_30_15,Erro (online),55215,2022,2022_KIKS_vs_ERForce,2022-07-13_12-10_KIKS-vs-ER-Force.log
PageHinkley_ADE_seq2seq_30_15,Erro (online),55314,2022,2022_KIKS_vs_ERForce,2022-07-13_12-10_KIKS-vs-ER-Force.log
PageHinkley_ADE_seq2seq_30_15,Erro (online),55385,2022,2022_KIKS_vs_ERForce,2022-07-13_12-10_KIKS-vs-ER-Force.log
PageHinkley_ADE_seq2seq_30_15,Erro (online),55440,2022,2022_KIKS_vs_ERForce,2022-07-13_12-10_KIKS-vs-ER-Force.log
PageHinkley_ADE_seq2seq_30_15,Erro (online),55470,2022,2022_KIKS_vs_ERForce,2022-07-13_12-10_KIKS-vs-ER-Force.log
PageHinkley_ADE_seq2seq_30_15,Erro (online),55548,2022,2022_KIKS_vs_ERForce,2022-07-13_12-10_KIKS-vs-ER-Force.log
PageHinkley_ADE_seq2seq_30_15,Erro (online),55590,2022,2022_KIKS_vs_ERForce,2022-07-13_12-10_KIKS-vs-ER-Force.log
PageHinkley_ADE_seq2seq_30_15,Erro (online),55624,2022,2022_KIKS_vs_ERForce,2022-07-13_12-10_KIKS-vs-ER-Force.log
PageHinkley_ADE_seq2seq_30_15,Erro (online),55654,2022,2022_KIKS_vs_ERForce,2022-07-13_12-10_KIKS-vs-ER-Force.log
PageHinkley_ADE_seq2seq_30_15,Erro (online),55706,2022,2022_KIKS_vs_ERForce,2022-07-13_12-10_KIKS-vs-ER-Force.log
PageHinkley_ADE_seq2seq_30_15,Erro (online),55767,2022,2022_KIKS_vs_ERForce,2022-07-13_12-10_KIKS-vs-ER-Force.log
PageHinkley_ADE_seq2seq_30_15,Erro (online),55840,2022,2022_KIKS_vs_ERForce,2022-07-13_12-10_KIKS-vs-ER-Force.log
PageHinkley_ADE_seq2seq_30_15,Erro (online),55882,2022,2022_KIKS_vs_ERForce,2022-07-13_12-10_KIKS-vs-ER-Force.log
PageHinkley_ADE_seq2seq_30_15,Erro (online),56057,2022,2022_TIGERs_Mannheim_vs_KIKS,2022-07-14_10-55_TIGERs_Mannheim-vs-KIKS.log
PageHinkley_ADE_seq2seq_30_15,Erro (online),56188,2022,2022_TIGERs_Mannheim_vs_KIKS,2022-07-14_10-55_TIGERs_Mannheim-vs-KIKS.log
PageHinkley_ADE_seq2seq_30_15,Erro (online),56272,2022,2022_TIGERs_Mannheim_vs_KIKS,2022-07-14_10-55_TIGERs_Mannheim-vs-KIKS.log
PageHinkley_ADE_seq2seq_30_15,Erro (online),56453,2022,2022_TIGERs_Mannheim_vs_KIKS,2022-07-14_10-55_TIGERs_Mannheim-vs-KIKS.log
PageHinkley_ADE_seq2seq_30_15,Erro (online),56545,2022,2022_TIGERs_Mannheim_vs_KIKS,2022-07-15_12-08_TIGERs_Mannheim-vs-KIKS.log
PageHinkley_ADE_seq2seq_30_15,Erro (online),56739,2022,2022_TIGERs_Mannheim_vs_KIKS,2022-07-14_10-55_TIGERs_Mannheim-vs-KIKS.log
PageHinkley_ADE_seq2seq_30_15,Erro (online),56803,2022,2022_TIGERs_Mannheim_vs_KIKS,2022-07-14_10-55_TIGERs_Mannheim-vs-KIKS.log
PageHinkley_ADE_seq2seq_30_15,Erro (online),57007,2022,2022_TIGERs_Mannheim_vs_KIKS,2022-07-14_10-55_TIGERs_Mannheim-vs-KIKS.log
PageHinkley_ADE_seq2seq_30_15,Erro (online),57269,2022,2022_TIGERs_Mannheim_vs_KIKS,2022-07-15_12-08_TIGERs_Mannheim-vs-KIKS.log
PageHinkley_ADE_seq2seq_30_15,Erro (online),57465,2022,2022_TIGERs_Mannheim_vs_KIKS,2022-07-15_12-08_TIGERs_Mannheim-vs-KIKS.log
PageHinkley_ADE_seq2seq_30_15,Erro (online),57864,2022,2022_TIGERs_Mannheim_vs_KIKS,2022-07-14_10-55_TIGERs_Mannheim-vs-KIKS.log
PageHinkley_ADE_seq2seq_30_15,Erro (online),57993,2022,2022_TIGERs_Mannheim_vs_KIKS,2022-07-15_12-08_TIGERs_Mannheim-vs-KIKS.log
PageHinkley_ADE_seq2seq_30_15,Erro (online),58056,2022,2022_TIGERs_Mannheim_vs_KIKS,2022-07-14_10-55_TIGERs_Mannheim-vs-KIKS.log
PageHinkley_ADE_seq2seq_30_15,Erro (online),58217,2022,2022_TIGERs_Mannheim_vs_KIKS,2022-07-14_10-55_TIGERs_Mannheim-vs-KIKS.log
PageHinkley_ADE_seq2seq_30_15,Erro (online),58313,2022,2022_TIGERs_Mannheim_vs_KIKS,2022-07-14_10-55_TIGERs_Mannheim-vs-KIKS.log
PageHinkley_ADE_seq2seq_30_15,Erro (online),58389,2022,2022_TIGERs_Mannheim_vs_KIKS,2022-07-14_10-55_TIGERs_Mannheim-vs-KIKS.log
PageHinkley_ADE_seq2seq_30_15,Erro (online),58602,2022,2022_TIGERs_Mannheim_vs_KIKS,2022-07-15_12-08_TIGERs_Mannheim-vs-KIKS.log
PageHinkley_ADE_seq2seq_30_15,Erro (online),58954,2022,2022_TIGERs_Mannheim_vs_KIKS,2022-07-14_10-55_TIGERs_Mannheim-vs-KIKS.log
PageHinkley_ADE_seq2seq_30_15,Erro (online),59289,2022,2022_TIGERs_Mannheim_vs_KIKS,2022-07-14_10-55_TIGERs_Mannheim-vs-KIKS.log
PageHinkley_ADE_seq2seq_30_15,Erro (online),59346,2022,2022_TIGERs_Mannheim_vs_KIKS,2022-07-14_10-55_TIGERs_Mannheim-vs-KIKS.log
PageHinkley_ADE_seq2seq_30_15,Erro (online),59652,2022,2022_TIGERs_Mannheim_vs_KIKS,2022-07-14_10-55_TIGERs_Mannheim-vs-KIKS.log
PageHinkley_ADE_seq2seq_30_15,Erro (online),59796,2022,2022_TIGERs_Mannheim_vs_KIKS,2022-07-15_12-08_TIGERs_Mannheim-vs-KIKS.log
PageHinkley_ADE_seq2seq_30_15,Erro (online),59899,2022,2022_TIGERs_Mannheim_vs_KIKS,2022-07-15_12-08_TIGERs_Mannheim-vs-KIKS.log
PageHinkley_ADE_seq2seq_30_15,Erro (online),59947,2022,2022_TIGERs_Mannheim_vs_KIKS,2022-07-14_10-55_TIGERs_Mannheim-vs-KIKS.log
PageHinkley_ADE_seq2seq_30_15,Erro (online),60017,2022,2022_TIGERs_Mannheim_vs_KIKS,2022-07-14_10-55_TIGERs_Mannheim-vs-KIKS.log
PageHinkley_ADE_seq2seq_30_15,Erro (online),60058,2022,2022_TIGERs_Mannheim_vs_KIKS,2022-07-15_12-08_TIGERs_Mannheim-vs-KIKS.log
PageHinkley_ADE_seq2seq_30_15,Erro (online),60140,2022,2022_TIGERs_Mannheim_vs_KIKS,2022-07-14_10-55_TIGERs_Mannheim-vs-KIKS.log
PageHinkley_ADE_seq2seq_30_15,Erro (online),60280,2022,2022_TIGERs_Mannheim_vs_KIKS,2022-07-14_10-55_TIGERs_Mannheim-vs-KIKS.log
PageHinkley_ADE_seq2seq_30_15,Erro (online),60445,2022,2022_TIGERs_Mannheim_vs_KIKS,2022-07-14_10-55_TIGERs_Mannheim-vs-KIKS.log
PageHinkley_ADE_seq2seq_30_15,Erro (online),60754,2022,2022_TIGERs_Mannheim_vs_KIKS,2022-07-14_10-55_TIGERs_Mannheim-vs-KIKS.log
PageHinkley_ADE_seq2seq_30_15,Erro (online),60988,2022,2022_TIGERs_Mannheim_vs_KIKS,2022-07-15_12-08_TIGERs_Mannheim-vs-KIKS.log
PageHinkley_ADE_seq2seq_30_15,Erro (online),61127,2022,2022_TIGERs_Mannheim_vs_KIKS,2022-07-14_10-55_TIGERs_Mannheim-vs-KIKS.log
PageHinkley_ADE_seq2seq_30_15,Erro (online),61236,2022,2022_TIGERs_Mannheim_vs_KIKS,2022-07-14_10-55_TIGERs_Mannheim-vs-KIKS.log
PageHinkley_ADE_seq2seq_30_15,Erro (online),61324,2022,2022_TIGERs_Mannheim_vs_KIKS,2022-07-15_12-08_TIGERs_Mannheim-vs-KIKS.log
PageHinkley_ADE_seq2seq_30_15,Erro (online),61557,2022,2022_TIGERs_Mannheim_vs_KIKS,2022-07-14_10-55_TIGERs_Mannheim-vs-KIKS.log
PageHinkley_ADE_seq2seq_30_15,Erro (online),61667,2022,2022_TIGERs_Mannheim_vs_KIKS,2022-07-14_10-55_TIGERs_Mannheim-vs-KIKS.log
PageHinkley_ADE_seq2seq_30_15,Erro (online),61735,2022,2022_TIGERs_Mannheim_vs_KIKS,2022-07-15_12-08_TIGERs_Mannheim-vs-KIKS.log
PageHinkley_ADE_seq2seq_30_15,Erro (online),61808,2022,2022_TIGERs_Mannheim_vs_KIKS,2022-07-14_10-55_TIGERs_Mannheim-vs-KIKS.log
PageHinkley_ADE_seq2seq_30_15,Erro (online),61898,2022,2022_TIGERs_Mannheim_vs_KIKS,2022-07-15_12-08_TIGERs_Mannheim-vs-KIKS.log
PageHinkley_ADE_seq2seq_30_15,Erro (online),62186,2022,2022_TIGERs_Mannheim_vs_KIKS,2022-07-14_10-55_TIGERs_Mannheim-vs-KIKS.log
PageHinkley_ADE_seq2seq_30_15,Erro (online),62292,2022,2022_TIGERs_Mannheim_vs_KIKS,2022-07-14_10-55_TIGERs_Mannheim-vs-KIKS.log
PageHinkley_ADE_seq2seq_30_15,Erro (online),62625,2022,2022_TIGERs_Mannheim_vs_KIKS,2022-07-14_10-55_TIGERs_Mannheim-vs-KIKS.log
PageHinkley_ADE_seq2seq_30_15,Erro (online),62665,2022,2022_TIGERs_Mannheim_vs_KIKS,2022-07-14_10-55_TIGERs_Mannheim-vs-KIKS.log
PageHinkley_ADE_seq2seq_30_15,Erro (online),62696,2022,2022_TIGERs_Mannheim_vs_KIKS,2022-07-14_10-55_TIGERs_Mannheim-vs-KIKS.log
PageHinkley_ADE_seq2seq_30_15,Erro (online),62782,2022,2022_TIGERs_Mannheim_vs_KIKS,2022-07-15_12-08_TIGERs_Mannheim-vs-KIKS.log
PageHinkley_ADE_seq2seq_30_15,Erro (online),62874,2022,2022_TIGERs_Mannheim_vs_KIKS,2022-07-15_12-08_TIGERs_Mannheim-vs-KIKS.log
PageHinkley_ADE_seq2seq_30_15,Erro (online),63069,2022,2022_TIGERs_Mannheim_vs_KIKS,2022-07-14_10-55_TIGERs_Mannheim-vs-KIKS.log
PageHinkley_ADE_seq2seq_30_15,Erro (online),63144,2022,2022_TIGERs_Mannheim_vs_KIKS,2022-07-14_10-55_TIGERs_Mannheim-vs-KIKS.log
PageHinkley_ADE_seq2seq_30_15,Erro (online),63294,2022,2022_TIGERs_Mannheim_vs_KIKS,2022-07-14_10-55_TIGERs_Mannheim-vs-KIKS.log
PageHinkley_ADE_seq2seq_30_15,Erro (online),63521,2022,2022_TIGERs_Mannheim_vs_KIKS,2022-07-14_10-55_TIGERs_Mannheim-vs-KIKS.log
PageHinkley_ADE_seq2seq_30_15,Erro (online),63617,2022,2022_TIGERs_Mannheim_vs_KIKS,2022-07-14_10-55_TIGERs_Mannheim-vs-KIKS.log
PageHinkley_ADE_seq2seq_30_15,Erro (online),63715,2022,2022_TIGERs_Mannheim_vs_KIKS,2022-07-14_10-55_TIGERs_Mannheim-vs-KIKS.log
PageHinkley_ADE_seq2seq_30_15,Erro (online),63788,2022,2022_TIGERs_Mannheim_vs_KIKS,2022-07-14_10-55_TIGERs_Mannheim-vs-KIKS.log
PageHinkley_ADE_seq2seq_30_15,Erro (online),63830,2022,2022_TIGERs_Mannheim_vs_KIKS,2022-07-14_10-55_TIGERs_Mannheim-vs-KIKS.log
PageHinkley_ADE_seq2seq_30_15,Erro (online),63952,2022,2022_TIGERs_Mannheim_vs_KIKS,2022-07-14_10-55_TIGERs_Mannheim-vs-KIKS.log
PageHinkley_ADE_seq2seq_30_15,Erro (online),64024,2022,2022_TIGERs_Mannheim_vs_KIKS,2022-07-14_10-55_TIGERs_Mannheim-vs-KIKS.log
PageHinkley_ADE_seq2seq_30_15,Erro (online),64055,2022,2022_TIGERs_Mannheim_vs_KIKS,2022-07-15_12-08_TIGERs_Mannheim-vs-KIKS.log
PageHinkley_ADE_seq2seq_30_15,Erro (online),64152,2022,2022_TIGERs_Mannheim_vs_KIKS,2022-07-14_10-55_TIGERs_Mannheim-vs-KIKS.log
PageHinkley_ADE_seq2seq_30_15,Erro (online),64182,2022,2022_TIGERs_Mannheim_vs_KIKS,2022-07-14_10-55_TIGERs_Mannheim-vs-KIKS.log
PageHinkley_ADE_seq2seq_30_15,Erro (online),64242,2022,2022_TIGERs_Mannheim_vs_KIKS,2022-07-15_12-08_TIGERs_Mannheim-vs-KIKS.log
PageHinkley_ADE_seq2seq_30_15,Erro (online),64390,2022,2022_TIGERs_Mannheim_vs_KIKS,2022-07-14_10-55_TIGERs_Mannheim-vs-KIKS.log
PageHinkley_ADE_seq2seq_30_15,Erro (online),64425,2022,2022_TIGERs_Mannheim_vs_KIKS,2022-07-14_10-55_TIGERs_Mannheim-vs-KIKS.log
PageHinkley_ADE_seq2seq_30_15,Erro (online),64555,2022,2022_TIGERs_Mannheim_vs_KIKS,2022-07-14_10-55_TIGERs_Mannheim-vs-KIKS.log
PageHinkley_ADE_seq2seq_30_15,Erro (online),64624,2022,2022_TIGERs_Mannheim_vs_KIKS,2022-07-14_10-55_TIGERs_Mannheim-vs-KIKS.log
PageHinkley_ADE_seq2seq_30_15,Erro (online),64734,2022,2022_TIGERs_Mannheim_vs_KIKS,2022-07-14_10-55_TIGERs_Mannheim-vs-KIKS.log
PageHinkley_ADE_seq2seq_30_15,Erro (online),64981,2022,2022_TIGERs_Mannheim_vs_KIKS,2022-07-14_10-55_TIGERs_Mannheim-vs-KIKS.log
PageHinkley_ADE_seq2seq_30_15,Erro (online),65059,2022,2022_TIGERs_Mannheim_vs_KIKS,2022-07-15_12-08_TIGERs_Mannheim-vs-KIKS.log
PageHinkley_ADE_seq2seq_30_15,Erro (online),65113,2022,2022_TIGERs_Mannheim_vs_KIKS,2022-07-15_12-08_TIGERs_Mannheim-vs-KIKS.log
PageHinkley_ADE_seq2seq_30_15,Erro (online),65252,2022,2022_TIGERs_Mannheim_vs_KIKS,2022-07-15_12-08_TIGERs_Mannheim-vs-KIKS.log
PageHinkley_ADE_seq2seq_30_15,Erro (online),65329,2022,2022_TIGERs_Mannheim_vs_KIKS,2022-07-14_10-55_TIGERs_Mannheim-vs-KIKS.log
PageHinkley_ADE_seq2seq_30_15,Erro (online),65377,2022,2022_TIGERs_Mannheim_vs_KIKS,2022-07-14_10-55_TIGERs_Mannheim-vs-KIKS.log
PageHinkley_ADE_seq2seq_30_15,Erro (online),65454,2022,2022_TIGERs_Mannheim_vs_KIKS,2022-07-15_12-08_TIGERs_Mannheim-vs-KIKS.log
PageHinkley_ADE_seq2seq_30_15,Erro (online),65544,2022,2022_TIGERs_Mannheim_vs_KIKS,2022-07-15_12-08_TIGERs_Mannheim-vs-KIKS.log
PageHinkley_ADE_seq2seq_30_15,Erro (online),65576,2022,2022_TIGERs_Mannheim_vs_KIKS,2022-07-15_12-08_TIGERs_Mannheim-vs-KIKS.log
PageHinkley_ADE_seq2seq_30_15,Erro (online),65647,2022,2022_TIGERs_Mannheim_vs_KIKS,2022-07-15_12-08_TIGERs_Mannheim-vs-KIKS.log
PageHinkley_ADE_seq2seq_30_15,Erro (online),65692,2022,2022_TIGERs_Mannheim_vs_KIKS,2022-07-14_10-55_TIGERs_Mannheim-vs-KIKS.log
PageHinkley_ADE_seq2seq_30_15,Erro (online),65806,2022,2022_TIGERs_Mannheim_vs_KIKS,2022-07-15_12-08_TIGERs_Mannheim-vs-KIKS.log
PageHinkley_ADE_seq2seq_30_15,Erro (online),65857,2022,2022_TIGERs_Mannheim_vs_KIKS,2022-07-14_10-55_TIGERs_Mannheim-vs-KIKS.log
PageHinkley_ADE_seq2seq_30_15,Erro (online),65906,2022,2022_TIGERs_Mannheim_vs_KIKS,2022-07-14_10-55_TIGERs_Mannheim-vs-KIKS.log
PageHinkley_ADE_seq2seq_30_15,Erro (online),65996,2022,2022_TIGERs_Mannheim_vs_KIKS,2022-07-14_10-55_TIGERs_Mannheim-vs-KIKS.log
PageHinkley_ADE_seq2seq_30_15,Erro (online),66060,2022,2022_TIGERs_Mannheim_vs_KIKS,2022-07-15_12-08_TIGERs_Mannheim-vs-KIKS.log
PageHinkley_ADE_seq2seq_30_15,Erro (online),66101,2022,2022_TIGERs_Mannheim_vs_KIKS,2022-07-14_10-55_TIGERs_Mannheim-vs-KIKS.log
PageHinkley_ADE_seq2seq_30_15,Erro (online),66136,2022,2022_TIGERs_Mannheim_vs_KIKS,2022-07-15_12-08_TIGERs_Mannheim-vs-KIKS.log
PageHinkley_ADE_seq2seq_30_15,Erro (online),66179,2022,2022_TIGERs_Mannheim_vs_KIKS,2022-07-14_10-55_TIGERs_Mannheim-vs-KIKS.log
PageHinkley_ADE_seq2seq_30_15,Erro (online),66317,2022,2022_TIGERs_Mannheim_vs_KIKS,2022-07-14_10-55_TIGERs_Mannheim-vs-KIKS.log
PageHinkley_ADE_seq2seq_30_15,Erro (online),66434,2022,2022_TIGERs_Mannheim_vs_KIKS,2022-07-15_12-08_TIGERs_Mannheim-vs-KIKS.log
PageHinkley_ADE_seq2seq_30_15,Erro (online),66642,2022,2022_TIGERs_Mannheim_vs_KIKS,2022-07-14_10-55_TIGERs_Mannheim-vs-KIKS.log
PageHinkley_ADE_seq2seq_30_15,Erro (online),66701,2022,2022_TIGERs_Mannheim_vs_KIKS,2022-07-14_10-55_TIGERs_Mannheim-vs-KIKS.log
PageHinkley_ADE_seq2seq_30_15,Erro (online),66745,2022,2022_TIGERs_Mannheim_vs_KIKS,2022-07-15_12-08_TIGERs_Mannheim-vs-KIKS.log
PageHinkley_ADE_seq2seq_30_15,Erro (online),66891,2022,2022_TIGERs_Mannheim_vs_KIKS,2022-07-14_10-55_TIGERs_Mannheim-vs-KIKS.log
PageHinkley_ADE_seq2seq_30_15,Erro (online),66968,2022,2022_TIGERs_Mannheim_vs_KIKS,2022-07-15_12-08_TIGERs_Mannheim-vs-KIKS.log
PageHinkley_ADE_seq2seq_30_15,Erro (online),67059,2022,2022_TIGERs_Mannheim_vs_KIKS,2022-07-15_12-08_TIGERs_Mannheim-vs-KIKS.log
PageHinkley_ADE_seq2seq_30_15,Erro (online),67160,2022,2022_TIGERs_Mannheim_vs_KIKS,2022-07-14_10-55_TIGERs_Mannheim-vs-KIKS.log
PageHinkley_ADE_seq2seq_30_15,Erro (online),67207,2022,2022_TIGERs_Mannheim_vs_KIKS,2022-07-15_12-08_TIGERs_Mannheim-vs-KIKS.log
PageHinkley_ADE_seq2seq_30_15,Erro (online),67271,2022,2022_TIGERs_Mannheim_vs_KIKS,2022-07-15_12-08_TIGERs_Mannheim-vs-KIKS.log
PageHinkley_ADE_seq2seq_30_15,Erro (online),67390,2022,2022_TIGERs_Mannheim_vs_KIKS,2022-07-14_10-55_TIGERs_Mannheim-vs-KIKS.log
PageHinkley_ADE_seq2seq_30_15,Erro (online),67486,2022,2022_TIGERs_Mannheim_vs_KIKS,2022-07-15_12-08_TIGERs_Mannheim-vs-KIKS.log
PageHinkley_ADE_seq2seq_30_15,Erro (online),67562,2022,2022_TIGERs_Mannheim_vs_KIKS,2022-07-14_10-55_TIGERs_Mannheim-vs-KIKS.log
PageHinkley_ADE_seq2seq_30_15,Erro (online),67634,2022,2022_TIGERs_Mannheim_vs_KIKS,2022-07-14_10-55_TIGERs_Mannheim-vs-KIKS.log
PageHinkley_ADE_seq2seq_30_15,Erro (online),67664,2022,2022_TIGERs_Mannheim_vs_KIKS,2022-07-15_12-08_TIGERs_Mannheim-vs-KIKS.log
PageHinkley_ADE_seq2seq_30_15,Erro (online),67833,2022,2022_TIGERs_Mannheim_vs_KIKS,2022-07-14_10-55_TIGERs_Mannheim-vs-KIKS.log
PageHinkley_ADE_seq2seq_30_15,Erro (online),67930,2022,2022_TIGERs_Mannheim_vs_KIKS,2022-07-14_10-55_TIGERs_Mannheim-vs-KIKS.log
PageHinkley_ADE_seq2seq_30_15,Erro (online),68054,2022,2022_TIGERs_Mannheim_vs_KIKS,2022-07-14_10-55_TIGERs_Mannheim-vs-KIKS.log
PageHinkley_ADE_seq2seq_30_15,Erro (online),68150,2022,2022_TIGERs_Mannheim_vs_KIKS,2022-07-15_12-08_TIGERs_Mannheim-vs-KIKS.log
PageHinkley_ADE_seq2seq_30_15,Erro (online),68194,2022,2022_TIGERs_Mannheim_vs_KIKS,2022-07-15_12-08_TIGERs_Mannheim-vs-KIKS.log
PageHinkley_ADE_seq2seq_30_15,Erro (online),68427,2022,2022_TIGERs_Mannheim_vs_KIKS,2022-07-14_10-55_TIGERs_Mannheim-vs-KIKS.log
PageHinkley_ADE_seq2seq_30_15,Erro (online),68474,2022,2022_TIGERs_Mannheim_vs_KIKS,2022-07-14_10-55_TIGERs_Mannheim-vs-KIKS.log
PageHinkley_ADE_seq2seq_30_15,Erro (online),68545,2022,2022_TIGERs_Mannheim_vs_KIKS,2022-07-14_10-55_TIGERs_Mannheim-vs-KIKS.log
PageHinkley_ADE_seq2seq_30_15,Erro (online),68623,2022,2022_TIGERs_Mannheim_vs_KIKS,2022-07-15_12-08_TIGERs_Mannheim-vs-KIKS.log
PageHinkley_ADE_seq2seq_30_15,Erro (online),68693,2022,2022_TIGERs_Mannheim_vs_KIKS,2022-07-15_12-08_TIGERs_Mannheim-vs-KIKS.log
PageHinkley_ADE_seq2seq_30_15,Erro (online),68741,2022,2022_TIGERs_Mannheim_vs_KIKS,2022-07-15_12-08_TIGERs_Mannheim-vs-KIKS.log
PageHinkley_ADE_seq2seq_30_15,Erro (online),68771,2022,2022_TIGERs_Mannheim_vs_KIKS,2022-07-15_12-08_TIGERs_Mannheim-vs-KIKS.log
PageHinkley_ADE_seq2seq_30_15,Erro (online),68855,2022,2022_TIGERs_Mannheim_vs_KIKS,2022-07-15_12-08_TIGERs_Mannheim-vs-KIKS.log
PageHinkley_ADE_seq2seq_30_15,Erro (online),69005,2022,2022_TIGERs_Mannheim_vs_KIKS,2022-07-15_12-08_TIGERs_Mannheim-vs-KIKS.log
PageHinkley_ADE_seq2seq_30_15,Erro (online),69135,2022,2022_TIGERs_Mannheim_vs_KIKS,2022-07-15_12-08_TIGERs_Mannheim-vs-KIKS.log
PageHinkley_ADE_seq2seq_30_15,Erro (online),69170,2022,2022_TIGERs_Mannheim_vs_KIKS,2022-07-15_12-08_TIGERs_Mannheim-vs-KIKS.log
PageHinkley_ADE_seq2seq_30_15,Erro (online),69260,2022,2022_TIGERs_Mannheim_vs_KIKS,2022-07-15_12-08_TIGERs_Mannheim-vs-KIKS.log
PageHinkley_ADE_seq2seq_30_15,Erro (online),69420,2022,2022_TIGERs_Mannheim_vs_KIKS,2022-07-15_12-08_TIGERs_Mannheim-vs-KIKS.log
PageHinkley_ADE_seq2seq_30_15,Erro (online),69477,2022,2022_TIGERs_Mannheim_vs_KIKS,2022-07-15_12-08_TIGERs_Mannheim-vs-KIKS.log
PageHinkley_ADE_seq2seq_30_15,Erro (online),69530,2022,2022_TIGERs_Mannheim_vs_KIKS,2022-07-15_12-08_TIGERs_Mannheim-vs-KIKS.log
PageHinkley_ADE_seq2seq_30_15,Erro (online),69681,2022,2022_TIGERs_Mannheim_vs_KIKS,2022-07-15_12-08_TIGERs_Mannheim-vs-KIKS.log
PageHinkley_ADE_seq2seq_30_15,Erro (online),69746,2022,2022_TIGERs_Mannheim_vs_KIKS,2022-07-15_12-08_TIGERs_Mannheim-vs-KIKS.log
PageHinkley_ADE_seq2seq_30_15,Erro (online),69801,2022,2022_TIGERs_Mannheim_vs_KIKS,2022-07-15_12-08_TIGERs_Mannheim-vs-KIKS.log
PageHinkley_ADE_seq2seq_30_15,Erro (online),69877,2022,2022_TIGERs_Mannheim_vs_KIKS,2022-07-15_12-08_TIGERs_Mannheim-vs-KIKS.log
PageHinkley_ADE_seq2seq_30_15,Erro (online),70084,2022,2022_TIGERs_Mannheim_vs_KIKS,2022-07-15_12-08_TIGERs_Mannheim-vs-KIKS.log
PageHinkley_ADE_seq2seq_30_15,Erro (online),70205,2022,2022_TIGERs_Mannheim_vs_KIKS,2022-07-15_12-08_TIGERs_Mannheim-vs-KIKS.log
PageHinkley_ADE_seq2seq_30_15,Erro (online),70296,2022,2022_TIGERs_Mannheim_vs_KIKS,2022-07-15_12-08_TIGERs_Mannheim-vs-KIKS.log
PageHinkley_ADE_seq2seq_30_15,Erro (online),70442,2022,2022_TIGERs_Mannheim_vs_KIKS,2022-07-15_12-08_TIGERs_Mannheim-vs-KIKS.log
PageHinkley_ADE_seq2seq_30_15,Erro (online),70551,2022,2022_TIGERs_Mannheim_vs_KIKS,2022-07-15_12-08_TIGERs_Mannheim-vs-KIKS.log
PageHinkley_ADE_seq2seq_30_15,Erro (online),70601,2022,2022_TIGERs_Mannheim_vs_KIKS,2022-07-15_12-08_TIGERs_Mannheim-vs-KIKS.log
PageHinkley_ADE_seq2seq_30_15,Erro (online),70738,2022,2022_TIGERs_Mannheim_vs_KIKS,2022-07-15_12-08_TIGERs_Mannheim-vs-KIKS.log
PageHinkley_ADE_seq2seq_30_15,Erro (online),70841,2022,2022_TIGERs_Mannheim_vs_KIKS,2022-07-15_12-08_TIGERs_Mannheim-vs-KIKS.log
PageHinkley_ADE_seq2seq_30_15,Erro (online),70938,2022,2022_TIGERs_Mannheim_vs_KIKS,2022-07-15_12-08_TIGERs_Mannheim-vs-KIKS.log
PageHinkley_ADE_seq2seq_30_15,Erro (online),71038,2022,2022_TIGERs_Mannheim_vs_KIKS,2022-07-15_12-08_TIGERs_Mannheim-vs-KIKS.log
PageHinkley_ADE_seq2seq_30_15,Erro (online),71114,2022,2022_TIGERs_Mannheim_vs_KIKS,2022-07-15_12-08_TIGERs_Mannheim-vs-KIKS.log
PageHinkley_ADE_seq2seq_30_15,Erro (online),71284,2022,2022_TIGERs_Mannheim_vs_KIKS,2022-07-15_12-08_TIGERs_Mannheim-vs-KIKS.log
PageHinkley_ADE_seq2seq_30_15,Erro (online),71389,2022,2022_TIGERs_Mannheim_vs_KIKS,2022-07-15_12-08_TIGERs_Mannheim-vs-KIKS.log
PageHinkley_ADE_seq2seq_30_15,Erro (online),71607,2022,2022_TIGERs_Mannheim_vs_KIKS,2022-07-15_12-08_TIGERs_Mannheim-vs-KIKS.log
PageHinkley_ADE_seq2seq_30_15,Erro (online),71664,2022,2022_TIGERs_Mannheim_vs_KIKS,2022-07-15_12-08_TIGERs_Mannheim-vs-KIKS.log
PageHinkley_ADE_seq2seq_30_15,Erro (online),71723,2022,2022_TIGERs_Mannheim_vs_KIKS,2022-07-15_12-08_TIGERs_Mannheim-vs-KIKS.log
PageHinkley_ADE_seq2seq_30_15,Erro (online),71771,2022,2022_TIGERs_Mannheim_vs_KIKS,2022-07-15_12-08_TIGERs_Mannheim-vs-KIKS.log
PageHinkley_ADE_seq2seq_30_15,Erro (online),71892,2022,2022_TIGERs_Mannheim_vs_KIKS,2022-07-15_12-08_TIGERs_Mannheim-vs-KIKS.log
PageHinkley_ADE_seq2seq_30_15,Erro (online),71968,2022,2022_TIGERs_Mannheim_vs_KIKS,2022-07-15_12-08_TIGERs_Mannheim-vs-KIKS.log
PageHinkley_ADE_seq2seq_30_15,Erro (online),72070,2023,2023_RoboTeam_Twente_vs_KIKS,2023-07-08_09-11_RoboTeam_Twente-vs-KIKS.log
PageHinkley_ADE_seq2seq_30_15,Erro (online),72135,2023,2023_RoboTeam_Twente_vs_KIKS,2023-07-08_09-11_RoboTeam_Twente-vs-KIKS.log
PageHinkley_ADE_seq2seq_30_15,Erro (online),72202,2023,2023_RoboTeam_Twente_vs_KIKS,2023-07-08_09-11_RoboTeam_Twente-vs-KIKS.log
PageHinkley_ADE_seq2seq_30_15,Erro (online),72232,2023,2023_RoboTeam_Twente_vs_KIKS,2023-07-08_09-11_RoboTeam_Twente-vs-KIKS.log
PageHinkley_ADE_seq2seq_30_15,Erro (online),72267,2023,2023_RoboTeam_Twente_vs_KIKS,2023-07-08_09-11_RoboTeam_Twente-vs-KIKS.log
PageHinkley_ADE_seq2seq_30_15,Erro (online),72386,2023,2023_RoboTeam_Twente_vs_KIKS,2023-07-08_09-11_RoboTeam_Twente-vs-KIKS.log
PageHinkley_ADE_seq2seq_30_15,Erro (online),72450,2023,2023_RoboTeam_Twente_vs_KIKS,2023-07-08_09-11_RoboTeam_Twente-vs-KIKS.log
PageHinkley_ADE_seq2seq_30_15,Erro (online),72480,2023,2023_RoboTeam_Twente_vs_KIKS,2023-07-08_09-11_RoboTeam_Twente-vs-KIKS.log
PageHinkley_ADE_seq2seq_30_15,Erro (online),72537,2023,2023_RoboTeam_Twente_vs_KIKS,2023-07-08_09-11_RoboTeam_Twente-vs-KIKS.log
PageHinkley_ADE_seq2seq_30_15,Erro (online),72594,2023,2023_RoboTeam_Twente_vs_KIKS,2023-07-08_09-11_RoboTeam_Twente-vs-KIKS.log
PageHinkley_ADE_seq2seq_30_15,Erro (online),72624,2023,2023_RoboTeam_Twente_vs_KIKS,2023-07-08_09-11_RoboTeam_Twente-vs-KIKS.log
PageHinkley_ADE_seq2seq_30_15,Erro (online),72679,2023,2023_RoboTeam_Twente_vs_KIKS,2023-07-08_09-11_RoboTeam_Twente-vs-KIKS.log
PageHinkley_ADE_seq2seq_30_15,Erro (online),72716,2023,2023_RoboTeam_Twente_vs_KIKS,2023-07-08_09-11_RoboTeam_Twente-vs-KIKS.log
PageHinkley_ADE_seq2seq_30_15,Erro (online),72796,2023,2023_RoboTeam_Twente_vs_KIKS,2023-07-08_09-11_RoboTeam_Twente-vs-KIKS.log
PageHinkley_ADE_seq2seq_30_15,Erro (online),72854,2023,2023_RoboTeam_Twente_vs_KIKS,2023-07-08_09-11_RoboTeam_Twente-vs-KIKS.log
PageHinkley_ADE_seq2seq_30_15,Erro (online),72909,2023,2023_RoboTeam_Twente_vs_KIKS,2023-07-08_09-11_RoboTeam_Twente-vs-KIKS.log
PageHinkley_ADE_seq2seq_30_15,Erro (online),72951,2023,2023_RoboTeam_Twente_vs_KIKS,2023-07-08_09-11_RoboTeam_Twente-vs-KIKS.log
PageHinkley_ADE_seq2seq_30_15,Erro (online),72985,2023,2023_RoboTeam_Twente_vs_KIKS,2023-07-08_09-11_RoboTeam_Twente-vs-KIKS.log
PageHinkley_ADE_seq2seq_30_15,Erro (online),73087,2023,2023_RoboTeam_Twente_vs_KIKS,2023-07-08_09-11_RoboTeam_Twente-vs-KIKS.log
PageHinkley_ADE_seq2seq_30_15,Erro (online),73158,2023,2023_RoboTeam_Twente_vs_KIKS,2023-07-08_09-11_RoboTeam_Twente-vs-KIKS.log
PageHinkley_ADE_seq2seq_30_15,Erro (online),73209,2023,2023_RoboTeam_Twente_vs_KIKS,2023-07-08_09-11_RoboTeam_Twente-vs-KIKS.log
PageHinkley_ADE_seq2seq_30_15,Erro (online),73312,2023,2023_RoboTeam_Twente_vs_KIKS,2023-07-08_09-11_RoboTeam_Twente-vs-KIKS.log
PageHinkley_ADE_seq2seq_30_15,Erro (online),73342,2023,2023_RoboTeam_Twente_vs_KIKS,2023-07-08_09-11_RoboTeam_Twente-vs-KIKS.log
PageHinkley_ADE_seq2seq_30_15,Erro (online),73425,2023,2023_RoboTeam_Twente_vs_KIKS,2023-07-08_09-11_RoboTeam_Twente-vs-KIKS.log
PageHinkley_ADE_seq2seq_30_15,Erro (online),73495,2023,2023_RoboTeam_Twente_vs_KIKS,2023-07-08_09-11_RoboTeam_Twente-vs-KIKS.log
PageHinkley_ADE_seq2seq_30_15,Erro (online),73630,2023,2023_RoboTeam_Twente_vs_KIKS,2023-07-08_09-11_RoboTeam_Twente-vs-KIKS.log
PageHinkley_ADE_seq2seq_30_15,Erro (online),73662,2023,2023_RoboTeam_Twente_vs_KIKS,2023-07-08_09-11_RoboTeam_Twente-vs-KIKS.log
PageHinkley_ADE_seq2seq_30_15,Erro (online),73721,2023,2023_RoboTeam_Twente_vs_KIKS,2023-07-08_09-11_RoboTeam_Twente-vs-KIKS.log
PageHinkley_ADE_seq2seq_30_15,Erro (online),73768,2023,2023_RoboTeam_Twente_vs_KIKS,2023-07-08_09-11_RoboTeam_Twente-vs-KIKS.log
PageHinkley_ADE_seq2seq_30_15,Erro (online),73854,2023,2023_RoboTeam_Twente_vs_KIKS,2023-07-08_09-11_RoboTeam_Twente-vs-KIKS.log
PageHinkley_ADE_seq2seq_30_15,Erro (online),73920,2023,2023_RoboTeam_Twente_vs_KIKS,2023-07-08_09-11_RoboTeam_Twente-vs-KIKS.log
PageHinkley_ADE_seq2seq_30_15,Erro (online),73981,2023,2023_RoboTeam_Twente_vs_KIKS,2023-07-08_09-11_RoboTeam_Twente-vs-KIKS.log
PageHinkley_ADE_seq2seq_30_15,Erro (online),74019,2023,2023_RoboTeam_Twente_vs_KIKS,2023-07-08_09-11_RoboTeam_Twente-vs-KIKS.log
PageHinkley_ADE_seq2seq_30_15,Erro (online),74079,2023,2023_RoboTeam_Twente_vs_KIKS,2023-07-08_09-11_RoboTeam_Twente-vs-KIKS.log
PageHinkley_ADE_seq2seq_30_15,Erro (online),74123,2023,2023_RoboTeam_Twente_vs_KIKS,2023-07-08_09-11_RoboTeam_Twente-vs-KIKS.log
PageHinkley_ADE_seq2seq_30_15,Erro (online),74196,2023,2023_RoboTeam_Twente_vs_KIKS,2023-07-08_09-11_RoboTeam_Twente-vs-KIKS.log
PageHinkley_ADE_seq2seq_30_15,Erro (online),74281,2023,2023_RoboTeam_Twente_vs_KIKS,2023-07-08_09-11_RoboTeam_Twente-vs-KIKS.log
PageHinkley_ADE_seq2seq_30_15,Erro (online),74335,2023,2023_RoboTeam_Twente_vs_KIKS,2023-07-08_09-11_RoboTeam_Twente-vs-KIKS.log
PageHinkley_ADE_seq2seq_30_15,Erro (online),74371,2023,2023_RoboTeam_Twente_vs_KIKS,2023-07-08_09-11_RoboTeam_Twente-vs-KIKS.log
PageHinkley_ADE_seq2seq_30_15,Erro (online),74401,2023,2023_RoboTeam_Twente_vs_KIKS,2023-07-08_09-11_RoboTeam_Twente-vs-KIKS.log
PageHinkley_ADE_seq2seq_30_15,Erro (online),74454,2023,2023_RoboTeam_Twente_vs_KIKS,2023-07-08_09-11_RoboTeam_Twente-vs-KIKS.log
PageHinkley_ADE_seq2seq_30_15,Erro (online),74484,2023,2023_RoboTeam_Twente_vs_KIKS,2023-07-08_09-11_RoboTeam_Twente-vs-KIKS.log
PageHinkley_ADE_seq2seq_30_15,Erro (online),74543,2023,2023_RoboTeam_Twente_vs_KIKS,2023-07-08_09-11_RoboTeam_Twente-vs-KIKS.log
PageHinkley_ADE_seq2seq_30_15,Erro (online),74593,2023,2023_RoboTeam_Twente_vs_KIKS,2023-07-08_09-11_RoboTeam_Twente-vs-KIKS.log
PageHinkley_ADE_seq2seq_30_15,Erro (online),74623,2023,2023_RoboTeam_Twente_vs_KIKS,2023-07-08_09-11_RoboTeam_Twente-vs-KIKS.log
PageHinkley_ADE_seq2seq_30_15,Erro (online),74695,2023,2023_RoboTeam_Twente_vs_KIKS,2023-07-08_09-11_RoboTeam_Twente-vs-KIKS.log
PageHinkley_ADE_seq2seq_30_15,Erro (online),74759,2023,2023_RoboTeam_Twente_vs_KIKS,2023-07-08_09-11_RoboTeam_Twente-vs-KIKS.log
PageHinkley_ADE_seq2seq_30_15,Erro (online),74795,2023,2023_RoboTeam_Twente_vs_KIKS,2023-07-08_09-11_RoboTeam_Twente-vs-KIKS.log
PageHinkley_ADE_seq2seq_30_15,Erro (online),74924,2023,2023_RoboTeam_Twente_vs_KIKS,2023-07-08_09-11_RoboTeam_Twente-vs-KIKS.log
PageHinkley_ADE_seq2seq_30_15,Erro (online),75064,2023,2023_RoboTeam_Twente_vs_KIKS,2023-07-08_09-11_RoboTeam_Twente-vs-KIKS.log
PageHinkley_ADE_seq2seq_30_15,Erro (online),75094,2023,2023_RoboTeam_Twente_vs_KIKS,2023-07-08_09-11_RoboTeam_Twente-vs-KIKS.log
PageHinkley_ADE_seq2seq_30_15,Erro (online),75137,2023,2023_RoboTeam_Twente_vs_KIKS,2023-07-08_09-11_RoboTeam_Twente-vs-KIKS.log
PageHinkley_ADE_seq2seq_30_15,Erro (online),75197,2023,2023_RoboTeam_Twente_vs_KIKS,2023-07-08_09-11_RoboTeam_Twente-vs-KIKS.log
PageHinkley_ADE_seq2seq_30_15,Erro (online),75227,2023,2023_RoboTeam_Twente_vs_KIKS,2023-07-08_09-11_RoboTeam_Twente-vs-KIKS.log
PageHinkley_ADE_seq2seq_30_15,Erro (online),75325,2023,2023_RoboTeam_Twente_vs_KIKS,2023-07-08_09-11_RoboTeam_Twente-vs-KIKS.log
PageHinkley_ADE_seq2seq_30_15,Erro (online),75372,2023,2023_RoboTeam_Twente_vs_KIKS,2023-07-08_09-11_RoboTeam_Twente-vs-KIKS.log
PageHinkley_ADE_seq2seq_30_15,Erro (online),75402,2023,2023_RoboTeam_Twente_vs_KIKS,2023-07-08_09-11_RoboTeam_Twente-vs-KIKS.log
PageHinkley_ADE_seq2seq_30_15,Erro (online),75483,2023,2023_RoboTeam_Twente_vs_KIKS,2023-07-08_09-11_RoboTeam_Twente-vs-KIKS.log
PageHinkley_ADE_seq2seq_30_15,Erro (online),75589,2023,2023_RoboTeam_Twente_vs_KIKS,2023-07-08_09-11_RoboTeam_Twente-vs-KIKS.log
PageHinkley_ADE_seq2seq_30_15,Erro (online),75619,2023,2023_RoboTeam_Twente_vs_KIKS,2023-07-08_09-11_RoboTeam_Twente-vs-KIKS.log
PageHinkley_ADE_seq2seq_30_15,Erro (online),75649,2023,2023_RoboTeam_Twente_vs_KIKS,2023-07-08_09-11_RoboTeam_Twente-vs-KIKS.log
PageHinkley_ADE_seq2seq_30_15,Erro (online),75684,2023,2023_RoboTeam_Twente_vs_KIKS,2023-07-08_09-11_RoboTeam_Twente-vs-KIKS.log
PageHinkley_ADE_seq2seq_30_15,Erro (online),75754,2023,2023_RoboTeam_Twente_vs_KIKS,2023-07-08_09-11_RoboTeam_Twente-vs-KIKS.log
PageHinkley_ADE_seq2seq_30_15,Erro (online),75918,2023,2023_RoboTeam_Twente_vs_KIKS,2023-07-08_09-11_RoboTeam_Twente-vs-KIKS.log
PageHinkley_ADE_seq2seq_30_15,Erro (online),75960,2023,2023_RoboTeam_Twente_vs_KIKS,2023-07-08_09-11_RoboTeam_Twente-vs-KIKS.log
PageHinkley_ADE_seq2seq_30_15,Erro (online),75990,2023,2023_RoboTeam_Twente_vs_KIKS,2023-07-08_09-11_RoboTeam_Twente-vs-KIKS.log
PageHinkley_ADE_seq2seq_30_15,Erro (online),76074,2023,2023_RoboTeam_Twente_vs_KIKS,2023-07-08_09-11_RoboTeam_Twente-vs-KIKS.log
PageHinkley_ADE_seq2seq_30_15,Erro (online),76165,2023,2023_RoboTeam_Twente_vs_KIKS,2023-07-08_09-11_RoboTeam_Twente-vs-KIKS.log
PageHinkley_ADE_seq2seq_30_15,Erro (online),76234,2023,2023_RoboTeam_Twente_vs_KIKS,2023-07-08_09-11_RoboTeam_Twente-vs-KIKS.log
PageHinkley_ADE_seq2seq_30_15,Erro (online),76298,2023,2023_RoboTeam_Twente_vs_KIKS,2023-07-08_09-11_RoboTeam_Twente-vs-KIKS.log
PageHinkley_ADE_seq2seq_30_15,Erro (online),76334,2023,2023_RoboTeam_Twente_vs_KIKS,2023-07-08_09-11_RoboTeam_Twente-vs-KIKS.log
PageHinkley_ADE_seq2seq_30_15,Erro (online),76405,2023,2023_RoboTeam_Twente_vs_KIKS,2023-07-08_09-11_RoboTeam_Twente-vs-KIKS.log
PageHinkley_ADE_seq2seq_30_15,Erro (online),76474,2023,2023_RoboTeam_Twente_vs_KIKS,2023-07-08_09-11_RoboTeam_Twente-vs-KIKS.log
PageHinkley_ADE_seq2seq_30_15,Erro (online),76514,2023,2023_RoboTeam_Twente_vs_KIKS,2023-07-08_09-11_RoboTeam_Twente-vs-KIKS.log
PageHinkley_ADE_seq2seq_30_15,Erro (online),76548,2023,2023_RoboTeam_Twente_vs_KIKS,2023-07-08_09-11_RoboTeam_Twente-vs-KIKS.log
PageHinkley_ADE_seq2seq_30_15,Erro (online),76605,2023,2023_RoboTeam_Twente_vs_KIKS,2023-07-08_09-11_RoboTeam_Twente-vs-KIKS.log
PageHinkley_ADE_seq2seq_30_15,Erro (online),76642,2023,2023_RoboTeam_Twente_vs_KIKS,2023-07-08_09-11_RoboTeam_Twente-vs-KIKS.log
PageHinkley_ADE_seq2seq_30_15,Erro (online),76683,2023,2023_RoboTeam_Twente_vs_KIKS,2023-07-08_09-11_RoboTeam_Twente-vs-KIKS.log
PageHinkley_ADE_seq2seq_30_15,Erro (online),76785,2023,2023_RoboTeam_Twente_vs_KIKS,2023-07-08_09-11_RoboTeam_Twente-vs-KIKS.log
PageHinkley_ADE_seq2seq_30_15,Erro (online),76834,2023,2023_RoboTeam_Twente_vs_KIKS,2023-07-08_09-11_RoboTeam_Twente-vs-KIKS.log
PageHinkley_ADE_seq2seq_30_15,Erro (online),76904,2023,2023_RoboTeam_Twente_vs_KIKS,2023-07-08_09-11_RoboTeam_Twente-vs-KIKS.log
PageHinkley_ADE_seq2seq_30_15,Erro (online),77020,2023,2023_RoboTeam_Twente_vs_KIKS,2023-07-08_09-11_RoboTeam_Twente-vs-KIKS.log
PageHinkley_ADE_seq2seq_30_15,Erro (online),77075,2023,2023_RoboTeam_Twente_vs_KIKS,2023-07-08_09-11_RoboTeam_Twente-vs-KIKS.log
PageHinkley_ADE_seq2seq_30_15,Erro (online),77171,2023,2023_RoboTeam_Twente_vs_KIKS,2023-07-08_09-11_RoboTeam_Twente-vs-KIKS.log
PageHinkley_ADE_seq2seq_30_15,Erro (online),77228,2023,2023_RoboTeam_Twente_vs_KIKS,2023-07-08_09-11_RoboTeam_Twente-vs-KIKS.log
PageHinkley_ADE_seq2seq_30_15,Erro (online),77311,2023,2023_RoboTeam_Twente_vs_KIKS,2023-07-08_09-11_RoboTeam_Twente-vs-KIKS.log
PageHinkley_ADE_seq2seq_30_15,Erro (online),77411,2023,2023_RoboTeam_Twente_vs_KIKS,2023-07-08_09-11_RoboTeam_Twente-vs-KIKS.log
PageHinkley_ADE_seq2seq_30_15,Erro (online),77484,2023,2023_RoboTeam_Twente_vs_KIKS,2023-07-08_09-11_RoboTeam_Twente-vs-KIKS.log
PageHinkley_ADE_seq2seq_30_15,Erro (online),77514,2023,2023_RoboTeam_Twente_vs_KIKS,2023-07-08_09-11_RoboTeam_Twente-vs-KIKS.log
PageHinkley_ADE_seq2seq_30_15,Erro (online),77551,2023,2023_RoboTeam_Twente_vs_KIKS,2023-07-08_09-11_RoboTeam_Twente-vs-KIKS.log
PageHinkley_ADE_seq2seq_30_15,Erro (online),77581,2023,2023_RoboTeam_Twente_vs_KIKS,2023-07-08_09-11_RoboTeam_Twente-vs-KIKS.log
PageHinkley_ADE_seq2seq_30_15,Erro (online),77630,2023,2023_RoboTeam_Twente_vs_KIKS,2023-07-08_09-11_RoboTeam_Twente-vs-KIKS.log
PageHinkley_ADE_seq2seq_30_15,Erro (online),77689,2023,2023_RoboTeam_Twente_vs_KIKS,2023-07-08_09-11_RoboTeam_Twente-vs-KIKS.log
PageHinkley_ADE_seq2seq_30_15,Erro (online),77746,2023,2023_RoboTeam_Twente_vs_KIKS,2023-07-08_09-11_RoboTeam_Twente-vs-KIKS.log
PageHinkley_ADE_seq2seq_30_15,Erro (online),77795,2023,2023_RoboTeam_Twente_vs_KIKS,2023-07-08_09-11_RoboTeam_Twente-vs-KIKS.log
PageHinkley_ADE_seq2seq_30_15,Erro (online),77844,2023,2023_RoboTeam_Twente_vs_KIKS,2023-07-08_09-11_RoboTeam_Twente-vs-KIKS.log
PageHinkley_ADE_seq2seq_30_15,Erro (online),77931,2023,2023_RoboTeam_Twente_vs_KIKS,2023-07-08_09-11_RoboTeam_Twente-vs-KIKS.log
PageHinkley_ADE_seq2seq_30_15,Erro (online),77994,2023,2023_RoboTeam_Twente_vs_KIKS,2023-07-08_09-11_RoboTeam_Twente-vs-KIKS.log
PageHinkley_ADE_seq2seq_30_15,Erro (online),78068,2023,2023_RoboTeam_Twente_vs_KIKS,2023-07-08_09-11_RoboTeam_Twente-vs-KIKS.log
PageHinkley_ADE_seq2seq_30_15,Erro (online),78098,2023,2023_RoboTeam_Twente_vs_KIKS,2023-07-08_09-11_RoboTeam_Twente-vs-KIKS.log
PageHinkley_ADE_seq2seq_30_15,Erro (online),78149,2023,2023_RoboTeam_Twente_vs_KIKS,2023-07-08_09-11_RoboTeam_Twente-vs-KIKS.log
PageHinkley_ADE_seq2seq_30_15,Erro (online),78193,2023,2023_RoboTeam_Twente_vs_KIKS,2023-07-08_09-11_RoboTeam_Twente-vs-KIKS.log
PageHinkley_ADE_seq2seq_30_15,Erro (online),78223,2023,2023_RoboTeam_Twente_vs_KIKS,2023-07-08_09-11_RoboTeam_Twente-vs-KIKS.log
PageHinkley_ADE_seq2seq_30_15,Erro (online),78253,2023,2023_RoboTeam_Twente_vs_KIKS,2023-07-08_09-11_RoboTeam_Twente-vs-KIKS.log
PageHinkley_ADE_seq2seq_30_15,Erro (online),78285,2023,2023_RoboTeam_Twente_vs_KIKS,2023-07-08_09-11_RoboTeam_Twente-vs-KIKS.log
PageHinkley_ADE_seq2seq_30_15,Erro (online),78330,2023,2023_RoboTeam_Twente_vs_KIKS,2023-07-08_09-11_RoboTeam_Twente-vs-KIKS.log
PageHinkley_ADE_seq2seq_30_15,Erro (online),78375,2023,2023_RoboTeam_Twente_vs_KIKS,2023-07-08_09-11_RoboTeam_Twente-vs-KIKS.log
PageHinkley_ADE_seq2seq_30_15,Erro (online),78416,2023,2023_RoboTeam_Twente_vs_KIKS,2023-07-08_09-11_RoboTeam_Twente-vs-KIKS.log
PageHinkley_ADE_seq2seq_30_15,Erro (online),78509,2023,2023_RoboTeam_Twente_vs_KIKS,2023-07-08_09-11_RoboTeam_Twente-vs-KIKS.log
PageHinkley_ADE_seq2seq_30_15,Erro (online),78539,2023,2023_RoboTeam_Twente_vs_KIKS,2023-07-08_09-11_RoboTeam_Twente-vs-KIKS.log
PageHinkley_ADE_seq2seq_30_15,Erro (online),78569,2023,2023_RoboTeam_Twente_vs_KIKS,2023-07-08_09-11_RoboTeam_Twente-vs-KIKS.log
PageHinkley_ADE_seq2seq_30_15,Erro (online),78647,2023,2023_RoboTeam_Twente_vs_KIKS,2023-07-08_09-11_RoboTeam_Twente-vs-KIKS.log
PageHinkley_ADE_seq2seq_30_15,Erro (online),78721,2023,2023_RoboTeam_Twente_vs_KIKS,2023-07-08_09-11_RoboTeam_Twente-vs-KIKS.log
PageHinkley_ADE_seq2seq_30_15,Erro (online),78799,2023,2023_RoboTeam_Twente_vs_KIKS,2023-07-08_09-11_RoboTeam_Twente-vs-KIKS.log
PageHinkley_ADE_seq2seq_30_15,Erro (online),78945,2023,2023_RoboTeam_Twente_vs_KIKS,2023-07-08_09-11_RoboTeam_Twente-vs-KIKS.log
PageHinkley_ADE_seq2seq_30_15,Erro (online),79014,2023,2023_RoboTeam_Twente_vs_KIKS,2023-07-08_09-11_RoboTeam_Twente-vs-KIKS.log
PageHinkley_ADE_seq2seq_30_15,Erro (online),79044,2023,2023_RoboTeam_Twente_vs_KIKS,2023-07-08_09-11_RoboTeam_Twente-vs-KIKS.log
PageHinkley_ADE_seq2seq_30_15,Erro (online),79126,2023,2023_RoboTeam_Twente_vs_KIKS,2023-07-08_09-11_RoboTeam_Twente-vs-KIKS.log
PageHinkley_ADE_seq2seq_30_15,Erro (online),79231,2023,2023_RoboTeam_Twente_vs_KIKS,2023-07-08_09-11_RoboTeam_Twente-vs-KIKS.log
PageHinkley_ADE_seq2seq_30_15,Erro (online),79302,2023,2023_RoboTeam_Twente_vs_KIKS,2023-07-08_09-11_RoboTeam_Twente-vs-KIKS.log
PageHinkley_ADE_seq2seq_30_15,Erro (online),79335,2023,2023_RoboTeam_Twente_vs_KIKS,2023-07-08_09-11_RoboTeam_Twente-vs-KIKS.log
PageHinkley_ADE_seq2seq_30_15,Erro (online),79386,2023,2023_RoboTeam_Twente_vs_KIKS,2023-07-08_09-11_RoboTeam_Twente-vs-KIKS.log
PageHinkley_ADE_seq2seq_30_15,Erro (online),79416,2023,2023_RoboTeam_Twente_vs_KIKS,2023-07-08_09-11_RoboTeam_Twente-vs-KIKS.log
PageHinkley_ADE_seq2seq_30_15,Erro (online),79446,2023,2023_RoboTeam_Twente_vs_KIKS,2023-07-08_09-11_RoboTeam_Twente-vs-KIKS.log
PageHinkley_ADE_seq2seq_30_15,Erro (online),79514,2023,2023_RoboTeam_Twente_vs_KIKS,2023-07-08_09-11_RoboTeam_Twente-vs-KIKS.log
PageHinkley_ADE_seq2seq_30_15,Erro (online),79640,2023,2023_RoboTeam_Twente_vs_KIKS,2023-07-08_09-11_RoboTeam_Twente-vs-KIKS.log
PageHinkley_ADE_seq2seq_30_15,Erro (online),79711,2023,2023_RoboTeam_Twente_vs_KIKS,2023-07-08_09-11_RoboTeam_Twente-vs-KIKS.log
PageHinkley_ADE_seq2seq_30_15,Erro (online),79759,2023,2023_RoboTeam_Twente_vs_KIKS,2023-07-08_09-11_RoboTeam_Twente-vs-KIKS.log
PageHinkley_ADE_seq2seq_30_15,Erro (online),79789,2023,2023_RoboTeam_Twente_vs_KIKS,2023-07-08_09-11_RoboTeam_Twente-vs-KIKS.log
PageHinkley_ADE_seq2seq_30_15,Erro (online),79848,2023,2023_RoboTeam_Twente_vs_KIKS,2023-07-08_09-11_RoboTeam_Twente-vs-KIKS.log
PageHinkley_ADE_seq2seq_30_15,Erro (online),79878,2023,2023_RoboTeam_Twente_vs_KIKS,2023-07-08_09-11_RoboTeam_Twente-vs-KIKS.log
PageHinkley_ADE_seq2seq_30_15,Erro (online),79957,2023,2023_RoboTeam_Twente_vs_KIKS,2023-07-08_09-11_RoboTeam_Twente-vs-KIKS.log
PageHinkley_ADE_seq2seq_30_15,Erro (online),80016,2023,2023_RoboTeam_Twente_vs_RoboDragons,2023-07-06_12-47_RoboTeam_Twente-vs-RoboDragons.log
PageHinkley_ADE_seq2seq_30_15,Erro (online),80046,2023,2023_RoboTeam_Twente_vs_RoboDragons,2023-07-06_12-47_RoboTeam_Twente-vs-RoboDragons.log
PageHinkley_ADE_seq2seq_30_15,Erro (online),80076,2023,2023_RoboTeam_Twente_vs_RoboDragons,2023-07-06_12-47_RoboTeam_Twente-vs-RoboDragons.log
PageHinkley_ADE_seq2seq_30_15,Erro (online),80106,2023,2023_RoboTeam_Twente_vs_RoboDragons,2023-07-06_12-47_RoboTeam_Twente-vs-RoboDragons.log
PageHinkley_ADE_seq2seq_30_15,Erro (online),80151,2023,2023_RoboTeam_Twente_vs_RoboDragons,2023-07-06_12-47_RoboTeam_Twente-vs-RoboDragons.log
PageHinkley_ADE_seq2seq_30_15,Erro (online),80206,2023,2023_RoboTeam_Twente_vs_RoboDragons,2023-07-06_12-47_RoboTeam_Twente-vs-RoboDragons.log
PageHinkley_ADE_seq2seq_30_15,Erro (online),80236,2023,2023_RoboTeam_Twente_vs_RoboDragons,2023-07-06_12-47_RoboTeam_Twente-vs-RoboDragons.log
PageHinkley_ADE_seq2seq_30_15,Erro (online),80266,2023,2023_RoboTeam_Twente_vs_RoboDragons,2023-07-06_12-47_RoboTeam_Twente-vs-RoboDragons.log
PageHinkley_ADE_seq2seq_30_15,Erro (online),80351,2023,2023_RoboTeam_Twente_vs_RoboDragons,2023-07-06_12-47_RoboTeam_Twente-vs-RoboDragons.log
PageHinkley_ADE_seq2seq_30_15,Erro (online),80383,2023,2023_RoboTeam_Twente_vs_RoboDragons,2023-07-06_12-47_RoboTeam_Twente-vs-RoboDragons.log
PageHinkley_ADE_seq2seq_30_15,Erro (online),80438,2023,2023_RoboTeam_Twente_vs_RoboDragons,2023-07-06_12-47_RoboTeam_Twente-vs-RoboDragons.log
PageHinkley_ADE_seq2seq_30_15,Erro (online),80475,2023,2023_RoboTeam_Twente_vs_RoboDragons,2023-07-06_12-47_RoboTeam_Twente-vs-RoboDragons.log
PageHinkley_ADE_seq2seq_30_15,Erro (online),80520,2023,2023_RoboTeam_Twente_vs_RoboDragons,2023-07-06_12-47_RoboTeam_Twente-vs-RoboDragons.log
PageHinkley_ADE_seq2seq_30_15,Erro (online),80577,2023,2023_RoboTeam_Twente_vs_RoboDragons,2023-07-06_12-47_RoboTeam_Twente-vs-RoboDragons.log
PageHinkley_ADE_seq2seq_30_15,Erro (online),80610,2023,2023_RoboTeam_Twente_vs_RoboDragons,2023-07-06_12-47_RoboTeam_Twente-vs-RoboDragons.log
PageHinkley_ADE_seq2seq_30_15,Erro (online),80691,2023,2023_RoboTeam_Twente_vs_RoboDragons,2023-07-06_12-47_RoboTeam_Twente-vs-RoboDragons.log
PageHinkley_ADE_seq2seq_30_15,Erro (online),80785,2023,2023_RoboTeam_Twente_vs_RoboDragons,2023-07-06_12-47_RoboTeam_Twente-vs-RoboDragons.log
PageHinkley_ADE_seq2seq_30_15,Erro (online),80832,2023,2023_RoboTeam_Twente_vs_RoboDragons,2023-07-06_12-47_RoboTeam_Twente-vs-RoboDragons.log
PageHinkley_ADE_seq2seq_30_15,Erro (online),80912,2023,2023_RoboTeam_Twente_vs_RoboDragons,2023-07-06_12-47_RoboTeam_Twente-vs-RoboDragons.log
PageHinkley_ADE_seq2seq_30_15,Erro (online),80970,2023,2023_RoboTeam_Twente_vs_RoboDragons,2023-07-06_12-47_RoboTeam_Twente-vs-RoboDragons.log
PageHinkley_ADE_seq2seq_30_15,Erro (online),81026,2023,2023_RoboTeam_Twente_vs_RoboDragons,2023-07-06_12-47_RoboTeam_Twente-vs-RoboDragons.log
PageHinkley_ADE_seq2seq_30_15,Erro (online),81116,2023,2023_RoboTeam_Twente_vs_RoboDragons,2023-07-06_12-47_RoboTeam_Twente-vs-RoboDragons.log
PageHinkley_ADE_seq2seq_30_15,Erro (online),81193,2023,2023_RoboTeam_Twente_vs_RoboDragons,2023-07-06_12-47_RoboTeam_Twente-vs-RoboDragons.log
PageHinkley_ADE_seq2seq_30_15,Erro (online),81238,2023,2023_RoboTeam_Twente_vs_RoboDragons,2023-07-06_12-47_RoboTeam_Twente-vs-RoboDragons.log
PageHinkley_ADE_seq2seq_30_15,Erro (online),81268,2023,2023_RoboTeam_Twente_vs_RoboDragons,2023-07-06_12-47_RoboTeam_Twente-vs-RoboDragons.log
PageHinkley_ADE_seq2seq_30_15,Erro (online),81331,2023,2023_RoboTeam_Twente_vs_RoboDragons,2023-07-06_12-47_RoboTeam_Twente-vs-RoboDragons.log
PageHinkley_ADE_seq2seq_30_15,Erro (online),81363,2023,2023_RoboTeam_Twente_vs_RoboDragons,2023-07-06_12-47_RoboTeam_Twente-vs-RoboDragons.log
PageHinkley_ADE_seq2seq_30_15,Erro (online),81420,2023,2023_RoboTeam_Twente_vs_RoboDragons,2023-07-06_12-47_RoboTeam_Twente-vs-RoboDragons.log
PageHinkley_ADE_seq2seq_30_15,Erro (online),81480,2023,2023_RoboTeam_Twente_vs_RoboDragons,2023-07-06_12-47_RoboTeam_Twente-vs-RoboDragons.log
PageHinkley_ADE_seq2seq_30_15,Erro (online),81525,2023,2023_RoboTeam_Twente_vs_RoboDragons,2023-07-06_12-47_RoboTeam_Twente-vs-RoboDragons.log
PageHinkley_ADE_seq2seq_30_15,Erro (online),81630,2023,2023_RoboTeam_Twente_vs_RoboDragons,2023-07-06_12-47_RoboTeam_Twente-vs-RoboDragons.log
PageHinkley_ADE_seq2seq_30_15,Erro (online),81720,2023,2023_RoboTeam_Twente_vs_RoboDragons,2023-07-06_12-47_RoboTeam_Twente-vs-RoboDragons.log
PageHinkley_ADE_seq2seq_30_15,Erro (online),81750,2023,2023_RoboTeam_Twente_vs_RoboDragons,2023-07-06_12-47_RoboTeam_Twente-vs-RoboDragons.log
PageHinkley_ADE_seq2seq_30_15,Erro (online),81780,2023,2023_RoboTeam_Twente_vs_RoboDragons,2023-07-06_12-47_RoboTeam_Twente-vs-RoboDragons.log
PageHinkley_ADE_seq2seq_30_15,Erro (online),81859,2023,2023_RoboTeam_Twente_vs_RoboDragons,2023-07-06_12-47_RoboTeam_Twente-vs-RoboDragons.log
PageHinkley_ADE_seq2seq_30_15,Erro (online),81928,2023,2023_RoboTeam_Twente_vs_RoboDragons,2023-07-06_12-47_RoboTeam_Twente-vs-RoboDragons.log
PageHinkley_ADE_seq2seq_30_15,Erro (online),81958,2023,2023_RoboTeam_Twente_vs_RoboDragons,2023-07-06_12-47_RoboTeam_Twente-vs-RoboDragons.log
PageHinkley_ADE_seq2seq_30_15,Erro (online),82069,2023,2023_RoboTeam_Twente_vs_RoboDragons,2023-07-06_12-47_RoboTeam_Twente-vs-RoboDragons.log
PageHinkley_ADE_seq2seq_30_15,Erro (online),82120,2023,2023_RoboTeam_Twente_vs_RoboDragons,2023-07-06_12-47_RoboTeam_Twente-vs-RoboDragons.log
PageHinkley_ADE_seq2seq_30_15,Erro (online),82214,2023,2023_RoboTeam_Twente_vs_RoboDragons,2023-07-06_12-47_RoboTeam_Twente-vs-RoboDragons.log
PageHinkley_ADE_seq2seq_30_15,Erro (online),82252,2023,2023_RoboTeam_Twente_vs_RoboDragons,2023-07-06_12-47_RoboTeam_Twente-vs-RoboDragons.log
PageHinkley_ADE_seq2seq_30_15,Erro (online),82282,2023,2023_RoboTeam_Twente_vs_RoboDragons,2023-07-06_12-47_RoboTeam_Twente-vs-RoboDragons.log
PageHinkley_ADE_seq2seq_30_15,Erro (online),82312,2023,2023_RoboTeam_Twente_vs_RoboDragons,2023-07-06_12-47_RoboTeam_Twente-vs-RoboDragons.log
PageHinkley_ADE_seq2seq_30_15,Erro (online),82360,2023,2023_RoboTeam_Twente_vs_RoboDragons,2023-07-06_12-47_RoboTeam_Twente-vs-RoboDragons.log
PageHinkley_ADE_seq2seq_30_15,Erro (online),82397,2023,2023_RoboTeam_Twente_vs_RoboDragons,2023-07-06_12-47_RoboTeam_Twente-vs-RoboDragons.log
PageHinkley_ADE_seq2seq_30_15,Erro (online),82427,2023,2023_RoboTeam_Twente_vs_RoboDragons,2023-07-06_12-47_RoboTeam_Twente-vs-RoboDragons.log
PageHinkley_ADE_seq2seq_30_15,Erro (online),82548,2023,2023_RoboTeam_Twente_vs_RoboDragons,2023-07-06_12-47_RoboTeam_Twente-vs-RoboDragons.log
PageHinkley_ADE_seq2seq_30_15,Erro (online),82625,2023,2023_RoboTeam_Twente_vs_RoboDragons,2023-07-06_12-47_RoboTeam_Twente-vs-RoboDragons.log
PageHinkley_ADE_seq2seq_30_15,Erro (online),82662,2023,2023_RoboTeam_Twente_vs_RoboDragons,2023-07-06_12-47_RoboTeam_Twente-vs-RoboDragons.log
PageHinkley_ADE_seq2seq_30_15,Erro (online),82721,2023,2023_RoboTeam_Twente_vs_RoboDragons,2023-07-06_12-47_RoboTeam_Twente-vs-RoboDragons.log
PageHinkley_ADE_seq2seq_30_15,Erro (online),82762,2023,2023_RoboTeam_Twente_vs_RoboDragons,2023-07-06_12-47_RoboTeam_Twente-vs-RoboDragons.log
PageHinkley_ADE_seq2seq_30_15,Erro (online),82814,2023,2023_RoboTeam_Twente_vs_RoboDragons,2023-07-06_12-47_RoboTeam_Twente-vs-RoboDragons.log
PageHinkley_ADE_seq2seq_30_15,Erro (online),82844,2023,2023_RoboTeam_Twente_vs_RoboDragons,2023-07-06_12-47_RoboTeam_Twente-vs-RoboDragons.log
PageHinkley_ADE_seq2seq_30_15,Erro (online),82959,2023,2023_RoboTeam_Twente_vs_RoboDragons,2023-07-06_12-47_RoboTeam_Twente-vs-RoboDragons.log
PageHinkley_ADE_seq2seq_30_15,Erro (online),82996,2023,2023_RoboTeam_Twente_vs_RoboDragons,2023-07-06_12-47_RoboTeam_Twente-vs-RoboDragons.log
PageHinkley_ADE_seq2seq_30_15,Erro (online),83068,2023,2023_RoboTeam_Twente_vs_RoboDragons,2023-07-06_12-47_RoboTeam_Twente-vs-RoboDragons.log
PageHinkley_ADE_seq2seq_30_15,Erro (online),83105,2023,2023_RoboTeam_Twente_vs_RoboDragons,2023-07-06_12-47_RoboTeam_Twente-vs-RoboDragons.log
PageHinkley_ADE_seq2seq_30_15,Erro (online),83142,2023,2023_RoboTeam_Twente_vs_RoboDragons,2023-07-06_12-47_RoboTeam_Twente-vs-RoboDragons.log
PageHinkley_ADE_seq2seq_30_15,Erro (online),83221,2023,2023_RoboTeam_Twente_vs_RoboDragons,2023-07-06_12-47_RoboTeam_Twente-vs-RoboDragons.log
PageHinkley_ADE_seq2seq_30_15,Erro (online),83251,2023,2023_RoboTeam_Twente_vs_RoboDragons,2023-07-06_12-47_RoboTeam_Twente-vs-RoboDragons.log
PageHinkley_ADE_seq2seq_30_15,Erro (online),83329,2023,2023_RoboTeam_Twente_vs_RoboDragons,2023-07-06_12-47_RoboTeam_Twente-vs-RoboDragons.log
PageHinkley_ADE_seq2seq_30_15,Erro (online),83402,2023,2023_RoboTeam_Twente_vs_RoboDragons,2023-07-06_12-47_RoboTeam_Twente-vs-RoboDragons.log
PageHinkley_ADE_seq2seq_30_15,Erro (online),83432,2023,2023_RoboTeam_Twente_vs_RoboDragons,2023-07-06_12-47_RoboTeam_Twente-vs-RoboDragons.log
PageHinkley_ADE_seq2seq_30_15,Erro (online),83482,2023,2023_RoboTeam_Twente_vs_RoboDragons,2023-07-06_12-47_RoboTeam_Twente-vs-RoboDragons.log
PageHinkley_ADE_seq2seq_30_15,Erro (online),83555,2023,2023_RoboTeam_Twente_vs_RoboDragons,2023-07-06_12-47_RoboTeam_Twente-vs-RoboDragons.log
PageHinkley_ADE_seq2seq_30_15,Erro (online),83599,2023,2023_RoboTeam_Twente_vs_RoboDragons,2023-07-06_12-47_RoboTeam_Twente-vs-RoboDragons.log
PageHinkley_ADE_seq2seq_30_15,Erro (online),83629,2023,2023_RoboTeam_Twente_vs_RoboDragons,2023-07-06_12-47_RoboTeam_Twente-vs-RoboDragons.log
PageHinkley_ADE_seq2seq_30_15,Erro (online),83674,2023,2023_RoboTeam_Twente_vs_RoboDragons,2023-07-06_12-47_RoboTeam_Twente-vs-RoboDragons.log
PageHinkley_ADE_seq2seq_30_15,Erro (online),83739,2023,2023_RoboTeam_Twente_vs_RoboDragons,2023-07-06_12-47_RoboTeam_Twente-vs-RoboDragons.log
PageHinkley_ADE_seq2seq_30_15,Erro (online),83841,2023,2023_RoboTeam_Twente_vs_RoboDragons,2023-07-06_12-47_RoboTeam_Twente-vs-RoboDragons.log
PageHinkley_ADE_seq2seq_30_15,Erro (online),83884,2023,2023_RoboTeam_Twente_vs_RoboDragons,2023-07-06_12-47_RoboTeam_Twente-vs-RoboDragons.log
PageHinkley_ADE_seq2seq_30_15,Erro (online),83945,2023,2023_RoboTeam_Twente_vs_RoboDragons,2023-07-06_12-47_RoboTeam_Twente-vs-RoboDragons.log
PageHinkley_ADE_seq2seq_30_15,Erro (online),83975,2023,2023_RoboTeam_Twente_vs_RoboDragons,2023-07-06_12-47_RoboTeam_Twente-vs-RoboDragons.log
PageHinkley_ADE_seq2seq_30_15,Erro (online),84008,2023,2023_RoboTeam_Twente_vs_RoboDragons,2023-07-06_12-47_RoboTeam_Twente-vs-RoboDragons.log
PageHinkley_ADE_seq2seq_30_15,Erro (online),84038,2023,2023_RoboTeam_Twente_vs_RoboDragons,2023-07-06_12-47_RoboTeam_Twente-vs-RoboDragons.log
PageHinkley_ADE_seq2seq_30_15,Erro (online),84076,2023,2023_RoboTeam_Twente_vs_RoboDragons,2023-07-06_12-47_RoboTeam_Twente-vs-RoboDragons.log
PageHinkley_ADE_seq2seq_30_15,Erro (online),84121,2023,2023_RoboTeam_Twente_vs_RoboDragons,2023-07-06_12-47_RoboTeam_Twente-vs-RoboDragons.log
PageHinkley_ADE_seq2seq_30_15,Erro (online),84151,2023,2023_RoboTeam_Twente_vs_RoboDragons,2023-07-06_12-47_RoboTeam_Twente-vs-RoboDragons.log
PageHinkley_ADE_seq2seq_30_15,Erro (online),84247,2023,2023_RoboTeam_Twente_vs_RoboDragons,2023-07-06_12-47_RoboTeam_Twente-vs-RoboDragons.log
PageHinkley_ADE_seq2seq_30_15,Erro (online),84277,2023,2023_RoboTeam_Twente_vs_RoboDragons,2023-07-06_12-47_RoboTeam_Twente-vs-RoboDragons.log
PageHinkley_ADE_seq2seq_30_15,Erro (online),84355,2023,2023_RoboTeam_Twente_vs_RoboDragons,2023-07-06_12-47_RoboTeam_Twente-vs-RoboDragons.log
PageHinkley_ADE_seq2seq_30_15,Erro (online),84415,2023,2023_RoboTeam_Twente_vs_RoboDragons,2023-07-06_12-47_RoboTeam_Twente-vs-RoboDragons.log
PageHinkley_ADE_seq2seq_30_15,Erro (online),84522,2023,2023_RoboTeam_Twente_vs_RoboDragons,2023-07-06_12-47_RoboTeam_Twente-vs-RoboDragons.log
PageHinkley_ADE_seq2seq_30_15,Erro (online),84588,2023,2023_RoboTeam_Twente_vs_RoboDragons,2023-07-06_12-47_RoboTeam_Twente-vs-RoboDragons.log
PageHinkley_ADE_seq2seq_30_15,Erro (online),84636,2023,2023_RoboTeam_Twente_vs_RoboDragons,2023-07-06_12-47_RoboTeam_Twente-vs-RoboDragons.log
PageHinkley_ADE_seq2seq_30_15,Erro (online),84678,2023,2023_RoboTeam_Twente_vs_RoboDragons,2023-07-06_12-47_RoboTeam_Twente-vs-RoboDragons.log
PageHinkley_ADE_seq2seq_30_15,Erro (online),84708,2023,2023_RoboTeam_Twente_vs_RoboDragons,2023-07-06_12-47_RoboTeam_Twente-vs-RoboDragons.log
PageHinkley_ADE_seq2seq_30_15,Erro (online),84803,2023,2023_RoboTeam_Twente_vs_RoboDragons,2023-07-06_12-47_RoboTeam_Twente-vs-RoboDragons.log
PageHinkley_ADE_seq2seq_30_15,Erro (online),84888,2023,2023_RoboTeam_Twente_vs_RoboDragons,2023-07-06_12-47_RoboTeam_Twente-vs-RoboDragons.log
PageHinkley_ADE_seq2seq_30_15,Erro (online),84918,2023,2023_RoboTeam_Twente_vs_RoboDragons,2023-07-06_12-47_RoboTeam_Twente-vs-RoboDragons.log
PageHinkley_ADE_seq2seq_30_15,Erro (online),85053,2023,2023_RoboTeam_Twente_vs_RoboDragons,2023-07-06_12-47_RoboTeam_Twente-vs-RoboDragons.log
PageHinkley_ADE_seq2seq_30_15,Erro (online),85134,2023,2023_RoboTeam_Twente_vs_RoboDragons,2023-07-06_12-47_RoboTeam_Twente-vs-RoboDragons.log
PageHinkley_ADE_seq2seq_30_15,Erro (online),85340,2023,2023_RoboTeam_Twente_vs_RoboDragons,2023-07-06_12-47_RoboTeam_Twente-vs-RoboDragons.log
PageHinkley_ADE_seq2seq_30_15,Erro (online),85394,2023,2023_RoboTeam_Twente_vs_RoboDragons,2023-07-06_12-47_RoboTeam_Twente-vs-RoboDragons.log
PageHinkley_ADE_seq2seq_30_15,Erro (online),85424,2023,2023_RoboTeam_Twente_vs_RoboDragons,2023-07-06_12-47_RoboTeam_Twente-vs-RoboDragons.log
PageHinkley_ADE_seq2seq_30_15,Erro (online),85510,2023,2023_RoboTeam_Twente_vs_RoboDragons,2023-07-06_12-47_RoboTeam_Twente-vs-RoboDragons.log
PageHinkley_ADE_seq2seq_30_15,Erro (online),85736,2023,2023_RoboTeam_Twente_vs_RoboDragons,2023-07-06_12-47_RoboTeam_Twente-vs-RoboDragons.log
PageHinkley_ADE_seq2seq_30_15,Erro (online),85777,2023,2023_RoboTeam_Twente_vs_RoboDragons,2023-07-06_12-47_RoboTeam_Twente-vs-RoboDragons.log
PageHinkley_ADE_seq2seq_30_15,Erro (online),85859,2023,2023_RoboTeam_Twente_vs_RoboDragons,2023-07-06_12-47_RoboTeam_Twente-vs-RoboDragons.log
PageHinkley_ADE_seq2seq_30_15,Erro (online),85967,2023,2023_RoboTeam_Twente_vs_RoboDragons,2023-07-06_12-47_RoboTeam_Twente-vs-RoboDragons.log
PageHinkley_ADE_seq2seq_30_15,Erro (online),86098,2023,2023_RoboTeam_Twente_vs_RoboDragons,2023-07-06_12-47_RoboTeam_Twente-vs-RoboDragons.log
PageHinkley_ADE_seq2seq_30_15,Erro (online),86277,2023,2023_RoboTeam_Twente_vs_RoboDragons,2023-07-06_12-47_RoboTeam_Twente-vs-RoboDragons.log
PageHinkley_ADE_seq2seq_30_15,Erro (online),86348,2023,2023_RoboTeam_Twente_vs_RoboDragons,2023-07-06_12-47_RoboTeam_Twente-vs-RoboDragons.log
PageHinkley_ADE_seq2seq_30_15,Erro (online),86404,2023,2023_RoboTeam_Twente_vs_RoboDragons,2023-07-06_12-47_RoboTeam_Twente-vs-RoboDragons.log
PageHinkley_ADE_seq2seq_30_15,Erro (online),86519,2023,2023_RoboTeam_Twente_vs_RoboDragons,2023-07-06_12-47_RoboTeam_Twente-vs-RoboDragons.log
PageHinkley_ADE_seq2seq_30_15,Erro (online),86549,2023,2023_RoboTeam_Twente_vs_RoboDragons,2023-07-06_12-47_RoboTeam_Twente-vs-RoboDragons.log
PageHinkley_ADE_seq2seq_30_15,Erro (online),86579,2023,2023_RoboTeam_Twente_vs_RoboDragons,2023-07-06_12-47_RoboTeam_Twente-vs-RoboDragons.log
PageHinkley_ADE_seq2seq_30_15,Erro (online),86647,2023,2023_RoboTeam_Twente_vs_RoboDragons,2023-07-06_12-47_RoboTeam_Twente-vs-RoboDragons.log
PageHinkley_ADE_seq2seq_30_15,Erro (online),86847,2023,2023_RoboTeam_Twente_vs_RoboDragons,2023-07-06_12-47_RoboTeam_Twente-vs-RoboDragons.log
PageHinkley_ADE_seq2seq_30_15,Erro (online),86883,2023,2023_RoboTeam_Twente_vs_RoboDragons,2023-07-06_12-47_RoboTeam_Twente-vs-RoboDragons.log
PageHinkley_ADE_seq2seq_30_15,Erro (online),86940,2023,2023_RoboTeam_Twente_vs_RoboDragons,2023-07-06_12-47_RoboTeam_Twente-vs-RoboDragons.log
PageHinkley_ADE_seq2seq_30_15,Erro (online),87012,2023,2023_RoboTeam_Twente_vs_RoboDragons,2023-07-06_12-47_RoboTeam_Twente-vs-RoboDragons.log
PageHinkley_ADE_seq2seq_30_15,Erro (online),87044,2023,2023_RoboTeam_Twente_vs_RoboDragons,2023-07-06_12-47_RoboTeam_Twente-vs-RoboDragons.log
PageHinkley_ADE_seq2seq_30_15,Erro (online),87109,2023,2023_RoboTeam_Twente_vs_RoboDragons,2023-07-06_12-47_RoboTeam_Twente-vs-RoboDragons.log
PageHinkley_ADE_seq2seq_30_15,Erro (online),87176,2023,2023_RoboTeam_Twente_vs_RoboDragons,2023-07-06_12-47_RoboTeam_Twente-vs-RoboDragons.log
PageHinkley_ADE_seq2seq_30_15,Erro (online),87291,2023,2023_RoboTeam_Twente_vs_RoboDragons,2023-07-06_12-47_RoboTeam_Twente-vs-RoboDragons.log
PageHinkley_ADE_seq2seq_30_15,Erro (online),87587,2023,2023_RoboTeam_Twente_vs_RoboDragons,2023-07-06_12-47_RoboTeam_Twente-vs-RoboDragons.log
PageHinkley_ADE_seq2seq_30_15,Erro (online),87648,2023,2023_RoboTeam_Twente_vs_RoboDragons,2023-07-06_12-47_RoboTeam_Twente-vs-RoboDragons.log
PageHinkley_ADE_seq2seq_30_15,Erro (online),87699,2023,2023_RoboTeam_Twente_vs_RoboDragons,2023-07-06_12-47_RoboTeam_Twente-vs-RoboDragons.log
PageHinkley_ADE_seq2seq_30_15,Erro (online),87820,2023,2023_RoboTeam_Twente_vs_RoboDragons,2023-07-06_12-47_RoboTeam_Twente-vs-RoboDragons.log
PageHinkley_ADE_seq2seq_30_15,Erro (online),87901,2023,2023_RoboTeam_Twente_vs_RoboDragons,2023-07-06_12-47_RoboTeam_Twente-vs-RoboDragons.log
PageHinkley_ADE_seq2seq_30_15,Erro (online),87944,2023,2023_RoboTeam_Twente_vs_RoboDragons,2023-07-06_12-47_RoboTeam_Twente-vs-RoboDragons.log
PageHinkley_ADE_seq2seq_30_15,Erro (online),88040,2023,2023_ZJUNlict_vs_TIGERs_Mannheim,2023-07-08_17-03_ZJUNlict-vs-TIGERs_Mannheim.log
PageHinkley_ADE_seq2seq_30_15,Erro (online),88090,2023,2023_ZJUNlict_vs_TIGERs_Mannheim,2023-07-08_17-03_ZJUNlict-vs-TIGERs_Mannheim.log
PageHinkley_ADE_seq2seq_30_15,Erro (online),88140,2023,2023_ZJUNlict_vs_TIGERs_Mannheim,2023-07-08_17-03_ZJUNlict-vs-TIGERs_Mannheim.log
PageHinkley_ADE_seq2seq_30_15,Erro (online),88221,2023,2023_ZJUNlict_vs_TIGERs_Mannheim,2023-07-08_17-03_ZJUNlict-vs-TIGERs_Mannheim.log
PageHinkley_ADE_seq2seq_30_15,Erro (online),88251,2023,2023_ZJUNlict_vs_TIGERs_Mannheim,2023-07-08_17-03_ZJUNlict-vs-TIGERs_Mannheim.log
PageHinkley_ADE_seq2seq_30_15,Erro (online),88368,2023,2023_ZJUNlict_vs_TIGERs_Mannheim,2023-07-08_17-03_ZJUNlict-vs-TIGERs_Mannheim.log
PageHinkley_ADE_seq2seq_30_15,Erro (online),88496,2023,2023_ZJUNlict_vs_TIGERs_Mannheim,2023-07-08_17-03_ZJUNlict-vs-TIGERs_Mannheim.log
PageHinkley_ADE_seq2seq_30_15,Erro (online),88611,2023,2023_ZJUNlict_vs_TIGERs_Mannheim,2023-07-08_17-03_ZJUNlict-vs-TIGERs_Mannheim.log
PageHinkley_ADE_seq2seq_30_15,Erro (online),88681,2023,2023_ZJUNlict_vs_TIGERs_Mannheim,2023-07-08_17-03_ZJUNlict-vs-TIGERs_Mannheim.log
PageHinkley_ADE_seq2seq_30_15,Erro (online),88761,2023,2023_ZJUNlict_vs_TIGERs_Mannheim,2023-07-08_17-03_ZJUNlict-vs-TIGERs_Mannheim.log
PageHinkley_ADE_seq2seq_30_15,Erro (online),88801,2023,2023_ZJUNlict_vs_TIGERs_Mannheim,2023-07-08_17-03_ZJUNlict-vs-TIGERs_Mannheim.log
PageHinkley_ADE_seq2seq_30_15,Erro (online),88922,2023,2023_ZJUNlict_vs_TIGERs_Mannheim,2023-07-08_17-03_ZJUNlict-vs-TIGERs_Mannheim.log
PageHinkley_ADE_seq2seq_30_15,Erro (online),88970,2023,2023_ZJUNlict_vs_TIGERs_Mannheim,2023-07-08_17-03_ZJUNlict-vs-TIGERs_Mannheim.log
PageHinkley_ADE_seq2seq_30_15,Erro (online),89061,2023,2023_ZJUNlict_vs_TIGERs_Mannheim,2023-07-08_17-03_ZJUNlict-vs-TIGERs_Mannheim.log
PageHinkley_ADE_seq2seq_30_15,Erro (online),89132,2023,2023_ZJUNlict_vs_TIGERs_Mannheim,2023-07-08_17-03_ZJUNlict-vs-TIGERs_Mannheim.log
PageHinkley_ADE_seq2seq_30_15,Erro (online),89189,2023,2023_ZJUNlict_vs_TIGERs_Mannheim,2023-07-08_17-03_ZJUNlict-vs-TIGERs_Mannheim.log
PageHinkley_ADE_seq2seq_30_15,Erro (online),89336,2023,2023_ZJUNlict_vs_TIGERs_Mannheim,2023-07-08_17-03_ZJUNlict-vs-TIGERs_Mannheim.log
PageHinkley_ADE_seq2seq_30_15,Erro (online),89398,2023,2023_ZJUNlict_vs_TIGERs_Mannheim,2023-07-08_17-03_ZJUNlict-vs-TIGERs_Mannheim.log
PageHinkley_ADE_seq2seq_30_15,Erro (online),89485,2023,2023_ZJUNlict_vs_TIGERs_Mannheim,2023-07-08_17-03_ZJUNlict-vs-TIGERs_Mannheim.log
PageHinkley_ADE_seq2seq_30_15,Erro (online),89515,2023,2023_ZJUNlict_vs_TIGERs_Mannheim,2023-07-08_17-03_ZJUNlict-vs-TIGERs_Mannheim.log
PageHinkley_ADE_seq2seq_30_15,Erro (online),89642,2023,2023_ZJUNlict_vs_TIGERs_Mannheim,2023-07-08_17-03_ZJUNlict-vs-TIGERs_Mannheim.log
PageHinkley_ADE_seq2seq_30_15,Erro (online),89758,2023,2023_ZJUNlict_vs_TIGERs_Mannheim,2023-07-08_17-03_ZJUNlict-vs-TIGERs_Mannheim.log
PageHinkley_ADE_seq2seq_30_15,Erro (online),89794,2023,2023_ZJUNlict_vs_TIGERs_Mannheim,2023-07-08_17-03_ZJUNlict-vs-TIGERs_Mannheim.log
PageHinkley_ADE_seq2seq_30_15,Erro (online),89869,2023,2023_ZJUNlict_vs_TIGERs_Mannheim,2023-07-08_17-03_ZJUNlict-vs-TIGERs_Mannheim.log
PageHinkley_ADE_seq2seq_30_15,Erro (online),89964,2023,2023_ZJUNlict_vs_TIGERs_Mannheim,2023-07-08_17-03_ZJUNlict-vs-TIGERs_Mannheim.log
PageHinkley_ADE_seq2seq_30_15,Erro (online),90054,2023,2023_ZJUNlict_vs_TIGERs_Mannheim,2023-07-08_17-03_ZJUNlict-vs-TIGERs_Mannheim.log
PageHinkley_ADE_seq2seq_30_15,Erro (online),90107,2023,2023_ZJUNlict_vs_TIGERs_Mannheim,2023-07-08_17-03_ZJUNlict-vs-TIGERs_Mannheim.log
PageHinkley_ADE_seq2seq_30_15,Erro (online),90137,2023,2023_ZJUNlict_vs_TIGERs_Mannheim,2023-07-08_17-03_ZJUNlict-vs-TIGERs_Mannheim.log
PageHinkley_ADE_seq2seq_30_15,Erro (online),90334,2023,2023_ZJUNlict_vs_TIGERs_Mannheim,2023-07-08_17-03_ZJUNlict-vs-TIGERs_Mannheim.log
PageHinkley_ADE_seq2seq_30_15,Erro (online),90462,2023,2023_ZJUNlict_vs_TIGERs_Mannheim,2023-07-08_17-03_ZJUNlict-vs-TIGERs_Mannheim.log
PageHinkley_ADE_seq2seq_30_15,Erro (online),90549,2023,2023_ZJUNlict_vs_TIGERs_Mannheim,2023-07-08_17-03_ZJUNlict-vs-TIGERs_Mannheim.log
PageHinkley_ADE_seq2seq_30_15,Erro (online),90724,2023,2023_ZJUNlict_vs_TIGERs_Mannheim,2023-07-08_17-03_ZJUNlict-vs-TIGERs_Mannheim.log
PageHinkley_ADE_seq2seq_30_15,Erro (online),90778,2023,2023_ZJUNlict_vs_TIGERs_Mannheim,2023-07-08_17-03_ZJUNlict-vs-TIGERs_Mannheim.log
PageHinkley_ADE_seq2seq_30_15,Erro (online),90815,2023,2023_ZJUNlict_vs_TIGERs_Mannheim,2023-07-08_17-03_ZJUNlict-vs-TIGERs_Mannheim.log
PageHinkley_ADE_seq2seq_30_15,Erro (online),90845,2023,2023_ZJUNlict_vs_TIGERs_Mannheim,2023-07-08_17-03_ZJUNlict-vs-TIGERs_Mannheim.log
PageHinkley_ADE_seq2seq_30_15,Erro (online),90943,2023,2023_ZJUNlict_vs_TIGERs_Mannheim,2023-07-08_17-03_ZJUNlict-vs-TIGERs_Mannheim.log
PageHinkley_ADE_seq2seq_30_15,Erro (online),91097,2023,2023_ZJUNlict_vs_TIGERs_Mannheim,2023-07-08_17-03_ZJUNlict-vs-TIGERs_Mannheim.log
PageHinkley_ADE_seq2seq_30_15,Erro (online),91151,2023,2023_ZJUNlict_vs_TIGERs_Mannheim,2023-07-08_17-03_ZJUNlict-vs-TIGERs_Mannheim.log
PageHinkley_ADE_seq2seq_30_15,Erro (online),91189,2023,2023_ZJUNlict_vs_TIGERs_Mannheim,2023-07-08_17-03_ZJUNlict-vs-TIGERs_Mannheim.log
PageHinkley_ADE_seq2seq_30_15,Erro (online),91293,2023,2023_ZJUNlict_vs_TIGERs_Mannheim,2023-07-08_17-03_ZJUNlict-vs-TIGERs_Mannheim.log
PageHinkley_ADE_seq2seq_30_15,Erro (online),91339,2023,2023_ZJUNlict_vs_TIGERs_Mannheim,2023-07-08_17-03_ZJUNlict-vs-TIGERs_Mannheim.log
PageHinkley_ADE_seq2seq_30_15,Erro (online),91430,2023,2023_ZJUNlict_vs_TIGERs_Mannheim,2023-07-08_17-03_ZJUNlict-vs-TIGERs_Mannheim.log
PageHinkley_ADE_seq2seq_30_15,Erro (online),91522,2023,2023_ZJUNlict_vs_TIGERs_Mannheim,2023-07-08_17-03_ZJUNlict-vs-TIGERs_Mannheim.log
PageHinkley_ADE_seq2seq_30_15,Erro (online),91554,2023,2023_ZJUNlict_vs_TIGERs_Mannheim,2023-07-08_17-03_ZJUNlict-vs-TIGERs_Mannheim.log
PageHinkley_ADE_seq2seq_30_15,Erro (online),91618,2023,2023_ZJUNlict_vs_TIGERs_Mannheim,2023-07-08_17-03_ZJUNlict-vs-TIGERs_Mannheim.log
PageHinkley_ADE_seq2seq_30_15,Erro (online),91655,2023,2023_ZJUNlict_vs_TIGERs_Mannheim,2023-07-08_17-03_ZJUNlict-vs-TIGERs_Mannheim.log
PageHinkley_ADE_seq2seq_30_15,Erro (online),91728,2023,2023_ZJUNlict_vs_TIGERs_Mannheim,2023-07-08_17-03_ZJUNlict-vs-TIGERs_Mannheim.log
PageHinkley_ADE_seq2seq_30_15,Erro (online),91758,2023,2023_ZJUNlict_vs_TIGERs_Mannheim,2023-07-08_17-03_ZJUNlict-vs-TIGERs_Mannheim.log
PageHinkley_ADE_seq2seq_30_15,Erro (online),91807,2023,2023_ZJUNlict_vs_TIGERs_Mannheim,2023-07-08_17-03_ZJUNlict-vs-TIGERs_Mannheim.log
PageHinkley_ADE_seq2seq_30_15,Erro (online),91884,2023,2023_ZJUNlict_vs_TIGERs_Mannheim,2023-07-08_17-03_ZJUNlict-vs-TIGERs_Mannheim.log
PageHinkley_ADE_seq2seq_30_15,Erro (online),91914,2023,2023_ZJUNlict_vs_TIGERs_Mannheim,2023-07-08_17-03_ZJUNlict-vs-TIGERs_Mannheim.log
PageHinkley_ADE_seq2seq_30_15,Erro (online),91960,2023,2023_ZJUNlict_vs_TIGERs_Mannheim,2023-07-08_17-03_ZJUNlict-vs-TIGERs_Mannheim.log
PageHinkley_ADE_seq2seq_30_15,Erro (online),92054,2023,2023_ZJUNlict_vs_TIGERs_Mannheim,2023-07-08_17-03_ZJUNlict-vs-TIGERs_Mannheim.log
PageHinkley_ADE_seq2seq_30_15,Erro (online),92109,2023,2023_ZJUNlict_vs_TIGERs_Mannheim,2023-07-08_17-03_ZJUNlict-vs-TIGERs_Mannheim.log
PageHinkley_ADE_seq2seq_30_15,Erro (online),92140,2023,2023_ZJUNlict_vs_TIGERs_Mannheim,2023-07-08_17-03_ZJUNlict-vs-TIGERs_Mannheim.log
PageHinkley_ADE_seq2seq_30_15,Erro (online),92210,2023,2023_ZJUNlict_vs_TIGERs_Mannheim,2023-07-08_17-03_ZJUNlict-vs-TIGERs_Mannheim.log
PageHinkley_ADE_seq2seq_30_15,Erro (online),92258,2023,2023_ZJUNlict_vs_TIGERs_Mannheim,2023-07-08_17-03_ZJUNlict-vs-TIGERs_Mannheim.log
PageHinkley_ADE_seq2seq_30_15,Erro (online),92322,2023,2023_ZJUNlict_vs_TIGERs_Mannheim,2023-07-08_17-03_ZJUNlict-vs-TIGERs_Mannheim.log
PageHinkley_ADE_seq2seq_30_15,Erro (online),92409,2023,2023_ZJUNlict_vs_TIGERs_Mannheim,2023-07-08_17-03_ZJUNlict-vs-TIGERs_Mannheim.log
PageHinkley_ADE_seq2seq_30_15,Erro (online),92532,2023,2023_ZJUNlict_vs_TIGERs_Mannheim,2023-07-08_17-03_ZJUNlict-vs-TIGERs_Mannheim.log
PageHinkley_ADE_seq2seq_30_15,Erro (online),92609,2023,2023_ZJUNlict_vs_TIGERs_Mannheim,2023-07-08_17-03_ZJUNlict-vs-TIGERs_Mannheim.log
PageHinkley_ADE_seq2seq_30_15,Erro (online),92687,2023,2023_ZJUNlict_vs_TIGERs_Mannheim,2023-07-08_17-03_ZJUNlict-vs-TIGERs_Mannheim.log
PageHinkley_ADE_seq2seq_30_15,Erro (online),92796,2023,2023_ZJUNlict_vs_TIGERs_Mannheim,2023-07-08_17-03_ZJUNlict-vs-TIGERs_Mannheim.log
PageHinkley_ADE_seq2seq_30_15,Erro (online),92834,2023,2023_ZJUNlict_vs_TIGERs_Mannheim,2023-07-08_17-03_ZJUNlict-vs-TIGERs_Mannheim.log
PageHinkley_ADE_seq2seq_30_15,Erro (online),92883,2023,2023_ZJUNlict_vs_TIGERs_Mannheim,2023-07-08_17-03_ZJUNlict-vs-TIGERs_Mannheim.log
PageHinkley_ADE_seq2seq_30_15,Erro (online),93012,2023,2023_ZJUNlict_vs_TIGERs_Mannheim,2023-07-08_17-03_ZJUNlict-vs-TIGERs_Mannheim.log
PageHinkley_ADE_seq2seq_30_15,Erro (online),93070,2023,2023_ZJUNlict_vs_TIGERs_Mannheim,2023-07-08_17-03_ZJUNlict-vs-TIGERs_Mannheim.log
PageHinkley_ADE_seq2seq_30_15,Erro (online),93100,2023,2023_ZJUNlict_vs_TIGERs_Mannheim,2023-07-08_17-03_ZJUNlict-vs-TIGERs_Mannheim.log
PageHinkley_ADE_seq2seq_30_15,Erro (online),93200,2023,2023_ZJUNlict_vs_TIGERs_Mannheim,2023-07-08_17-03_ZJUNlict-vs-TIGERs_Mannheim.log
PageHinkley_ADE_seq2seq_30_15,Erro (online),93273,2023,2023_ZJUNlict_vs_TIGERs_Mannheim,2023-07-08_17-03_ZJUNlict-vs-TIGERs_Mannheim.log
PageHinkley_ADE_seq2seq_30_15,Erro (online),93355,2023,2023_ZJUNlict_vs_TIGERs_Mannheim,2023-07-08_17-03_ZJUNlict-vs-TIGERs_Mannheim.log
PageHinkley_ADE_seq2seq_30_15,Erro (online),93392,2023,2023_ZJUNlict_vs_TIGERs_Mannheim,2023-07-08_17-03_ZJUNlict-vs-TIGERs_Mannheim.log
PageHinkley_ADE_seq2seq_30_15,Erro (online),93450,2023,2023_ZJUNlict_vs_TIGERs_Mannheim,2023-07-08_17-03_ZJUNlict-vs-TIGERs_Mannheim.log
PageHinkley_ADE_seq2seq_30_15,Erro (online),93498,2023,2023_ZJUNlict_vs_TIGERs_Mannheim,2023-07-08_17-03_ZJUNlict-vs-TIGERs_Mannheim.log
PageHinkley_ADE_seq2seq_30_15,Erro (online),93606,2023,2023_ZJUNlict_vs_TIGERs_Mannheim,2023-07-08_17-03_ZJUNlict-vs-TIGERs_Mannheim.log
PageHinkley_ADE_seq2seq_30_15,Erro (online),93644,2023,2023_ZJUNlict_vs_TIGERs_Mannheim,2023-07-08_17-03_ZJUNlict-vs-TIGERs_Mannheim.log
PageHinkley_ADE_seq2seq_30_15,Erro (online),93745,2023,2023_ZJUNlict_vs_TIGERs_Mannheim,2023-07-08_17-03_ZJUNlict-vs-TIGERs_Mannheim.log
PageHinkley_ADE_seq2seq_30_15,Erro (online),93883,2023,2023_ZJUNlict_vs_TIGERs_Mannheim,2023-07-08_17-03_ZJUNlict-vs-TIGERs_Mannheim.log
PageHinkley_ADE_seq2seq_30_15,Erro (online),93983,2023,2023_ZJUNlict_vs_TIGERs_Mannheim,2023-07-08_17-03_ZJUNlict-vs-TIGERs_Mannheim.log
PageHinkley_ADE_seq2seq_30_15,Erro (online),94027,2023,2023_ZJUNlict_vs_TIGERs_Mannheim,2023-07-08_17-03_ZJUNlict-vs-TIGERs_Mannheim.log
PageHinkley_ADE_seq2seq_30_15,Erro (online),94166,2023,2023_ZJUNlict_vs_TIGERs_Mannheim,2023-07-08_17-03_ZJUNlict-vs-TIGERs_Mannheim.log
PageHinkley_ADE_seq2seq_30_15,Erro (online),94259,2023,2023_ZJUNlict_vs_TIGERs_Mannheim,2023-07-08_17-03_ZJUNlict-vs-TIGERs_Mannheim.log
PageHinkley_ADE_seq2seq_30_15,Erro (online),94307,2023,2023_ZJUNlict_vs_TIGERs_Mannheim,2023-07-08_17-03_ZJUNlict-vs-TIGERs_Mannheim.log
PageHinkley_ADE_seq2seq_30_15,Erro (online),94337,2023,2023_ZJUNlict_vs_TIGERs_Mannheim,2023-07-08_17-03_ZJUNlict-vs-TIGERs_Mannheim.log
PageHinkley_ADE_seq2seq_30_15,Erro (online),94492,2023,2023_ZJUNlict_vs_TIGERs_Mannheim,2023-07-08_17-03_ZJUNlict-vs-TIGERs_Mannheim.log
PageHinkley_ADE_seq2seq_30_15,Erro (online),94539,2023,2023_ZJUNlict_vs_TIGERs_Mannheim,2023-07-08_17-03_ZJUNlict-vs-TIGERs_Mannheim.log
PageHinkley_ADE_seq2seq_30_15,Erro (online),94629,2023,2023_ZJUNlict_vs_TIGERs_Mannheim,2023-07-08_17-03_ZJUNlict-vs-TIGERs_Mannheim.log
PageHinkley_ADE_seq2seq_30_15,Erro (online),94693,2023,2023_ZJUNlict_vs_TIGERs_Mannheim,2023-07-08_17-03_ZJUNlict-vs-TIGERs_Mannheim.log
PageHinkley_ADE_seq2seq_30_15,Erro (online),94761,2023,2023_ZJUNlict_vs_TIGERs_Mannheim,2023-07-08_17-03_ZJUNlict-vs-TIGERs_Mannheim.log
PageHinkley_ADE_seq2seq_30_15,Erro (online),94794,2023,2023_ZJUNlict_vs_TIGERs_Mannheim,2023-07-08_17-03_ZJUNlict-vs-TIGERs_Mannheim.log
PageHinkley_ADE_seq2seq_30_15,Erro (online),94824,2023,2023_ZJUNlict_vs_TIGERs_Mannheim,2023-07-08_17-03_ZJUNlict-vs-TIGERs_Mannheim.log
PageHinkley_ADE_seq2seq_30_15,Erro (online),94854,2023,2023_ZJUNlict_vs_TIGERs_Mannheim,2023-07-08_17-03_ZJUNlict-vs-TIGERs_Mannheim.log
PageHinkley_ADE_seq2seq_30_15,Erro (online),94893,2023,2023_ZJUNlict_vs_TIGERs_Mannheim,2023-07-08_17-03_ZJUNlict-vs-TIGERs_Mannheim.log
PageHinkley_ADE_seq2seq_30_15,Erro (online),95003,2023,2023_ZJUNlict_vs_TIGERs_Mannheim,2023-07-08_17-03_ZJUNlict-vs-TIGERs_Mannheim.log
PageHinkley_ADE_seq2seq_30_15,Erro (online),95037,2023,2023_ZJUNlict_vs_TIGERs_Mannheim,2023-07-08_17-03_ZJUNlict-vs-TIGERs_Mannheim.log
PageHinkley_ADE_seq2seq_30_15,Erro (online),95183,2023,2023_ZJUNlict_vs_TIGERs_Mannheim,2023-07-08_17-03_ZJUNlict-vs-TIGERs_Mannheim.log
PageHinkley_ADE_seq2seq_30_15,Erro (online),95296,2023,2023_ZJUNlict_vs_TIGERs_Mannheim,2023-07-08_17-03_ZJUNlict-vs-TIGERs_Mannheim.log
PageHinkley_ADE_seq2seq_30_15,Erro (online),95344,2023,2023_ZJUNlict_vs_TIGERs_Mannheim,2023-07-08_17-03_ZJUNlict-vs-TIGERs_Mannheim.log
PageHinkley_ADE_seq2seq_30_15,Erro (online),95397,2023,2023_ZJUNlict_vs_TIGERs_Mannheim,2023-07-08_17-03_ZJUNlict-vs-TIGERs_Mannheim.log
PageHinkley_ADE_seq2seq_30_15,Erro (online),95514,2023,2023_ZJUNlict_vs_TIGERs_Mannheim,2023-07-08_17-03_ZJUNlict-vs-TIGERs_Mannheim.log
PageHinkley_ADE_seq2seq_30_15,Erro (online),95555,2023,2023_ZJUNlict_vs_TIGERs_Mannheim,2023-07-08_17-03_ZJUNlict-vs-TIGERs_Mannheim.log
PageHinkley_ADE_seq2seq_30_15,Erro (online),95589,2023,2023_ZJUNlict_vs_TIGERs_Mannheim,2023-07-08_17-03_ZJUNlict-vs-TIGERs_Mannheim.log
PageHinkley_ADE_seq2seq_30_15,Erro (online),95625,2023,2023_ZJUNlict_vs_TIGERs_Mannheim,2023-07-08_17-03_ZJUNlict-vs-TIGERs_Mannheim.log
PageHinkley_ADE_seq2seq_30_15,Erro (online),95693,2023,2023_ZJUNlict_vs_TIGERs_Mannheim,2023-07-08_17-03_ZJUNlict-vs-TIGERs_Mannheim.log
PageHinkley_ADE_seq2seq_30_15,Erro (online),95792,2023,2023_ZJUNlict_vs_TIGERs_Mannheim,2023-07-08_17-03_ZJUNlict-vs-TIGERs_Mannheim.log
PageHinkley_ADE_seq2seq_30_15,Erro (online),95852,2023,2023_ZJUNlict_vs_TIGERs_Mannheim,2023-07-08_17-03_ZJUNlict-vs-TIGERs_Mannheim.log
PageHinkley_ADE_seq2seq_30_15,Erro (online),95887,2023,2023_ZJUNlict_vs_TIGERs_Mannheim,2023-07-08_17-03_ZJUNlict-vs-TIGERs_Mannheim.log
PageHinkley_ADE_seq2seq_30_15,Erro (online),95928,2023,2023_ZJUNlict_vs_TIGERs_Mannheim,2023-07-08_17-03_ZJUNlict-vs-TIGERs_Mannheim.log
PageHinkley_ADE_seq2seq_30_15,Erro (online),96010,2024,2024_KIKS_vs_RobCin,2024-07-18_07-01_GROUP_PHASE_KIKS-vs-RobôCin.log
PageHinkley_ADE_seq2seq_30_15,Erro (online),96045,2024,2024_KIKS_vs_RobCin,2024-07-18_07-01_GROUP_PHASE_KIKS-vs-RobôCin.log
PageHinkley_ADE_seq2seq_30_15,Erro (online),96149,2024,2024_KIKS_vs_RobCin,2024-07-18_07-01_GROUP_PHASE_KIKS-vs-RobôCin.log
PageHinkley_ADE_seq2seq_30_15,Erro (online),96200,2024,2024_KIKS_vs_RobCin,2024-07-18_07-01_GROUP_PHASE_KIKS-vs-RobôCin.log
PageHinkley_ADE_seq2seq_30_15,Erro (online),96275,2024,2024_KIKS_vs_RobCin,2024-07-18_07-01_GROUP_PHASE_KIKS-vs-RobôCin.log
PageHinkley_ADE_seq2seq_30_15,Erro (online),96305,2024,2024_KIKS_vs_RobCin,2024-07-18_07-01_GROUP_PHASE_KIKS-vs-RobôCin.log
PageHinkley_ADE_seq2seq_30_15,Erro (online),96356,2024,2024_KIKS_vs_RobCin,2024-07-18_07-01_GROUP_PHASE_KIKS-vs-RobôCin.log
PageHinkley_ADE_seq2seq_30_15,Erro (online),96453,2024,2024_KIKS_vs_RobCin,2024-07-18_07-01_GROUP_PHASE_KIKS-vs-RobôCin.log
PageHinkley_ADE_seq2seq_30_15,Erro (online),96527,2024,2024_KIKS_vs_RobCin,2024-07-18_07-01_GROUP_PHASE_KIKS-vs-RobôCin.log
PageHinkley_ADE_seq2seq_30_15,Erro (online),96568,2024,2024_KIKS_vs_RobCin,2024-07-18_07-01_GROUP_PHASE_KIKS-vs-RobôCin.log
PageHinkley_ADE_seq2seq_30_15,Erro (online),96690,2024,2024_KIKS_vs_RobCin,2024-07-18_07-01_GROUP_PHASE_KIKS-vs-RobôCin.log
PageHinkley_ADE_seq2seq_30_15,Erro (online),96729,2024,2024_KIKS_vs_RobCin,2024-07-18_07-01_GROUP_PHASE_KIKS-vs-RobôCin.log
PageHinkley_ADE_seq2seq_30_15,Erro (online),96840,2024,2024_KIKS_vs_RobCin,2024-07-18_07-01_GROUP_PHASE_KIKS-vs-RobôCin.log
PageHinkley_ADE_seq2seq_30_15,Erro (online),96970,2024,2024_KIKS_vs_RobCin,2024-07-18_07-01_GROUP_PHASE_KIKS-vs-RobôCin.log
PageHinkley_ADE_seq2seq_30_15,Erro (online),97052,2024,2024_KIKS_vs_RobCin,2024-07-18_07-01_GROUP_PHASE_KIKS-vs-RobôCin.log
PageHinkley_ADE_seq2seq_30_15,Erro (online),97166,2024,2024_KIKS_vs_RobCin,2024-07-18_07-01_GROUP_PHASE_KIKS-vs-RobôCin.log
PageHinkley_ADE_seq2seq_30_15,Erro (online),97204,2024,2024_KIKS_vs_RobCin,2024-07-18_07-01_GROUP_PHASE_KIKS-vs-RobôCin.log
PageHinkley_ADE_seq2seq_30_15,Erro (online),97243,2024,2024_KIKS_vs_RobCin,2024-07-18_07-01_GROUP_PHASE_KIKS-vs-RobôCin.log
PageHinkley_ADE_seq2seq_30_15,Erro (online),97308,2024,2024_KIKS_vs_RobCin,2024-07-18_07-01_GROUP_PHASE_KIKS-vs-RobôCin.log
PageHinkley_ADE_seq2seq_30_15,Erro (online),97397,2024,2024_KIKS_vs_RobCin,2024-07-18_07-01_GROUP_PHASE_KIKS-vs-RobôCin.log
PageHinkley_ADE_seq2seq_30_15,Erro (online),97427,2024,2024_KIKS_vs_RobCin,2024-07-18_07-01_GROUP_PHASE_KIKS-vs-RobôCin.log
PageHinkley_ADE_seq2seq_30_15,Erro (online),97529,2024,2024_KIKS_vs_RobCin,2024-07-18_07-01_GROUP_PHASE_KIKS-vs-RobôCin.log
PageHinkley_ADE_seq2seq_30_15,Erro (online),97629,2024,2024_KIKS_vs_RobCin,2024-07-18_07-01_GROUP_PHASE_KIKS-vs-RobôCin.log
PageHinkley_ADE_seq2seq_30_15,Erro (online),97668,2024,2024_KIKS_vs_RobCin,2024-07-18_07-01_GROUP_PHASE_KIKS-vs-RobôCin.log
PageHinkley_ADE_seq2seq_30_15,Erro (online),97801,2024,2024_KIKS_vs_RobCin,2024-07-18_07-01_GROUP_PHASE_KIKS-vs-RobôCin.log
PageHinkley_ADE_seq2seq_30_15,Erro (online),97910,2024,2024_KIKS_vs_RobCin,2024-07-18_07-01_GROUP_PHASE_KIKS-vs-RobôCin.log
PageHinkley_ADE_seq2seq_30_15,Erro (online),98008,2024,2024_KIKS_vs_RobCin,2024-07-18_07-01_GROUP_PHASE_KIKS-vs-RobôCin.log
PageHinkley_ADE_seq2seq_30_15,Erro (online),98160,2024,2024_KIKS_vs_RobCin,2024-07-18_07-01_GROUP_PHASE_KIKS-vs-RobôCin.log
PageHinkley_ADE_seq2seq_30_15,Erro (online),98241,2024,2024_KIKS_vs_RobCin,2024-07-18_07-01_GROUP_PHASE_KIKS-vs-RobôCin.log
PageHinkley_ADE_seq2seq_30_15,Erro (online),98422,2024,2024_KIKS_vs_RobCin,2024-07-18_07-01_GROUP_PHASE_KIKS-vs-RobôCin.log
PageHinkley_ADE_seq2seq_30_15,Erro (online),98526,2024,2024_KIKS_vs_RobCin,2024-07-18_07-01_GROUP_PHASE_KIKS-vs-RobôCin.log
PageHinkley_ADE_seq2seq_30_15,Erro (online),98563,2024,2024_KIKS_vs_RobCin,2024-07-18_07-01_GROUP_PHASE_KIKS-vs-RobôCin.log
PageHinkley_ADE_seq2seq_30_15,Erro (online),98645,2024,2024_KIKS_vs_RobCin,2024-07-18_07-01_GROUP_PHASE_KIKS-vs-RobôCin.log
PageHinkley_ADE_seq2seq_30_15,Erro (online),98818,2024,2024_KIKS_vs_RobCin,2024-07-18_07-01_GROUP_PHASE_KIKS-vs-RobôCin.log
PageHinkley_ADE_seq2seq_30_15,Erro (online),98899,2024,2024_KIKS_vs_RobCin,2024-07-18_07-01_GROUP_PHASE_KIKS-vs-RobôCin.log
PageHinkley_ADE_seq2seq_30_15,Erro (online),98973,2024,2024_KIKS_vs_RobCin,2024-07-18_07-01_GROUP_PHASE_KIKS-vs-RobôCin.log
PageHinkley_ADE_seq2seq_30_15,Erro (online),99077,2024,2024_KIKS_vs_RobCin,2024-07-18_07-01_GROUP_PHASE_KIKS-vs-RobôCin.log
PageHinkley_ADE_seq2seq_30_15,Erro (online),99154,2024,2024_KIKS_vs_RobCin,2024-07-18_07-01_GROUP_PHASE_KIKS-vs-RobôCin.log
PageHinkley_ADE_seq2seq_30_15,Erro (online),99248,2024,2024_KIKS_vs_RobCin,2024-07-18_07-01_GROUP_PHASE_KIKS-vs-RobôCin.log
PageHinkley_ADE_seq2seq_30_15,Erro (online),99363,2024,2024_KIKS_vs_RobCin,2024-07-18_07-01_GROUP_PHASE_KIKS-vs-RobôCin.log
PageHinkley_ADE_seq2seq_30_15,Erro (online),99420,2024,2024_KIKS_vs_RobCin,2024-07-18_07-01_GROUP_PHASE_KIKS-vs-RobôCin.log
PageHinkley_ADE_seq2seq_30_15,Erro (online),99621,2024,2024_KIKS_vs_RobCin,2024-07-18_07-01_GROUP_PHASE_KIKS-vs-RobôCin.log
PageHinkley_ADE_seq2seq_30_15,Erro (online),99679,2024,2024_KIKS_vs_RobCin,2024-07-18_07-01_GROUP_PHASE_KIKS-vs-RobôCin.log
PageHinkley_ADE_seq2seq_30_15,Erro (online),99802,2024,2024_KIKS_vs_RobCin,2024-07-18_07-01_GROUP_PHASE_KIKS-vs-RobôCin.log
PageHinkley_ADE_seq2seq_30_15,Erro (online),99847,2024,2024_KIKS_vs_RobCin,2024-07-18_07-01_GROUP_PHASE_KIKS-vs-RobôCin.log
PageHinkley_ADE_seq2seq_30_15,Erro (online),99877,2024,2024_KIKS_vs_RobCin,2024-07-18_07-01_GROUP_PHASE_KIKS-vs-RobôCin.log
PageHinkley_ADE_seq2seq_30_15,Erro (online),99907,2024,2024_KIKS_vs_RobCin,2024-07-18_07-01_GROUP_PHASE_KIKS-vs-RobôCin.log
PageHinkley_ADE_seq2seq_30_15,Erro (online),99995,2024,2024_KIKS_vs_RobCin,2024-07-18_07-01_GROUP_PHASE_KIKS-vs-RobôCin.log
PageHinkley_ADE_seq2seq_30_15,Erro (online),100094,2024,2024_KIKS_vs_RobCin,2024-07-18_07-01_GROUP_PHASE_KIKS-vs-RobôCin.log
PageHinkley_ADE_seq2seq_30_15,Erro (online),100147,2024,2024_KIKS_vs_RobCin,2024-07-18_07-01_GROUP_PHASE_KIKS-vs-RobôCin.log
PageHinkley_ADE_seq2seq_30_15,Erro (online),100265,2024,2024_KIKS_vs_RobCin,2024-07-18_07-01_GROUP_PHASE_KIKS-vs-RobôCin.log
PageHinkley_ADE_seq2seq_30_15,Erro (online),100296,2024,2024_KIKS_vs_RobCin,2024-07-18_07-01_GROUP_PHASE_KIKS-vs-RobôCin.log
PageHinkley_ADE_seq2seq_30_15,Erro (online),100339,2024,2024_KIKS_vs_RobCin,2024-07-18_07-01_GROUP_PHASE_KIKS-vs-RobôCin.log
PageHinkley_ADE_seq2seq_30_15,Erro (online),100369,2024,2024_KIKS_vs_RobCin,2024-07-18_07-01_GROUP_PHASE_KIKS-vs-RobôCin.log
PageHinkley_ADE_seq2seq_30_15,Erro (online),100432,2024,2024_KIKS_vs_RobCin,2024-07-18_07-01_GROUP_PHASE_KIKS-vs-RobôCin.log
PageHinkley_ADE_seq2seq_30_15,Erro (online),100569,2024,2024_KIKS_vs_RobCin,2024-07-18_07-01_GROUP_PHASE_KIKS-vs-RobôCin.log
PageHinkley_ADE_seq2seq_30_15,Erro (online),100676,2024,2024_KIKS_vs_RobCin,2024-07-18_07-01_GROUP_PHASE_KIKS-vs-RobôCin.log
PageHinkley_ADE_seq2seq_30_15,Erro (online),100723,2024,2024_KIKS_vs_RobCin,2024-07-18_07-01_GROUP_PHASE_KIKS-vs-RobôCin.log
PageHinkley_ADE_seq2seq_30_15,Erro (online),100844,2024,2024_KIKS_vs_RobCin,2024-07-18_07-01_GROUP_PHASE_KIKS-vs-RobôCin.log
PageHinkley_ADE_seq2seq_30_15,Erro (online),100910,2024,2024_KIKS_vs_RobCin,2024-07-18_07-01_GROUP_PHASE_KIKS-vs-RobôCin.log
PageHinkley_ADE_seq2seq_30_15,Erro (online),101021,2024,2024_KIKS_vs_RobCin,2024-07-18_07-01_GROUP_PHASE_KIKS-vs-RobôCin.log
PageHinkley_ADE_seq2seq_30_15,Erro (online),101085,2024,2024_KIKS_vs_RobCin,2024-07-18_07-01_GROUP_PHASE_KIKS-vs-RobôCin.log
PageHinkley_ADE_seq2seq_30_15,Erro (online),101162,2024,2024_KIKS_vs_RobCin,2024-07-18_07-01_GROUP_PHASE_KIKS-vs-RobôCin.log
PageHinkley_ADE_seq2seq_30_15,Erro (online),101231,2024,2024_KIKS_vs_RobCin,2024-07-18_07-01_GROUP_PHASE_KIKS-vs-RobôCin.log
PageHinkley_ADE_seq2seq_30_15,Erro (online),101261,2024,2024_KIKS_vs_RobCin,2024-07-18_07-01_GROUP_PHASE_KIKS-vs-RobôCin.log
PageHinkley_ADE_seq2seq_30_15,Erro (online),101311,2024,2024_KIKS_vs_RobCin,2024-07-18_07-01_GROUP_PHASE_KIKS-vs-RobôCin.log
PageHinkley_ADE_seq2seq_30_15,Erro (online),101341,2024,2024_KIKS_vs_RobCin,2024-07-18_07-01_GROUP_PHASE_KIKS-vs-RobôCin.log
PageHinkley_ADE_seq2seq_30_15,Erro (online),101408,2024,2024_KIKS_vs_RobCin,2024-07-18_07-01_GROUP_PHASE_KIKS-vs-RobôCin.log
PageHinkley_ADE_seq2seq_30_15,Erro (online),101468,2024,2024_KIKS_vs_RobCin,2024-07-18_07-01_GROUP_PHASE_KIKS-vs-RobôCin.log
PageHinkley_ADE_seq2seq_30_15,Erro (online),101504,2024,2024_KIKS_vs_RobCin,2024-07-18_07-01_GROUP_PHASE_KIKS-vs-RobôCin.log
PageHinkley_ADE_seq2seq_30_15,Erro (online),101552,2024,2024_KIKS_vs_RobCin,2024-07-18_07-01_GROUP_PHASE_KIKS-vs-RobôCin.log
PageHinkley_ADE_seq2seq_30_15,Erro (online),101662,2024,2024_KIKS_vs_RobCin,2024-07-18_07-01_GROUP_PHASE_KIKS-vs-RobôCin.log
PageHinkley_ADE_seq2seq_30_15,Erro (online),101697,2024,2024_KIKS_vs_RobCin,2024-07-18_07-01_GROUP_PHASE_KIKS-vs-RobôCin.log
PageHinkley_ADE_seq2seq_30_15,Erro (online),101727,2024,2024_KIKS_vs_RobCin,2024-07-18_07-01_GROUP_PHASE_KIKS-vs-RobôCin.log
PageHinkley_ADE_seq2seq_30_15,Erro (online),101868,2024,2024_KIKS_vs_RobCin,2024-07-18_07-01_GROUP_PHASE_KIKS-vs-RobôCin.log
PageHinkley_ADE_seq2seq_30_15,Erro (online),101966,2024,2024_KIKS_vs_RobCin,2024-07-18_07-01_GROUP_PHASE_KIKS-vs-RobôCin.log
PageHinkley_ADE_seq2seq_30_15,Erro (online),102055,2024,2024_KIKS_vs_RobCin,2024-07-18_07-01_GROUP_PHASE_KIKS-vs-RobôCin.log
PageHinkley_ADE_seq2seq_30_15,Erro (online),102145,2024,2024_KIKS_vs_RobCin,2024-07-18_07-01_GROUP_PHASE_KIKS-vs-RobôCin.log
PageHinkley_ADE_seq2seq_30_15,Erro (online),102211,2024,2024_KIKS_vs_RobCin,2024-07-18_07-01_GROUP_PHASE_KIKS-vs-RobôCin.log
PageHinkley_ADE_seq2seq_30_15,Erro (online),102293,2024,2024_KIKS_vs_RobCin,2024-07-18_07-01_GROUP_PHASE_KIKS-vs-RobôCin.log
PageHinkley_ADE_seq2seq_30_15,Erro (online),102357,2024,2024_KIKS_vs_RobCin,2024-07-18_07-01_GROUP_PHASE_KIKS-vs-RobôCin.log
PageHinkley_ADE_seq2seq_30_15,Erro (online),102422,2024,2024_KIKS_vs_RobCin,2024-07-18_07-01_GROUP_PHASE_KIKS-vs-RobôCin.log
PageHinkley_ADE_seq2seq_30_15,Erro (online),102490,2024,2024_KIKS_vs_RobCin,2024-07-18_07-01_GROUP_PHASE_KIKS-vs-RobôCin.log
PageHinkley_ADE_seq2seq_30_15,Erro (online),102533,2024,2024_KIKS_vs_RobCin,2024-07-18_07-01_GROUP_PHASE_KIKS-vs-RobôCin.log
PageHinkley_ADE_seq2seq_30_15,Erro (online),102581,2024,2024_KIKS_vs_RobCin,2024-07-18_07-01_GROUP_PHASE_KIKS-vs-RobôCin.log
PageHinkley_ADE_seq2seq_30_15,Erro (online),102641,2024,2024_KIKS_vs_RobCin,2024-07-18_07-01_GROUP_PHASE_KIKS-vs-RobôCin.log
PageHinkley_ADE_seq2seq_30_15,Erro (online),102711,2024,2024_KIKS_vs_RobCin,2024-07-18_07-01_GROUP_PHASE_KIKS-vs-RobôCin.log
PageHinkley_ADE_seq2seq_30_15,Erro (online),102886,2024,2024_KIKS_vs_RobCin,2024-07-18_07-01_GROUP_PHASE_KIKS-vs-RobôCin.log
PageHinkley_ADE_seq2seq_30_15,Erro (online),102946,2024,2024_KIKS_vs_RobCin,2024-07-18_07-01_GROUP_PHASE_KIKS-vs-RobôCin.log
PageHinkley_ADE_seq2seq_30_15,Erro (online),103005,2024,2024_KIKS_vs_RobCin,2024-07-18_07-01_GROUP_PHASE_KIKS-vs-RobôCin.log
PageHinkley_ADE_seq2seq_30_15,Erro (online),103066,2024,2024_KIKS_vs_RobCin,2024-07-18_07-01_GROUP_PHASE_KIKS-vs-RobôCin.log
PageHinkley_ADE_seq2seq_30_15,Erro (online),103103,2024,2024_KIKS_vs_RobCin,2024-07-18_07-01_GROUP_PHASE_KIKS-vs-RobôCin.log
PageHinkley_ADE_seq2seq_30_15,Erro (online),103153,2024,2024_KIKS_vs_RobCin,2024-07-18_07-01_GROUP_PHASE_KIKS-vs-RobôCin.log
PageHinkley_ADE_seq2seq_30_15,Erro (online),103236,2024,2024_KIKS_vs_RobCin,2024-07-18_07-01_GROUP_PHASE_KIKS-vs-RobôCin.log
PageHinkley_ADE_seq2seq_30_15,Erro (online),103291,2024,2024_KIKS_vs_RobCin,2024-07-18_07-01_GROUP_PHASE_KIKS-vs-RobôCin.log
PageHinkley_ADE_seq2seq_30_15,Erro (online),103402,2024,2024_KIKS_vs_RobCin,2024-07-18_07-01_GROUP_PHASE_KIKS-vs-RobôCin.log
PageHinkley_ADE_seq2seq_30_15,Erro (online),103442,2024,2024_KIKS_vs_RobCin,2024-07-18_07-01_GROUP_PHASE_KIKS-vs-RobôCin.log
PageHinkley_ADE_seq2seq_30_15,Erro (online),103516,2024,2024_KIKS_vs_RobCin,2024-07-18_07-01_GROUP_PHASE_KIKS-vs-RobôCin.log
PageHinkley_ADE_seq2seq_30_15,Erro (online),103585,2024,2024_KIKS_vs_RobCin,2024-07-18_07-01_GROUP_PHASE_KIKS-vs-RobôCin.log
PageHinkley_ADE_seq2seq_30_15,Erro (online),103800,2024,2024_KIKS_vs_RobCin,2024-07-18_07-01_GROUP_PHASE_KIKS-vs-RobôCin.log
PageHinkley_ADE_seq2seq_30_15,Erro (online),103904,2024,2024_KIKS_vs_RobCin,2024-07-18_07-01_GROUP_PHASE_KIKS-vs-RobôCin.log
PageHinkley_ADE_seq2seq_30_15,Erro (online),103967,2024,2024_KIKS_vs_RobCin,2024-07-18_07-01_GROUP_PHASE_KIKS-vs-RobôCin.log
PageHinkley_ADE_seq2seq_30_15,Erro (online),104017,2024,2024_RoboDragons_vs_Immortals,2024-07-18_11-33_GROUP_PHASE_RoboDragons-vs-Immortals.log
PageHinkley_ADE_seq2seq_30_15,Erro (online),104049,2024,2024_RoboDragons_vs_Immortals,2024-07-18_11-33_GROUP_PHASE_RoboDragons-vs-Immortals.log
PageHinkley_ADE_seq2seq_30_15,Erro (online),104079,2024,2024_RoboDragons_vs_Immortals,2024-07-18_11-33_GROUP_PHASE_RoboDragons-vs-Immortals.log
PageHinkley_ADE_seq2seq_30_15,Erro (online),104158,2024,2024_RoboDragons_vs_Immortals,2024-07-18_11-33_GROUP_PHASE_RoboDragons-vs-Immortals.log
PageHinkley_ADE_seq2seq_30_15,Erro (online),104303,2024,2024_RoboDragons_vs_Immortals,2024-07-18_11-33_GROUP_PHASE_RoboDragons-vs-Immortals.log
PageHinkley_ADE_seq2seq_30_15,Erro (online),104352,2024,2024_RoboDragons_vs_Immortals,2024-07-18_11-33_GROUP_PHASE_RoboDragons-vs-Immortals.log
PageHinkley_ADE_seq2seq_30_15,Erro (online),104412,2024,2024_RoboDragons_vs_Immortals,2024-07-18_11-33_GROUP_PHASE_RoboDragons-vs-Immortals.log
PageHinkley_ADE_seq2seq_30_15,Erro (online),104547,2024,2024_RoboDragons_vs_Immortals,2024-07-18_11-33_GROUP_PHASE_RoboDragons-vs-Immortals.log
PageHinkley_ADE_seq2seq_30_15,Erro (online),104589,2024,2024_RoboDragons_vs_Immortals,2024-07-18_11-33_GROUP_PHASE_RoboDragons-vs-Immortals.log
PageHinkley_ADE_seq2seq_30_15,Erro (online),104625,2024,2024_RoboDragons_vs_Immortals,2024-07-18_11-33_GROUP_PHASE_RoboDragons-vs-Immortals.log
PageHinkley_ADE_seq2seq_30_15,Erro (online),104699,2024,2024_RoboDragons_vs_Immortals,2024-07-18_11-33_GROUP_PHASE_RoboDragons-vs-Immortals.log
PageHinkley_ADE_seq2seq_30_15,Erro (online),104731,2024,2024_RoboDragons_vs_Immortals,2024-07-18_11-33_GROUP_PHASE_RoboDragons-vs-Immortals.log
PageHinkley_ADE_seq2seq_30_15,Erro (online),104782,2024,2024_RoboDragons_vs_Immortals,2024-07-18_11-33_GROUP_PHASE_RoboDragons-vs-Immortals.log
PageHinkley_ADE_seq2seq_30_15,Erro (online),104847,2024,2024_RoboDragons_vs_Immortals,2024-07-18_11-33_GROUP_PHASE_RoboDragons-vs-Immortals.log
PageHinkley_ADE_seq2seq_30_15,Erro (online),104877,2024,2024_RoboDragons_vs_Immortals,2024-07-18_11-33_GROUP_PHASE_RoboDragons-vs-Immortals.log
PageHinkley_ADE_seq2seq_30_15,Erro (online),104940,2024,2024_RoboDragons_vs_Immortals,2024-07-18_11-33_GROUP_PHASE_RoboDragons-vs-Immortals.log
PageHinkley_ADE_seq2seq_30_15,Erro (online),104970,2024,2024_RoboDragons_vs_Immortals,2024-07-18_11-33_GROUP_PHASE_RoboDragons-vs-Immortals.log
PageHinkley_ADE_seq2seq_30_15,Erro (online),105004,2024,2024_RoboDragons_vs_Immortals,2024-07-18_11-33_GROUP_PHASE_RoboDragons-vs-Immortals.log
PageHinkley_ADE_seq2seq_30_15,Erro (online),105037,2024,2024_RoboDragons_vs_Immortals,2024-07-18_11-33_GROUP_PHASE_RoboDragons-vs-Immortals.log
PageHinkley_ADE_seq2seq_30_15,Erro (online),105067,2024,2024_RoboDragons_vs_Immortals,2024-07-18_11-33_GROUP_PHASE_RoboDragons-vs-Immortals.log
PageHinkley_ADE_seq2seq_30_15,Erro (online),105135,2024,2024_RoboDragons_vs_Immortals,2024-07-18_11-33_GROUP_PHASE_RoboDragons-vs-Immortals.log
PageHinkley_ADE_seq2seq_30_15,Erro (online),105165,2024,2024_RoboDragons_vs_Immortals,2024-07-18_11-33_GROUP_PHASE_RoboDragons-vs-Immortals.log
PageHinkley_ADE_seq2seq_30_15,Erro (online),105239,2024,2024_RoboDragons_vs_Immortals,2024-07-18_11-33_GROUP_PHASE_RoboDragons-vs-Immortals.log
PageHinkley_ADE_seq2seq_30_15,Erro (online),105278,2024,2024_RoboDragons_vs_Immortals,2024-07-18_11-33_GROUP_PHASE_RoboDragons-vs-Immortals.log
PageHinkley_ADE_seq2seq_30_15,Erro (online),105424,2024,2024_RoboDragons_vs_Immortals,2024-07-18_11-33_GROUP_PHASE_RoboDragons-vs-Immortals.log
PageHinkley_ADE_seq2seq_30_15,Erro (online),105454,2024,2024_RoboDragons_vs_Immortals,2024-07-18_11-33_GROUP_PHASE_RoboDragons-vs-Immortals.log
PageHinkley_ADE_seq2seq_30_15,Erro (online),105627,2024,2024_RoboDragons_vs_Immortals,2024-07-18_11-33_GROUP_PHASE_RoboDragons-vs-Immortals.log
PageHinkley_ADE_seq2seq_30_15,Erro (online),105686,2024,2024_RoboDragons_vs_Immortals,2024-07-18_11-33_GROUP_PHASE_RoboDragons-vs-Immortals.log
PageHinkley_ADE_seq2seq_30_15,Erro (online),105716,2024,2024_RoboDragons_vs_Immortals,2024-07-18_11-33_GROUP_PHASE_RoboDragons-vs-Immortals.log
PageHinkley_ADE_seq2seq_30_15,Erro (online),105775,2024,2024_RoboDragons_vs_Immortals,2024-07-18_11-33_GROUP_PHASE_RoboDragons-vs-Immortals.log
PageHinkley_ADE_seq2seq_30_15,Erro (online),105826,2024,2024_RoboDragons_vs_Immortals,2024-07-18_11-33_GROUP_PHASE_RoboDragons-vs-Immortals.log
PageHinkley_ADE_seq2seq_30_15,Erro (online),105876,2024,2024_RoboDragons_vs_Immortals,2024-07-18_11-33_GROUP_PHASE_RoboDragons-vs-Immortals.log
PageHinkley_ADE_seq2seq_30_15,Erro (online),105985,2024,2024_RoboDragons_vs_Immortals,2024-07-18_11-33_GROUP_PHASE_RoboDragons-vs-Immortals.log
PageHinkley_ADE_seq2seq_30_15,Erro (online),106015,2024,2024_RoboDragons_vs_Immortals,2024-07-18_11-33_GROUP_PHASE_RoboDragons-vs-Immortals.log
PageHinkley_ADE_seq2seq_30_15,Erro (online),106161,2024,2024_RoboDragons_vs_Immortals,2024-07-18_11-33_GROUP_PHASE_RoboDragons-vs-Immortals.log
PageHinkley_ADE_seq2seq_30_15,Erro (online),106223,2024,2024_RoboDragons_vs_Immortals,2024-07-18_11-33_GROUP_PHASE_RoboDragons-vs-Immortals.log
PageHinkley_ADE_seq2seq_30_15,Erro (online),106296,2024,2024_RoboDragons_vs_Immortals,2024-07-18_11-33_GROUP_PHASE_RoboDragons-vs-Immortals.log
PageHinkley_ADE_seq2seq_30_15,Erro (online),106365,2024,2024_RoboDragons_vs_Immortals,2024-07-18_11-33_GROUP_PHASE_RoboDragons-vs-Immortals.log
PageHinkley_ADE_seq2seq_30_15,Erro (online),106433,2024,2024_RoboDragons_vs_Immortals,2024-07-18_11-33_GROUP_PHASE_RoboDragons-vs-Immortals.log
PageHinkley_ADE_seq2seq_30_15,Erro (online),106463,2024,2024_RoboDragons_vs_Immortals,2024-07-18_11-33_GROUP_PHASE_RoboDragons-vs-Immortals.log
PageHinkley_ADE_seq2seq_30_15,Erro (online),106504,2024,2024_RoboDragons_vs_Immortals,2024-07-18_11-33_GROUP_PHASE_RoboDragons-vs-Immortals.log
PageHinkley_ADE_seq2seq_30_15,Erro (online),106548,2024,2024_RoboDragons_vs_Immortals,2024-07-18_11-33_GROUP_PHASE_RoboDragons-vs-Immortals.log
PageHinkley_ADE_seq2seq_30_15,Erro (online),106620,2024,2024_RoboDragons_vs_Immortals,2024-07-18_11-33_GROUP_PHASE_RoboDragons-vs-Immortals.log
PageHinkley_ADE_seq2seq_30_15,Erro (online),106671,2024,2024_RoboDragons_vs_Immortals,2024-07-18_11-33_GROUP_PHASE_RoboDragons-vs-Immortals.log
PageHinkley_ADE_seq2seq_30_15,Erro (online),106715,2024,2024_RoboDragons_vs_Immortals,2024-07-18_11-33_GROUP_PHASE_RoboDragons-vs-Immortals.log
PageHinkley_ADE_seq2seq_30_15,Erro (online),106745,2024,2024_RoboDragons_vs_Immortals,2024-07-18_11-33_GROUP_PHASE_RoboDragons-vs-Immortals.log
PageHinkley_ADE_seq2seq_30_15,Erro (online),106784,2024,2024_RoboDragons_vs_Immortals,2024-07-18_11-33_GROUP_PHASE_RoboDragons-vs-Immortals.log
PageHinkley_ADE_seq2seq_30_15,Erro (online),106814,2024,2024_RoboDragons_vs_Immortals,2024-07-18_11-33_GROUP_PHASE_RoboDragons-vs-Immortals.log
PageHinkley_ADE_seq2seq_30_15,Erro (online),106850,2024,2024_RoboDragons_vs_Immortals,2024-07-18_11-33_GROUP_PHASE_RoboDragons-vs-Immortals.log
PageHinkley_ADE_seq2seq_30_15,Erro (online),106880,2024,2024_RoboDragons_vs_Immortals,2024-07-18_11-33_GROUP_PHASE_RoboDragons-vs-Immortals.log
PageHinkley_ADE_seq2seq_30_15,Erro (online),106910,2024,2024_RoboDragons_vs_Immortals,2024-07-18_11-33_GROUP_PHASE_RoboDragons-vs-Immortals.log
PageHinkley_ADE_seq2seq_30_15,Erro (online),106949,2024,2024_RoboDragons_vs_Immortals,2024-07-18_11-33_GROUP_PHASE_RoboDragons-vs-Immortals.log
PageHinkley_ADE_seq2seq_30_15,Erro (online),106979,2024,2024_RoboDragons_vs_Immortals,2024-07-18_11-33_GROUP_PHASE_RoboDragons-vs-Immortals.log
PageHinkley_ADE_seq2seq_30_15,Erro (online),107009,2024,2024_RoboDragons_vs_Immortals,2024-07-18_11-33_GROUP_PHASE_RoboDragons-vs-Immortals.log
PageHinkley_ADE_seq2seq_30_15,Erro (online),107056,2024,2024_RoboDragons_vs_Immortals,2024-07-18_11-33_GROUP_PHASE_RoboDragons-vs-Immortals.log
PageHinkley_ADE_seq2seq_30_15,Erro (online),107097,2024,2024_RoboDragons_vs_Immortals,2024-07-18_11-33_GROUP_PHASE_RoboDragons-vs-Immortals.log
PageHinkley_ADE_seq2seq_30_15,Erro (online),107127,2024,2024_RoboDragons_vs_Immortals,2024-07-18_11-33_GROUP_PHASE_RoboDragons-vs-Immortals.log
PageHinkley_ADE_seq2seq_30_15,Erro (online),107172,2024,2024_RoboDragons_vs_Immortals,2024-07-18_11-33_GROUP_PHASE_RoboDragons-vs-Immortals.log
PageHinkley_ADE_seq2seq_30_15,Erro (online),107245,2024,2024_RoboDragons_vs_Immortals,2024-07-18_11-33_GROUP_PHASE_RoboDragons-vs-Immortals.log
PageHinkley_ADE_seq2seq_30_15,Erro (online),107389,2024,2024_RoboDragons_vs_Immortals,2024-07-18_11-33_GROUP_PHASE_RoboDragons-vs-Immortals.log
PageHinkley_ADE_seq2seq_30_15,Erro (online),107453,2024,2024_RoboDragons_vs_Immortals,2024-07-18_11-33_GROUP_PHASE_RoboDragons-vs-Immortals.log
PageHinkley_ADE_seq2seq_30_15,Erro (online),107523,2024,2024_RoboDragons_vs_Immortals,2024-07-18_11-33_GROUP_PHASE_RoboDragons-vs-Immortals.log
PageHinkley_ADE_seq2seq_30_15,Erro (online),107733,2024,2024_RoboDragons_vs_Immortals,2024-07-18_11-33_GROUP_PHASE_RoboDragons-vs-Immortals.log
PageHinkley_ADE_seq2seq_30_15,Erro (online),107766,2024,2024_RoboDragons_vs_Immortals,2024-07-18_11-33_GROUP_PHASE_RoboDragons-vs-Immortals.log
PageHinkley_ADE_seq2seq_30_15,Erro (online),107796,2024,2024_RoboDragons_vs_Immortals,2024-07-18_11-33_GROUP_PHASE_RoboDragons-vs-Immortals.log
PageHinkley_ADE_seq2seq_30_15,Erro (online),107848,2024,2024_RoboDragons_vs_Immortals,2024-07-18_11-33_GROUP_PHASE_RoboDragons-vs-Immortals.log
PageHinkley_ADE_seq2seq_30_15,Erro (online),107950,2024,2024_RoboDragons_vs_Immortals,2024-07-18_11-33_GROUP_PHASE_RoboDragons-vs-Immortals.log
PageHinkley_ADE_seq2seq_30_15,Erro (online),108039,2024,2024_RoboDragons_vs_Immortals,2024-07-18_11-33_GROUP_PHASE_RoboDragons-vs-Immortals.log
PageHinkley_ADE_seq2seq_30_15,Erro (online),108069,2024,2024_RoboDragons_vs_Immortals,2024-07-18_11-33_GROUP_PHASE_RoboDragons-vs-Immortals.log
PageHinkley_ADE_seq2seq_30_15,Erro (online),108143,2024,2024_RoboDragons_vs_Immortals,2024-07-18_11-33_GROUP_PHASE_RoboDragons-vs-Immortals.log
PageHinkley_ADE_seq2seq_30_15,Erro (online),108173,2024,2024_RoboDragons_vs_Immortals,2024-07-18_11-33_GROUP_PHASE_RoboDragons-vs-Immortals.log
PageHinkley_ADE_seq2seq_30_15,Erro (online),108245,2024,2024_RoboDragons_vs_Immortals,2024-07-18_11-33_GROUP_PHASE_RoboDragons-vs-Immortals.log
PageHinkley_ADE_seq2seq_30_15,Erro (online),108355,2024,2024_RoboDragons_vs_Immortals,2024-07-18_11-33_GROUP_PHASE_RoboDragons-vs-Immortals.log
PageHinkley_ADE_seq2seq_30_15,Erro (online),108468,2024,2024_RoboDragons_vs_Immortals,2024-07-18_11-33_GROUP_PHASE_RoboDragons-vs-Immortals.log
PageHinkley_ADE_seq2seq_30_15,Erro (online),108566,2024,2024_RoboDragons_vs_Immortals,2024-07-18_11-33_GROUP_PHASE_RoboDragons-vs-Immortals.log
PageHinkley_ADE_seq2seq_30_15,Erro (online),108630,2024,2024_RoboDragons_vs_Immortals,2024-07-18_11-33_GROUP_PHASE_RoboDragons-vs-Immortals.log
PageHinkley_ADE_seq2seq_30_15,Erro (online),108696,2024,2024_RoboDragons_vs_Immortals,2024-07-18_11-33_GROUP_PHASE_RoboDragons-vs-Immortals.log
PageHinkley_ADE_seq2seq_30_15,Erro (online),108726,2024,2024_RoboDragons_vs_Immortals,2024-07-18_11-33_GROUP_PHASE_RoboDragons-vs-Immortals.log
PageHinkley_ADE_seq2seq_30_15,Erro (online),108851,2024,2024_RoboDragons_vs_Immortals,2024-07-18_11-33_GROUP_PHASE_RoboDragons-vs-Immortals.log
PageHinkley_ADE_seq2seq_30_15,Erro (online),108961,2024,2024_RoboDragons_vs_Immortals,2024-07-18_11-33_GROUP_PHASE_RoboDragons-vs-Immortals.log
PageHinkley_ADE_seq2seq_30_15,Erro (online),108995,2024,2024_RoboDragons_vs_Immortals,2024-07-18_11-33_GROUP_PHASE_RoboDragons-vs-Immortals.log
PageHinkley_ADE_seq2seq_30_15,Erro (online),109042,2024,2024_RoboDragons_vs_Immortals,2024-07-18_11-33_GROUP_PHASE_RoboDragons-vs-Immortals.log
PageHinkley_ADE_seq2seq_30_15,Erro (online),109072,2024,2024_RoboDragons_vs_Immortals,2024-07-18_11-33_GROUP_PHASE_RoboDragons-vs-Immortals.log
PageHinkley_ADE_seq2seq_30_15,Erro (online),109154,2024,2024_RoboDragons_vs_Immortals,2024-07-18_11-33_GROUP_PHASE_RoboDragons-vs-Immortals.log
PageHinkley_ADE_seq2seq_30_15,Erro (online),109251,2024,2024_RoboDragons_vs_Immortals,2024-07-18_11-33_GROUP_PHASE_RoboDragons-vs-Immortals.log
PageHinkley_ADE_seq2seq_30_15,Erro (online),109312,2024,2024_RoboDragons_vs_Immortals,2024-07-18_11-33_GROUP_PHASE_RoboDragons-vs-Immortals.log
PageHinkley_ADE_seq2seq_30_15,Erro (online),109383,2024,2024_RoboDragons_vs_Immortals,2024-07-18_11-33_GROUP_PHASE_RoboDragons-vs-Immortals.log
PageHinkley_ADE_seq2seq_30_15,Erro (online),109470,2024,2024_RoboDragons_vs_Immortals,2024-07-18_11-33_GROUP_PHASE_RoboDragons-vs-Immortals.log
PageHinkley_ADE_seq2seq_30_15,Erro (online),109570,2024,2024_RoboDragons_vs_Immortals,2024-07-18_11-33_GROUP_PHASE_RoboDragons-vs-Immortals.log
PageHinkley_ADE_seq2seq_30_15,Erro (online),109635,2024,2024_RoboDragons_vs_Immortals,2024-07-18_11-33_GROUP_PHASE_RoboDragons-vs-Immortals.log
PageHinkley_ADE_seq2seq_30_15,Erro (online),109771,2024,2024_RoboDragons_vs_Immortals,2024-07-18_11-33_GROUP_PHASE_RoboDragons-vs-Immortals.log
PageHinkley_ADE_seq2seq_30_15,Erro (online),109801,2024,2024_RoboDragons_vs_Immortals,2024-07-18_11-33_GROUP_PHASE_RoboDragons-vs-Immortals.log
PageHinkley_ADE_seq2seq_30_15,Erro (online),109897,2024,2024_RoboDragons_vs_Immortals,2024-07-18_11-33_GROUP_PHASE_RoboDragons-vs-Immortals.log
PageHinkley_ADE_seq2seq_30_15,Erro (online),109928,2024,2024_RoboDragons_vs_Immortals,2024-07-18_11-33_GROUP_PHASE_RoboDragons-vs-Immortals.log
PageHinkley_ADE_seq2seq_30_15,Erro (online),110113,2024,2024_RoboDragons_vs_Immortals,2024-07-18_11-33_GROUP_PHASE_RoboDragons-vs-Immortals.log
PageHinkley_ADE_seq2seq_30_15,Erro (online),110168,2024,2024_RoboDragons_vs_Immortals,2024-07-18_11-33_GROUP_PHASE_RoboDragons-vs-Immortals.log
PageHinkley_ADE_seq2seq_30_15,Erro (online),110216,2024,2024_RoboDragons_vs_Immortals,2024-07-18_11-33_GROUP_PHASE_RoboDragons-vs-Immortals.log
PageHinkley_ADE_seq2seq_30_15,Erro (online),110247,2024,2024_RoboDragons_vs_Immortals,2024-07-18_11-33_GROUP_PHASE_RoboDragons-vs-Immortals.log
PageHinkley_ADE_seq2seq_30_15,Erro (online),110288,2024,2024_RoboDragons_vs_Immortals,2024-07-18_11-33_GROUP_PHASE_RoboDragons-vs-Immortals.log
PageHinkley_ADE_seq2seq_30_15,Erro (online),110378,2024,2024_RoboDragons_vs_Immortals,2024-07-18_11-33_GROUP_PHASE_RoboDragons-vs-Immortals.log
PageHinkley_ADE_seq2seq_30_15,Erro (online),110498,2024,2024_RoboDragons_vs_Immortals,2024-07-18_11-33_GROUP_PHASE_RoboDragons-vs-Immortals.log
PageHinkley_ADE_seq2seq_30_15,Erro (online),110532,2024,2024_RoboDragons_vs_Immortals,2024-07-18_11-33_GROUP_PHASE_RoboDragons-vs-Immortals.log
PageHinkley_ADE_seq2seq_30_15,Erro (online),110631,2024,2024_RoboDragons_vs_Immortals,2024-07-18_11-33_GROUP_PHASE_RoboDragons-vs-Immortals.log
PageHinkley_ADE_seq2seq_30_15,Erro (online),110661,2024,2024_RoboDragons_vs_Immortals,2024-07-18_11-33_GROUP_PHASE_RoboDragons-vs-Immortals.log
PageHinkley_ADE_seq2seq_30_15,Erro (online),110719,2024,2024_RoboDragons_vs_Immortals,2024-07-18_11-33_GROUP_PHASE_RoboDragons-vs-Immortals.log
PageHinkley_ADE_seq2seq_30_15,Erro (online),110849,2024,2024_RoboDragons_vs_Immortals,2024-07-18_11-33_GROUP_PHASE_RoboDragons-vs-Immortals.log
PageHinkley_ADE_seq2seq_30_15,Erro (online),110898,2024,2024_RoboDragons_vs_Immortals,2024-07-18_11-33_GROUP_PHASE_RoboDragons-vs-Immortals.log
PageHinkley_ADE_seq2seq_30_15,Erro (online),110953,2024,2024_RoboDragons_vs_Immortals,2024-07-18_11-33_GROUP_PHASE_RoboDragons-vs-Immortals.log
PageHinkley_ADE_seq2seq_30_15,Erro (online),110986,2024,2024_RoboDragons_vs_Immortals,2024-07-18_11-33_GROUP_PHASE_RoboDragons-vs-Immortals.log
PageHinkley_ADE_seq2seq_30_15,Erro (online),111018,2024,2024_RoboDragons_vs_Immortals,2024-07-18_11-33_GROUP_PHASE_RoboDragons-vs-Immortals.log
PageHinkley_ADE_seq2seq_30_15,Erro (online),111094,2024,2024_RoboDragons_vs_Immortals,2024-07-18_11-33_GROUP_PHASE_RoboDragons-vs-Immortals.log
PageHinkley_ADE_seq2seq_30_15,Erro (online),111124,2024,2024_RoboDragons_vs_Immortals,2024-07-18_11-33_GROUP_PHASE_RoboDragons-vs-Immortals.log
PageHinkley_ADE_seq2seq_30_15,Erro (online),111154,2024,2024_RoboDragons_vs_Immortals,2024-07-18_11-33_GROUP_PHASE_RoboDragons-vs-Immortals.log
PageHinkley_ADE_seq2seq_30_15,Erro (online),111186,2024,2024_RoboDragons_vs_Immortals,2024-07-18_11-33_GROUP_PHASE_RoboDragons-vs-Immortals.log
PageHinkley_ADE_seq2seq_30_15,Erro (online),111216,2024,2024_RoboDragons_vs_Immortals,2024-07-18_11-33_GROUP_PHASE_RoboDragons-vs-Immortals.log
PageHinkley_ADE_seq2seq_30_15,Erro (online),111250,2024,2024_RoboDragons_vs_Immortals,2024-07-18_11-33_GROUP_PHASE_RoboDragons-vs-Immortals.log
PageHinkley_ADE_seq2seq_30_15,Erro (online),111280,2024,2024_RoboDragons_vs_Immortals,2024-07-18_11-33_GROUP_PHASE_RoboDragons-vs-Immortals.log
PageHinkley_ADE_seq2seq_30_15,Erro (online),111315,2024,2024_RoboDragons_vs_Immortals,2024-07-18_11-33_GROUP_PHASE_RoboDragons-vs-Immortals.log
PageHinkley_ADE_seq2seq_30_15,Erro (online),111352,2024,2024_RoboDragons_vs_Immortals,2024-07-18_11-33_GROUP_PHASE_RoboDragons-vs-Immortals.log
PageHinkley_ADE_seq2seq_30_15,Erro (online),111426,2024,2024_RoboDragons_vs_Immortals,2024-07-18_11-33_GROUP_PHASE_RoboDragons-vs-Immortals.log
PageHinkley_ADE_seq2seq_30_15,Erro (online),111472,2024,2024_RoboDragons_vs_Immortals,2024-07-18_11-33_GROUP_PHASE_RoboDragons-vs-Immortals.log
PageHinkley_ADE_seq2seq_30_15,Erro (online),111502,2024,2024_RoboDragons_vs_Immortals,2024-07-18_11-33_GROUP_PHASE_RoboDragons-vs-Immortals.log
PageHinkley_ADE_seq2seq_30_15,Erro (online),111532,2024,2024_RoboDragons_vs_Immortals,2024-07-18_11-33_GROUP_PHASE_RoboDragons-vs-Immortals.log
PageHinkley_ADE_seq2seq_30_15,Erro (online),111593,2024,2024_RoboDragons_vs_Immortals,2024-07-18_11-33_GROUP_PHASE_RoboDragons-vs-Immortals.log
PageHinkley_ADE_seq2seq_30_15,Erro (online),111628,2024,2024_RoboDragons_vs_Immortals,2024-07-18_11-33_GROUP_PHASE_RoboDragons-vs-Immortals.log
PageHinkley_ADE_seq2seq_30_15,Erro (online),111709,2024,2024_RoboDragons_vs_Immortals,2024-07-18_11-33_GROUP_PHASE_RoboDragons-vs-Immortals.log
PageHinkley_ADE_seq2seq_30_15,Erro (online),111744,2024,2024_RoboDragons_vs_Immortals,2024-07-18_11-33_GROUP_PHASE_RoboDragons-vs-Immortals.log
PageHinkley_ADE_seq2seq_30_15,Erro (online),111793,2024,2024_RoboDragons_vs_Immortals,2024-07-18_11-33_GROUP_PHASE_RoboDragons-vs-Immortals.log
PageHinkley_ADE_seq2seq_30_15,Erro (online),111839,2024,2024_RoboDragons_vs_Immortals,2024-07-18_11-33_GROUP_PHASE_RoboDragons-vs-Immortals.log
PageHinkley_ADE_seq2seq_30_15,Erro (online),111896,2024,2024_RoboDragons_vs_Immortals,2024-07-18_11-33_GROUP_PHASE_RoboDragons-vs-Immortals.log
PageHinkley_ADE_seq2seq_30_15,Erro (online),112028,2024,2024_ZJUNlict_vs_TIGERs_Mannheim,2024-07-21_11-00_ELIMINATION_PHASE_ZJUNlict-vs-TIGERs_Mannheim.log
PageHinkley_ADE_seq2seq_30_15,Erro (online),112058,2024,2024_ZJUNlict_vs_TIGERs_Mannheim,2024-07-21_11-00_ELIMINATION_PHASE_ZJUNlict-vs-TIGERs_Mannheim.log
PageHinkley_ADE_seq2seq_30_15,Erro (online),112166,2024,2024_ZJUNlict_vs_TIGERs_Mannheim,2024-07-21_11-00_ELIMINATION_PHASE_ZJUNlict-vs-TIGERs_Mannheim.log
PageHinkley_ADE_seq2seq_30_15,Erro (online),112286,2024,2024_ZJUNlict_vs_TIGERs_Mannheim,2024-07-21_11-00_ELIMINATION_PHASE_ZJUNlict-vs-TIGERs_Mannheim.log
PageHinkley_ADE_seq2seq_30_15,Erro (online),112344,2024,2024_ZJUNlict_vs_TIGERs_Mannheim,2024-07-21_11-00_ELIMINATION_PHASE_ZJUNlict-vs-TIGERs_Mannheim.log
PageHinkley_ADE_seq2seq_30_15,Erro (online),112476,2024,2024_ZJUNlict_vs_TIGERs_Mannheim,2024-07-21_11-00_ELIMINATION_PHASE_ZJUNlict-vs-TIGERs_Mannheim.log
PageHinkley_ADE_seq2seq_30_15,Erro (online),112571,2024,2024_ZJUNlict_vs_TIGERs_Mannheim,2024-07-21_11-00_ELIMINATION_PHASE_ZJUNlict-vs-TIGERs_Mannheim.log
PageHinkley_ADE_seq2seq_30_15,Erro (online),112661,2024,2024_ZJUNlict_vs_TIGERs_Mannheim,2024-07-21_11-00_ELIMINATION_PHASE_ZJUNlict-vs-TIGERs_Mannheim.log
PageHinkley_ADE_seq2seq_30_15,Erro (online),112717,2024,2024_ZJUNlict_vs_TIGERs_Mannheim,2024-07-21_11-00_ELIMINATION_PHASE_ZJUNlict-vs-TIGERs_Mannheim.log
PageHinkley_ADE_seq2seq_30_15,Erro (online),112763,2024,2024_ZJUNlict_vs_TIGERs_Mannheim,2024-07-21_11-00_ELIMINATION_PHASE_ZJUNlict-vs-TIGERs_Mannheim.log
PageHinkley_ADE_seq2seq_30_15,Erro (online),112793,2024,2024_ZJUNlict_vs_TIGERs_Mannheim,2024-07-21_11-00_ELIMINATION_PHASE_ZJUNlict-vs-TIGERs_Mannheim.log
PageHinkley_ADE_seq2seq_30_15,Erro (online),112847,2024,2024_ZJUNlict_vs_TIGERs_Mannheim,2024-07-21_11-00_ELIMINATION_PHASE_ZJUNlict-vs-TIGERs_Mannheim.log
PageHinkley_ADE_seq2seq_30_15,Erro (online),112931,2024,2024_ZJUNlict_vs_TIGERs_Mannheim,2024-07-21_11-00_ELIMINATION_PHASE_ZJUNlict-vs-TIGERs_Mannheim.log
PageHinkley_ADE_seq2seq_30_15,Erro (online),112961,2024,2024_ZJUNlict_vs_TIGERs_Mannheim,2024-07-21_11-00_ELIMINATION_PHASE_ZJUNlict-vs-TIGERs_Mannheim.log
PageHinkley_ADE_seq2seq_30_15,Erro (online),113067,2024,2024_ZJUNlict_vs_TIGERs_Mannheim,2024-07-21_11-00_ELIMINATION_PHASE_ZJUNlict-vs-TIGERs_Mannheim.log
PageHinkley_ADE_seq2seq_30_15,Erro (online),113152,2024,2024_ZJUNlict_vs_TIGERs_Mannheim,2024-07-21_11-00_ELIMINATION_PHASE_ZJUNlict-vs-TIGERs_Mannheim.log
PageHinkley_ADE_seq2seq_30_15,Erro (online),113226,2024,2024_ZJUNlict_vs_TIGERs_Mannheim,2024-07-21_11-00_ELIMINATION_PHASE_ZJUNlict-vs-TIGERs_Mannheim.log
PageHinkley_ADE_seq2seq_30_15,Erro (online),113324,2024,2024_ZJUNlict_vs_TIGERs_Mannheim,2024-07-21_11-00_ELIMINATION_PHASE_ZJUNlict-vs-TIGERs_Mannheim.log
PageHinkley_ADE_seq2seq_30_15,Erro (online),113445,2024,2024_ZJUNlict_vs_TIGERs_Mannheim,2024-07-21_11-00_ELIMINATION_PHASE_ZJUNlict-vs-TIGERs_Mannheim.log
PageHinkley_ADE_seq2seq_30_15,Erro (online),113512,2024,2024_ZJUNlict_vs_TIGERs_Mannheim,2024-07-21_11-00_ELIMINATION_PHASE_ZJUNlict-vs-TIGERs_Mannheim.log
PageHinkley_ADE_seq2seq_30_15,Erro (online),113681,2024,2024_ZJUNlict_vs_TIGERs_Mannheim,2024-07-21_11-00_ELIMINATION_PHASE_ZJUNlict-vs-TIGERs_Mannheim.log
PageHinkley_ADE_seq2seq_30_15,Erro (online),113810,2024,2024_ZJUNlict_vs_TIGERs_Mannheim,2024-07-21_11-00_ELIMINATION_PHASE_ZJUNlict-vs-TIGERs_Mannheim.log
PageHinkley_ADE_seq2seq_30_15,Erro (online),113871,2024,2024_ZJUNlict_vs_TIGERs_Mannheim,2024-07-21_11-00_ELIMINATION_PHASE_ZJUNlict-vs-TIGERs_Mannheim.log
PageHinkley_ADE_seq2seq_30_15,Erro (online),113986,2024,2024_ZJUNlict_vs_TIGERs_Mannheim,2024-07-21_11-00_ELIMINATION_PHASE_ZJUNlict-vs-TIGERs_Mannheim.log
PageHinkley_ADE_seq2seq_30_15,Erro (online),114046,2024,2024_ZJUNlict_vs_TIGERs_Mannheim,2024-07-21_11-00_ELIMINATION_PHASE_ZJUNlict-vs-TIGERs_Mannheim.log
PageHinkley_ADE_seq2seq_30_15,Erro (online),114114,2024,2024_ZJUNlict_vs_TIGERs_Mannheim,2024-07-21_11-00_ELIMINATION_PHASE_ZJUNlict-vs-TIGERs_Mannheim.log
PageHinkley_ADE_seq2seq_30_15,Erro (online),114183,2024,2024_ZJUNlict_vs_TIGERs_Mannheim,2024-07-21_11-00_ELIMINATION_PHASE_ZJUNlict-vs-TIGERs_Mannheim.log
PageHinkley_ADE_seq2seq_30_15,Erro (online),114261,2024,2024_ZJUNlict_vs_TIGERs_Mannheim,2024-07-21_11-00_ELIMINATION_PHASE_ZJUNlict-vs-TIGERs_Mannheim.log
PageHinkley_ADE_seq2seq_30_15,Erro (online),114375,2024,2024_ZJUNlict_vs_TIGERs_Mannheim,2024-07-21_11-00_ELIMINATION_PHASE_ZJUNlict-vs-TIGERs_Mannheim.log
PageHinkley_ADE_seq2seq_30_15,Erro (online),114426,2024,2024_ZJUNlict_vs_TIGERs_Mannheim,2024-07-21_11-00_ELIMINATION_PHASE_ZJUNlict-vs-TIGERs_Mannheim.log
PageHinkley_ADE_seq2seq_30_15,Erro (online),114483,2024,2024_ZJUNlict_vs_TIGERs_Mannheim,2024-07-21_11-00_ELIMINATION_PHASE_ZJUNlict-vs-TIGERs_Mannheim.log
PageHinkley_ADE_seq2seq_30_15,Erro (online),114525,2024,2024_ZJUNlict_vs_TIGERs_Mannheim,2024-07-21_11-00_ELIMINATION_PHASE_ZJUNlict-vs-TIGERs_Mannheim.log
PageHinkley_ADE_seq2seq_30_15,Erro (online),114564,2024,2024_ZJUNlict_vs_TIGERs_Mannheim,2024-07-21_11-00_ELIMINATION_PHASE_ZJUNlict-vs-TIGERs_Mannheim.log
PageHinkley_ADE_seq2seq_30_15,Erro (online),114636,2024,2024_ZJUNlict_vs_TIGERs_Mannheim,2024-07-21_11-00_ELIMINATION_PHASE_ZJUNlict-vs-TIGERs_Mannheim.log
PageHinkley_ADE_seq2seq_30_15,Erro (online),114735,2024,2024_ZJUNlict_vs_TIGERs_Mannheim,2024-07-21_11-00_ELIMINATION_PHASE_ZJUNlict-vs-TIGERs_Mannheim.log
PageHinkley_ADE_seq2seq_30_15,Erro (online),114846,2024,2024_ZJUNlict_vs_TIGERs_Mannheim,2024-07-21_11-00_ELIMINATION_PHASE_ZJUNlict-vs-TIGERs_Mannheim.log
PageHinkley_ADE_seq2seq_30_15,Erro (online),114876,2024,2024_ZJUNlict_vs_TIGERs_Mannheim,2024-07-21_11-00_ELIMINATION_PHASE_ZJUNlict-vs-TIGERs_Mannheim.log
PageHinkley_ADE_seq2seq_30_15,Erro (online),114994,2024,2024_ZJUNlict_vs_TIGERs_Mannheim,2024-07-21_11-00_ELIMINATION_PHASE_ZJUNlict-vs-TIGERs_Mannheim.log
PageHinkley_ADE_seq2seq_30_15,Erro (online),115076,2024,2024_ZJUNlict_vs_TIGERs_Mannheim,2024-07-21_11-00_ELIMINATION_PHASE_ZJUNlict-vs-TIGERs_Mannheim.log
PageHinkley_ADE_seq2seq_30_15,Erro (online),115173,2024,2024_ZJUNlict_vs_TIGERs_Mannheim,2024-07-21_11-00_ELIMINATION_PHASE_ZJUNlict-vs-TIGERs_Mannheim.log
PageHinkley_ADE_seq2seq_30_15,Erro (online),115247,2024,2024_ZJUNlict_vs_TIGERs_Mannheim,2024-07-21_11-00_ELIMINATION_PHASE_ZJUNlict-vs-TIGERs_Mannheim.log
PageHinkley_ADE_seq2seq_30_15,Erro (online),115339,2024,2024_ZJUNlict_vs_TIGERs_Mannheim,2024-07-21_11-00_ELIMINATION_PHASE_ZJUNlict-vs-TIGERs_Mannheim.log
PageHinkley_ADE_seq2seq_30_15,Erro (online),115499,2024,2024_ZJUNlict_vs_TIGERs_Mannheim,2024-07-21_11-00_ELIMINATION_PHASE_ZJUNlict-vs-TIGERs_Mannheim.log
PageHinkley_ADE_seq2seq_30_15,Erro (online),115649,2024,2024_ZJUNlict_vs_TIGERs_Mannheim,2024-07-21_11-00_ELIMINATION_PHASE_ZJUNlict-vs-TIGERs_Mannheim.log
PageHinkley_ADE_seq2seq_30_15,Erro (online),115858,2024,2024_ZJUNlict_vs_TIGERs_Mannheim,2024-07-21_11-00_ELIMINATION_PHASE_ZJUNlict-vs-TIGERs_Mannheim.log
PageHinkley_ADE_seq2seq_30_15,Erro (online),115935,2024,2024_ZJUNlict_vs_TIGERs_Mannheim,2024-07-21_11-00_ELIMINATION_PHASE_ZJUNlict-vs-TIGERs_Mannheim.log
PageHinkley_ADE_seq2seq_30_15,Erro (online),115965,2024,2024_ZJUNlict_vs_TIGERs_Mannheim,2024-07-21_11-00_ELIMINATION_PHASE_ZJUNlict-vs-TIGERs_Mannheim.log
PageHinkley_ADE_seq2seq_30_15,Erro (online),116033,2024,2024_ZJUNlict_vs_TIGERs_Mannheim,2024-07-21_11-00_ELIMINATION_PHASE_ZJUNlict-vs-TIGERs_Mannheim.log
PageHinkley_ADE_seq2seq_30_15,Erro (online),116081,2024,2024_ZJUNlict_vs_TIGERs_Mannheim,2024-07-21_11-00_ELIMINATION_PHASE_ZJUNlict-vs-TIGERs_Mannheim.log
PageHinkley_ADE_seq2seq_30_15,Erro (online),116156,2024,2024_ZJUNlict_vs_TIGERs_Mannheim,2024-07-21_11-00_ELIMINATION_PHASE_ZJUNlict-vs-TIGERs_Mannheim.log
PageHinkley_ADE_seq2seq_30_15,Erro (online),116193,2024,2024_ZJUNlict_vs_TIGERs_Mannheim,2024-07-21_11-00_ELIMINATION_PHASE_ZJUNlict-vs-TIGERs_Mannheim.log
PageHinkley_ADE_seq2seq_30_15,Erro (online),116261,2024,2024_ZJUNlict_vs_TIGERs_Mannheim,2024-07-21_11-00_ELIMINATION_PHASE_ZJUNlict-vs-TIGERs_Mannheim.log
PageHinkley_ADE_seq2seq_30_15,Erro (online),116306,2024,2024_ZJUNlict_vs_TIGERs_Mannheim,2024-07-21_11-00_ELIMINATION_PHASE_ZJUNlict-vs-TIGERs_Mannheim.log
PageHinkley_ADE_seq2seq_30_15,Erro (online),116401,2024,2024_ZJUNlict_vs_TIGERs_Mannheim,2024-07-21_11-00_ELIMINATION_PHASE_ZJUNlict-vs-TIGERs_Mannheim.log
PageHinkley_ADE_seq2seq_30_15,Erro (online),116511,2024,2024_ZJUNlict_vs_TIGERs_Mannheim,2024-07-21_11-00_ELIMINATION_PHASE_ZJUNlict-vs-TIGERs_Mannheim.log
PageHinkley_ADE_seq2seq_30_15,Erro (online),116567,2024,2024_ZJUNlict_vs_TIGERs_Mannheim,2024-07-21_11-00_ELIMINATION_PHASE_ZJUNlict-vs-TIGERs_Mannheim.log
PageHinkley_ADE_seq2seq_30_15,Erro (online),116613,2024,2024_ZJUNlict_vs_TIGERs_Mannheim,2024-07-21_11-00_ELIMINATION_PHASE_ZJUNlict-vs-TIGERs_Mannheim.log
PageHinkley_ADE_seq2seq_30_15,Erro (online),116657,2024,2024_ZJUNlict_vs_TIGERs_Mannheim,2024-07-21_11-00_ELIMINATION_PHASE_ZJUNlict-vs-TIGERs_Mannheim.log
PageHinkley_ADE_seq2seq_30_15,Erro (online),116690,2024,2024_ZJUNlict_vs_TIGERs_Mannheim,2024-07-21_11-00_ELIMINATION_PHASE_ZJUNlict-vs-TIGERs_Mannheim.log
PageHinkley_ADE_seq2seq_30_15,Erro (online),116766,2024,2024_ZJUNlict_vs_TIGERs_Mannheim,2024-07-21_11-00_ELIMINATION_PHASE_ZJUNlict-vs-TIGERs_Mannheim.log
PageHinkley_ADE_seq2seq_30_15,Erro (online),116797,2024,2024_ZJUNlict_vs_TIGERs_Mannheim,2024-07-21_11-00_ELIMINATION_PHASE_ZJUNlict-vs-TIGERs_Mannheim.log
PageHinkley_ADE_seq2seq_30_15,Erro (online),116878,2024,2024_ZJUNlict_vs_TIGERs_Mannheim,2024-07-21_11-00_ELIMINATION_PHASE_ZJUNlict-vs-TIGERs_Mannheim.log
PageHinkley_ADE_seq2seq_30_15,Erro (online),116944,2024,2024_ZJUNlict_vs_TIGERs_Mannheim,2024-07-21_11-00_ELIMINATION_PHASE_ZJUNlict-vs-TIGERs_Mannheim.log
PageHinkley_ADE_seq2seq_30_15,Erro (online),116990,2024,2024_ZJUNlict_vs_TIGERs_Mannheim,2024-07-21_11-00_ELIMINATION_PHASE_ZJUNlict-vs-TIGERs_Mannheim.log
PageHinkley_ADE_seq2seq_30_15,Erro (online),117024,2024,2024_ZJUNlict_vs_TIGERs_Mannheim,2024-07-21_11-00_ELIMINATION_PHASE_ZJUNlict-vs-TIGERs_Mannheim.log
PageHinkley_ADE_seq2seq_30_15,Erro (online),117054,2024,2024_ZJUNlict_vs_TIGERs_Mannheim,2024-07-21_11-00_ELIMINATION_PHASE_ZJUNlict-vs-TIGERs_Mannheim.log
PageHinkley_ADE_seq2seq_30_15,Erro (online),117106,2024,2024_ZJUNlict_vs_TIGERs_Mannheim,2024-07-21_11-00_ELIMINATION_PHASE_ZJUNlict-vs-TIGERs_Mannheim.log
PageHinkley_ADE_seq2seq_30_15,Erro (online),117219,2024,2024_ZJUNlict_vs_TIGERs_Mannheim,2024-07-21_11-00_ELIMINATION_PHASE_ZJUNlict-vs-TIGERs_Mannheim.log
PageHinkley_ADE_seq2seq_30_15,Erro (online),117389,2024,2024_ZJUNlict_vs_TIGERs_Mannheim,2024-07-21_11-00_ELIMINATION_PHASE_ZJUNlict-vs-TIGERs_Mannheim.log
PageHinkley_ADE_seq2seq_30_15,Erro (online),117476,2024,2024_ZJUNlict_vs_TIGERs_Mannheim,2024-07-21_11-00_ELIMINATION_PHASE_ZJUNlict-vs-TIGERs_Mannheim.log
PageHinkley_ADE_seq2seq_30_15,Erro (online),117507,2024,2024_ZJUNlict_vs_TIGERs_Mannheim,2024-07-21_11-00_ELIMINATION_PHASE_ZJUNlict-vs-TIGERs_Mannheim.log
PageHinkley_ADE_seq2seq_30_15,Erro (online),117545,2024,2024_ZJUNlict_vs_TIGERs_Mannheim,2024-07-21_11-00_ELIMINATION_PHASE_ZJUNlict-vs-TIGERs_Mannheim.log
PageHinkley_ADE_seq2seq_30_15,Erro (online),117591,2024,2024_ZJUNlict_vs_TIGERs_Mannheim,2024-07-21_11-00_ELIMINATION_PHASE_ZJUNlict-vs-TIGERs_Mannheim.log
PageHinkley_ADE_seq2seq_30_15,Erro (online),117766,2024,2024_ZJUNlict_vs_TIGERs_Mannheim,2024-07-21_11-00_ELIMINATION_PHASE_ZJUNlict-vs-TIGERs_Mannheim.log
PageHinkley_ADE_seq2seq_30_15,Erro (online),117796,2024,2024_ZJUNlict_vs_TIGERs_Mannheim,2024-07-21_11-00_ELIMINATION_PHASE_ZJUNlict-vs-TIGERs_Mannheim.log
PageHinkley_ADE_seq2seq_30_15,Erro (online),117850,2024,2024_ZJUNlict_vs_TIGERs_Mannheim,2024-07-21_11-00_ELIMINATION_PHASE_ZJUNlict-vs-TIGERs_Mannheim.log
PageHinkley_ADE_seq2seq_30_15,Erro (online),117948,2024,2024_ZJUNlict_vs_TIGERs_Mannheim,2024-07-21_11-00_ELIMINATION_PHASE_ZJUNlict-vs-TIGERs_Mannheim.log
PageHinkley_ADE_seq2seq_30_15,Erro (online),117978,2024,2024_ZJUNlict_vs_TIGERs_Mannheim,2024-07-21_11-00_ELIMINATION_PHASE_ZJUNlict-vs-TIGERs_Mannheim.log
PageHinkley_ADE_seq2seq_30_15,Erro (online),118022,2024,2024_ZJUNlict_vs_TIGERs_Mannheim,2024-07-21_11-00_ELIMINATION_PHASE_ZJUNlict-vs-TIGERs_Mannheim.log
PageHinkley_ADE_seq2seq_30_15,Erro (online),118178,2024,2024_ZJUNlict_vs_TIGERs_Mannheim,2024-07-21_11-00_ELIMINATION_PHASE_ZJUNlict-vs-TIGERs_Mannheim.log
PageHinkley_ADE_seq2seq_30_15,Erro (online),118243,2024,2024_ZJUNlict_vs_TIGERs_Mannheim,2024-07-21_11-00_ELIMINATION_PHASE_ZJUNlict-vs-TIGERs_Mannheim.log
PageHinkley_ADE_seq2seq_30_15,Erro (online),118298,2024,2024_ZJUNlict_vs_TIGERs_Mannheim,2024-07-21_11-00_ELIMINATION_PHASE_ZJUNlict-vs-TIGERs_Mannheim.log
PageHinkley_ADE_seq2seq_30_15,Erro (online),118402,2024,2024_ZJUNlict_vs_TIGERs_Mannheim,2024-07-21_11-00_ELIMINATION_PHASE_ZJUNlict-vs-TIGERs_Mannheim.log
PageHinkley_ADE_seq2seq_30_15,Erro (online),118432,2024,2024_ZJUNlict_vs_TIGERs_Mannheim,2024-07-21_11-00_ELIMINATION_PHASE_ZJUNlict-vs-TIGERs_Mannheim.log
PageHinkley_ADE_seq2seq_30_15,Erro (online),118487,2024,2024_ZJUNlict_vs_TIGERs_Mannheim,2024-07-21_11-00_ELIMINATION_PHASE_ZJUNlict-vs-TIGERs_Mannheim.log
PageHinkley_ADE_seq2seq_30_15,Erro (online),118593,2024,2024_ZJUNlict_vs_TIGERs_Mannheim,2024-07-21_11-00_ELIMINATION_PHASE_ZJUNlict-vs-TIGERs_Mannheim.log
PageHinkley_ADE_seq2seq_30_15,Erro (online),118650,2024,2024_ZJUNlict_vs_TIGERs_Mannheim,2024-07-21_11-00_ELIMINATION_PHASE_ZJUNlict-vs-TIGERs_Mannheim.log
PageHinkley_ADE_seq2seq_30_15,Erro (online),118917,2024,2024_ZJUNlict_vs_TIGERs_Mannheim,2024-07-21_11-00_ELIMINATION_PHASE_ZJUNlict-vs-TIGERs_Mannheim.log
PageHinkley_ADE_seq2seq_30_15,Erro (online),118955,2024,2024_ZJUNlict_vs_TIGERs_Mannheim,2024-07-21_11-00_ELIMINATION_PHASE_ZJUNlict-vs-TIGERs_Mannheim.log
PageHinkley_ADE_seq2seq_30_15,Erro (online),119102,2024,2024_ZJUNlict_vs_TIGERs_Mannheim,2024-07-21_11-00_ELIMINATION_PHASE_ZJUNlict-vs-TIGERs_Mannheim.log
PageHinkley_ADE_seq2seq_30_15,Erro (online),119167,2024,2024_ZJUNlict_vs_TIGERs_Mannheim,2024-07-21_11-00_ELIMINATION_PHASE_ZJUNlict-vs-TIGERs_Mannheim.log
PageHinkley_ADE_seq2seq_30_15,Erro (online),119213,2024,2024_ZJUNlict_vs_TIGERs_Mannheim,2024-07-21_11-00_ELIMINATION_PHASE_ZJUNlict-vs-TIGERs_Mannheim.log
PageHinkley_ADE_seq2seq_30_15,Erro (online),119310,2024,2024_ZJUNlict_vs_TIGERs_Mannheim,2024-07-21_11-00_ELIMINATION_PHASE_ZJUNlict-vs-TIGERs_Mannheim.log
PageHinkley_ADE_seq2seq_30_15,Erro (online),119374,2024,2024_ZJUNlict_vs_TIGERs_Mannheim,2024-07-21_11-00_ELIMINATION_PHASE_ZJUNlict-vs-TIGERs_Mannheim.log
PageHinkley_ADE_seq2seq_30_15,Erro (online),119448,2024,2024_ZJUNlict_vs_TIGERs_Mannheim,2024-07-21_11-00_ELIMINATION_PHASE_ZJUNlict-vs-TIGERs_Mannheim.log
PageHinkley_ADE_seq2seq_30_15,Erro (online),119728,2024,2024_ZJUNlict_vs_TIGERs_Mannheim,2024-07-21_11-00_ELIMINATION_PHASE_ZJUNlict-vs-TIGERs_Mannheim.log
PageHinkley_ADE_seq2seq_30_15,Erro (online),119764,2024,2024_ZJUNlict_vs_TIGERs_Mannheim,2024-07-21_11-00_ELIMINATION_PHASE_ZJUNlict-vs-TIGERs_Mannheim.log
PageHinkley_ADE_seq2seq_30_15,Erro (online),119818,2024,2024_ZJUNlict_vs_TIGERs_Mannheim,2024-07-21_11-00_ELIMINATION_PHASE_ZJUNlict-vs-TIGERs_Mannheim.log
PageHinkley_ADE_seq2seq_30_15,Erro (online),119864,2024,2024_ZJUNlict_vs_TIGERs_Mannheim,2024-07-21_11-00_ELIMINATION_PHASE_ZJUNlict-vs-TIGERs_Mannheim.log
PageHinkley_ADE_seq2seq_30_15,Erro (online),119956,2024,2024_ZJUNlict_vs_TIGERs_Mannheim,2024-07-21_11-00_ELIMINATION_PHASE_ZJUNlict-vs-TIGERs_Mannheim.log
PageHinkley_ADE_seq2seq_30_15,Erro (online),120030,2025,2025_RobCin_vs_ZJUNlict,2025-07-19_13-32_ELIMINATION_PHASE_RobôCin-vs-ZJUNlict.log
PageHinkley_ADE_seq2seq_30_15,Erro (online),120161,2025,2025_RobCin_vs_ZJUNlict,2025-07-19_13-32_ELIMINATION_PHASE_RobôCin-vs-ZJUNlict.log
PageHinkley_ADE_seq2seq_30_15,Erro (online),120191,2025,2025_RobCin_vs_ZJUNlict,2025-07-19_13-32_ELIMINATION_PHASE_RobôCin-vs-ZJUNlict.log
PageHinkley_ADE_seq2seq_30_15,Erro (online),120268,2025,2025_RobCin_vs_ZJUNlict,2025-07-19_13-32_ELIMINATION_PHASE_RobôCin-vs-ZJUNlict.log
PageHinkley_ADE_seq2seq_30_15,Erro (online),120331,2025,2025_RobCin_vs_ZJUNlict,2025-07-19_13-32_ELIMINATION_PHASE_RobôCin-vs-ZJUNlict.log
PageHinkley_ADE_seq2seq_30_15,Erro (online),120393,2025,2025_RobCin_vs_ZJUNlict,2025-07-19_13-32_ELIMINATION_PHASE_RobôCin-vs-ZJUNlict.log
PageHinkley_ADE_seq2seq_30_15,Erro (online),120444,2025,2025_RobCin_vs_ZJUNlict,2025-07-19_13-32_ELIMINATION_PHASE_RobôCin-vs-ZJUNlict.log
PageHinkley_ADE_seq2seq_30_15,Erro (online),120530,2025,2025_RobCin_vs_ZJUNlict,2025-07-19_13-32_ELIMINATION_PHASE_RobôCin-vs-ZJUNlict.log
PageHinkley_ADE_seq2seq_30_15,Erro (online),120595,2025,2025_RobCin_vs_ZJUNlict,2025-07-19_13-32_ELIMINATION_PHASE_RobôCin-vs-ZJUNlict.log
PageHinkley_ADE_seq2seq_30_15,Erro (online),120637,2025,2025_RobCin_vs_ZJUNlict,2025-07-19_13-32_ELIMINATION_PHASE_RobôCin-vs-ZJUNlict.log
PageHinkley_ADE_seq2seq_30_15,Erro (online),120667,2025,2025_RobCin_vs_ZJUNlict,2025-07-19_13-32_ELIMINATION_PHASE_RobôCin-vs-ZJUNlict.log
PageHinkley_ADE_seq2seq_30_15,Erro (online),120771,2025,2025_RobCin_vs_ZJUNlict,2025-07-19_13-32_ELIMINATION_PHASE_RobôCin-vs-ZJUNlict.log
PageHinkley_ADE_seq2seq_30_15,Erro (online),120808,2025,2025_RobCin_vs_ZJUNlict,2025-07-19_13-32_ELIMINATION_PHASE_RobôCin-vs-ZJUNlict.log
PageHinkley_ADE_seq2seq_30_15,Erro (online),120867,2025,2025_RobCin_vs_ZJUNlict,2025-07-19_13-32_ELIMINATION_PHASE_RobôCin-vs-ZJUNlict.log
PageHinkley_ADE_seq2seq_30_15,Erro (online),120900,2025,2025_RobCin_vs_ZJUNlict,2025-07-19_13-32_ELIMINATION_PHASE_RobôCin-vs-ZJUNlict.log
PageHinkley_ADE_seq2seq_30_15,Erro (online),120935,2025,2025_RobCin_vs_ZJUNlict,2025-07-19_13-32_ELIMINATION_PHASE_RobôCin-vs-ZJUNlict.log
PageHinkley_ADE_seq2seq_30_15,Erro (online),120995,2025,2025_RobCin_vs_ZJUNlict,2025-07-19_13-32_ELIMINATION_PHASE_RobôCin-vs-ZJUNlict.log
PageHinkley_ADE_seq2seq_30_15,Erro (online),121103,2025,2025_RobCin_vs_ZJUNlict,2025-07-19_13-32_ELIMINATION_PHASE_RobôCin-vs-ZJUNlict.log
PageHinkley_ADE_seq2seq_30_15,Erro (online),121133,2025,2025_RobCin_vs_ZJUNlict,2025-07-19_13-32_ELIMINATION_PHASE_RobôCin-vs-ZJUNlict.log
PageHinkley_ADE_seq2seq_30_15,Erro (online),121192,2025,2025_RobCin_vs_ZJUNlict,2025-07-19_13-32_ELIMINATION_PHASE_RobôCin-vs-ZJUNlict.log
PageHinkley_ADE_seq2seq_30_15,Erro (online),121282,2025,2025_RobCin_vs_ZJUNlict,2025-07-19_13-32_ELIMINATION_PHASE_RobôCin-vs-ZJUNlict.log
PageHinkley_ADE_seq2seq_30_15,Erro (online),121371,2025,2025_RobCin_vs_ZJUNlict,2025-07-19_13-32_ELIMINATION_PHASE_RobôCin-vs-ZJUNlict.log
PageHinkley_ADE_seq2seq_30_15,Erro (online),121430,2025,2025_RobCin_vs_ZJUNlict,2025-07-19_13-32_ELIMINATION_PHASE_RobôCin-vs-ZJUNlict.log
PageHinkley_ADE_seq2seq_30_15,Erro (online),121472,2025,2025_RobCin_vs_ZJUNlict,2025-07-19_13-32_ELIMINATION_PHASE_RobôCin-vs-ZJUNlict.log
PageHinkley_ADE_seq2seq_30_15,Erro (online),121502,2025,2025_RobCin_vs_ZJUNlict,2025-07-19_13-32_ELIMINATION_PHASE_RobôCin-vs-ZJUNlict.log
PageHinkley_ADE_seq2seq_30_15,Erro (online),121554,2025,2025_RobCin_vs_ZJUNlict,2025-07-19_13-32_ELIMINATION_PHASE_RobôCin-vs-ZJUNlict.log
PageHinkley_ADE_seq2seq_30_15,Erro (online),121588,2025,2025_RobCin_vs_ZJUNlict,2025-07-19_13-32_ELIMINATION_PHASE_RobôCin-vs-ZJUNlict.log
PageHinkley_ADE_seq2seq_30_15,Erro (online),121630,2025,2025_RobCin_vs_ZJUNlict,2025-07-19_13-32_ELIMINATION_PHASE_RobôCin-vs-ZJUNlict.log
PageHinkley_ADE_seq2seq_30_15,Erro (online),121669,2025,2025_RobCin_vs_ZJUNlict,2025-07-19_13-32_ELIMINATION_PHASE_RobôCin-vs-ZJUNlict.log
PageHinkley_ADE_seq2seq_30_15,Erro (online),121732,2025,2025_RobCin_vs_ZJUNlict,2025-07-19_13-32_ELIMINATION_PHASE_RobôCin-vs-ZJUNlict.log
PageHinkley_ADE_seq2seq_30_15,Erro (online),121777,2025,2025_RobCin_vs_ZJUNlict,2025-07-19_13-32_ELIMINATION_PHASE_RobôCin-vs-ZJUNlict.log
PageHinkley_ADE_seq2seq_30_15,Erro (online),121827,2025,2025_RobCin_vs_ZJUNlict,2025-07-19_13-32_ELIMINATION_PHASE_RobôCin-vs-ZJUNlict.log
PageHinkley_ADE_seq2seq_30_15,Erro (online),121857,2025,2025_RobCin_vs_ZJUNlict,2025-07-19_13-32_ELIMINATION_PHASE_RobôCin-vs-ZJUNlict.log
PageHinkley_ADE_seq2seq_30_15,Erro (online),121919,2025,2025_RobCin_vs_ZJUNlict,2025-07-19_13-32_ELIMINATION_PHASE_RobôCin-vs-ZJUNlict.log
PageHinkley_ADE_seq2seq_30_15,Erro (online),121975,2025,2025_RobCin_vs_ZJUNlict,2025-07-19_13-32_ELIMINATION_PHASE_RobôCin-vs-ZJUNlict.log
PageHinkley_ADE_seq2seq_30_15,Erro (online),122013,2025,2025_RobCin_vs_ZJUNlict,2025-07-19_13-32_ELIMINATION_PHASE_RobôCin-vs-ZJUNlict.log
PageHinkley_ADE_seq2seq_30_15,Erro (online),122065,2025,2025_RobCin_vs_ZJUNlict,2025-07-19_13-32_ELIMINATION_PHASE_RobôCin-vs-ZJUNlict.log
PageHinkley_ADE_seq2seq_30_15,Erro (online),122124,2025,2025_RobCin_vs_ZJUNlict,2025-07-19_13-32_ELIMINATION_PHASE_RobôCin-vs-ZJUNlict.log
PageHinkley_ADE_seq2seq_30_15,Erro (online),122181,2025,2025_RobCin_vs_ZJUNlict,2025-07-19_13-32_ELIMINATION_PHASE_RobôCin-vs-ZJUNlict.log
PageHinkley_ADE_seq2seq_30_15,Erro (online),122238,2025,2025_RobCin_vs_ZJUNlict,2025-07-19_13-32_ELIMINATION_PHASE_RobôCin-vs-ZJUNlict.log
PageHinkley_ADE_seq2seq_30_15,Erro (online),122351,2025,2025_RobCin_vs_ZJUNlict,2025-07-19_13-32_ELIMINATION_PHASE_RobôCin-vs-ZJUNlict.log
PageHinkley_ADE_seq2seq_30_15,Erro (online),122387,2025,2025_RobCin_vs_ZJUNlict,2025-07-19_13-32_ELIMINATION_PHASE_RobôCin-vs-ZJUNlict.log
PageHinkley_ADE_seq2seq_30_15,Erro (online),122445,2025,2025_RobCin_vs_ZJUNlict,2025-07-19_13-32_ELIMINATION_PHASE_RobôCin-vs-ZJUNlict.log
PageHinkley_ADE_seq2seq_30_15,Erro (online),122478,2025,2025_RobCin_vs_ZJUNlict,2025-07-19_13-32_ELIMINATION_PHASE_RobôCin-vs-ZJUNlict.log
PageHinkley_ADE_seq2seq_30_15,Erro (online),122513,2025,2025_RobCin_vs_ZJUNlict,2025-07-19_13-32_ELIMINATION_PHASE_RobôCin-vs-ZJUNlict.log
PageHinkley_ADE_seq2seq_30_15,Erro (online),122627,2025,2025_RobCin_vs_ZJUNlict,2025-07-19_13-32_ELIMINATION_PHASE_RobôCin-vs-ZJUNlict.log
PageHinkley_ADE_seq2seq_30_15,Erro (online),122693,2025,2025_RobCin_vs_ZJUNlict,2025-07-19_13-32_ELIMINATION_PHASE_RobôCin-vs-ZJUNlict.log
PageHinkley_ADE_seq2seq_30_15,Erro (online),122747,2025,2025_RobCin_vs_ZJUNlict,2025-07-19_13-32_ELIMINATION_PHASE_RobôCin-vs-ZJUNlict.log
PageHinkley_ADE_seq2seq_30_15,Erro (online),122838,2025,2025_RobCin_vs_ZJUNlict,2025-07-19_13-32_ELIMINATION_PHASE_RobôCin-vs-ZJUNlict.log
PageHinkley_ADE_seq2seq_30_15,Erro (online),122901,2025,2025_RobCin_vs_ZJUNlict,2025-07-19_13-32_ELIMINATION_PHASE_RobôCin-vs-ZJUNlict.log
PageHinkley_ADE_seq2seq_30_15,Erro (online),122964,2025,2025_RobCin_vs_ZJUNlict,2025-07-19_13-32_ELIMINATION_PHASE_RobôCin-vs-ZJUNlict.log
PageHinkley_ADE_seq2seq_30_15,Erro (online),123013,2025,2025_RobCin_vs_ZJUNlict,2025-07-19_13-32_ELIMINATION_PHASE_RobôCin-vs-ZJUNlict.log
PageHinkley_ADE_seq2seq_30_15,Erro (online),123053,2025,2025_RobCin_vs_ZJUNlict,2025-07-19_13-32_ELIMINATION_PHASE_RobôCin-vs-ZJUNlict.log
PageHinkley_ADE_seq2seq_30_15,Erro (online),123083,2025,2025_RobCin_vs_ZJUNlict,2025-07-19_13-32_ELIMINATION_PHASE_RobôCin-vs-ZJUNlict.log
PageHinkley_ADE_seq2seq_30_15,Erro (online),123183,2025,2025_RobCin_vs_ZJUNlict,2025-07-19_13-32_ELIMINATION_PHASE_RobôCin-vs-ZJUNlict.log
PageHinkley_ADE_seq2seq_30_15,Erro (online),123213,2025,2025_RobCin_vs_ZJUNlict,2025-07-19_13-32_ELIMINATION_PHASE_RobôCin-vs-ZJUNlict.log
PageHinkley_ADE_seq2seq_30_15,Erro (online),123302,2025,2025_RobCin_vs_ZJUNlict,2025-07-19_13-32_ELIMINATION_PHASE_RobôCin-vs-ZJUNlict.log
PageHinkley_ADE_seq2seq_30_15,Erro (online),123366,2025,2025_RobCin_vs_ZJUNlict,2025-07-19_13-32_ELIMINATION_PHASE_RobôCin-vs-ZJUNlict.log
PageHinkley_ADE_seq2seq_30_15,Erro (online),123406,2025,2025_RobCin_vs_ZJUNlict,2025-07-19_13-32_ELIMINATION_PHASE_RobôCin-vs-ZJUNlict.log
PageHinkley_ADE_seq2seq_30_15,Erro (online),123445,2025,2025_RobCin_vs_ZJUNlict,2025-07-19_13-32_ELIMINATION_PHASE_RobôCin-vs-ZJUNlict.log
PageHinkley_ADE_seq2seq_30_15,Erro (online),123482,2025,2025_RobCin_vs_ZJUNlict,2025-07-19_13-32_ELIMINATION_PHASE_RobôCin-vs-ZJUNlict.log
PageHinkley_ADE_seq2seq_30_15,Erro (online),123553,2025,2025_RobCin_vs_ZJUNlict,2025-07-19_13-32_ELIMINATION_PHASE_RobôCin-vs-ZJUNlict.log
PageHinkley_ADE_seq2seq_30_15,Erro (online),123629,2025,2025_RobCin_vs_ZJUNlict,2025-07-19_13-32_ELIMINATION_PHASE_RobôCin-vs-ZJUNlict.log
PageHinkley_ADE_seq2seq_30_15,Erro (online),123677,2025,2025_RobCin_vs_ZJUNlict,2025-07-19_13-32_ELIMINATION_PHASE_RobôCin-vs-ZJUNlict.log
PageHinkley_ADE_seq2seq_30_15,Erro (online),123707,2025,2025_RobCin_vs_ZJUNlict,2025-07-19_13-32_ELIMINATION_PHASE_RobôCin-vs-ZJUNlict.log
PageHinkley_ADE_seq2seq_30_15,Erro (online),123786,2025,2025_RobCin_vs_ZJUNlict,2025-07-19_13-32_ELIMINATION_PHASE_RobôCin-vs-ZJUNlict.log
PageHinkley_ADE_seq2seq_30_15,Erro (online),123853,2025,2025_RobCin_vs_ZJUNlict,2025-07-19_13-32_ELIMINATION_PHASE_RobôCin-vs-ZJUNlict.log
PageHinkley_ADE_seq2seq_30_15,Erro (online),123888,2025,2025_RobCin_vs_ZJUNlict,2025-07-19_13-32_ELIMINATION_PHASE_RobôCin-vs-ZJUNlict.log
PageHinkley_ADE_seq2seq_30_15,Erro (online),123928,2025,2025_RobCin_vs_ZJUNlict,2025-07-19_13-32_ELIMINATION_PHASE_RobôCin-vs-ZJUNlict.log
PageHinkley_ADE_seq2seq_30_15,Erro (online),124000,2025,2025_RobCin_vs_ZJUNlict,2025-07-19_13-32_ELIMINATION_PHASE_RobôCin-vs-ZJUNlict.log
PageHinkley_ADE_seq2seq_30_15,Erro (online),124030,2025,2025_RobCin_vs_ZJUNlict,2025-07-19_13-32_ELIMINATION_PHASE_RobôCin-vs-ZJUNlict.log
PageHinkley_ADE_seq2seq_30_15,Erro (online),124083,2025,2025_RobCin_vs_ZJUNlict,2025-07-19_13-32_ELIMINATION_PHASE_RobôCin-vs-ZJUNlict.log
PageHinkley_ADE_seq2seq_30_15,Erro (online),124157,2025,2025_RobCin_vs_ZJUNlict,2025-07-19_13-32_ELIMINATION_PHASE_RobôCin-vs-ZJUNlict.log
PageHinkley_ADE_seq2seq_30_15,Erro (online),124218,2025,2025_RobCin_vs_ZJUNlict,2025-07-19_13-32_ELIMINATION_PHASE_RobôCin-vs-ZJUNlict.log
PageHinkley_ADE_seq2seq_30_15,Erro (online),124297,2025,2025_RobCin_vs_ZJUNlict,2025-07-19_13-32_ELIMINATION_PHASE_RobôCin-vs-ZJUNlict.log
PageHinkley_ADE_seq2seq_30_15,Erro (online),124327,2025,2025_RobCin_vs_ZJUNlict,2025-07-19_13-32_ELIMINATION_PHASE_RobôCin-vs-ZJUNlict.log
PageHinkley_ADE_seq2seq_30_15,Erro (online),124453,2025,2025_RobCin_vs_ZJUNlict,2025-07-19_13-32_ELIMINATION_PHASE_RobôCin-vs-ZJUNlict.log
PageHinkley_ADE_seq2seq_30_15,Erro (online),124494,2025,2025_RobCin_vs_ZJUNlict,2025-07-19_13-32_ELIMINATION_PHASE_RobôCin-vs-ZJUNlict.log
PageHinkley_ADE_seq2seq_30_15,Erro (online),124527,2025,2025_RobCin_vs_ZJUNlict,2025-07-19_13-32_ELIMINATION_PHASE_RobôCin-vs-ZJUNlict.log
PageHinkley_ADE_seq2seq_30_15,Erro (online),124586,2025,2025_RobCin_vs_ZJUNlict,2025-07-19_13-32_ELIMINATION_PHASE_RobôCin-vs-ZJUNlict.log
PageHinkley_ADE_seq2seq_30_15,Erro (online),124627,2025,2025_RobCin_vs_ZJUNlict,2025-07-19_13-32_ELIMINATION_PHASE_RobôCin-vs-ZJUNlict.log
PageHinkley_ADE_seq2seq_30_15,Erro (online),124657,2025,2025_RobCin_vs_ZJUNlict,2025-07-19_13-32_ELIMINATION_PHASE_RobôCin-vs-ZJUNlict.log
PageHinkley_ADE_seq2seq_30_15,Erro (online),124747,2025,2025_RobCin_vs_ZJUNlict,2025-07-19_13-32_ELIMINATION_PHASE_RobôCin-vs-ZJUNlict.log
PageHinkley_ADE_seq2seq_30_15,Erro (online),124843,2025,2025_RobCin_vs_ZJUNlict,2025-07-19_13-32_ELIMINATION_PHASE_RobôCin-vs-ZJUNlict.log
PageHinkley_ADE_seq2seq_30_15,Erro (online),124932,2025,2025_RobCin_vs_ZJUNlict,2025-07-19_13-32_ELIMINATION_PHASE_RobôCin-vs-ZJUNlict.log
PageHinkley_ADE_seq2seq_30_15,Erro (online),125048,2025,2025_RobCin_vs_ZJUNlict,2025-07-19_13-32_ELIMINATION_PHASE_RobôCin-vs-ZJUNlict.log
PageHinkley_ADE_seq2seq_30_15,Erro (online),125086,2025,2025_RobCin_vs_ZJUNlict,2025-07-19_13-32_ELIMINATION_PHASE_RobôCin-vs-ZJUNlict.log
PageHinkley_ADE_seq2seq_30_15,Erro (online),125174,2025,2025_RobCin_vs_ZJUNlict,2025-07-19_13-32_ELIMINATION_PHASE_RobôCin-vs-ZJUNlict.log
PageHinkley_ADE_seq2seq_30_15,Erro (online),125208,2025,2025_RobCin_vs_ZJUNlict,2025-07-19_13-32_ELIMINATION_PHASE_RobôCin-vs-ZJUNlict.log
PageHinkley_ADE_seq2seq_30_15,Erro (online),125238,2025,2025_RobCin_vs_ZJUNlict,2025-07-19_13-32_ELIMINATION_PHASE_RobôCin-vs-ZJUNlict.log
PageHinkley_ADE_seq2seq_30_15,Erro (online),125281,2025,2025_RobCin_vs_ZJUNlict,2025-07-19_13-32_ELIMINATION_PHASE_RobôCin-vs-ZJUNlict.log
PageHinkley_ADE_seq2seq_30_15,Erro (online),125311,2025,2025_RobCin_vs_ZJUNlict,2025-07-19_13-32_ELIMINATION_PHASE_RobôCin-vs-ZJUNlict.log
PageHinkley_ADE_seq2seq_30_15,Erro (online),125434,2025,2025_RobCin_vs_ZJUNlict,2025-07-19_13-32_ELIMINATION_PHASE_RobôCin-vs-ZJUNlict.log
PageHinkley_ADE_seq2seq_30_15,Erro (online),125522,2025,2025_RobCin_vs_ZJUNlict,2025-07-19_13-32_ELIMINATION_PHASE_RobôCin-vs-ZJUNlict.log
PageHinkley_ADE_seq2seq_30_15,Erro (online),125591,2025,2025_RobCin_vs_ZJUNlict,2025-07-19_13-32_ELIMINATION_PHASE_RobôCin-vs-ZJUNlict.log
PageHinkley_ADE_seq2seq_30_15,Erro (online),125621,2025,2025_RobCin_vs_ZJUNlict,2025-07-19_13-32_ELIMINATION_PHASE_RobôCin-vs-ZJUNlict.log
PageHinkley_ADE_seq2seq_30_15,Erro (online),125655,2025,2025_RobCin_vs_ZJUNlict,2025-07-19_13-32_ELIMINATION_PHASE_RobôCin-vs-ZJUNlict.log
PageHinkley_ADE_seq2seq_30_15,Erro (online),125702,2025,2025_RobCin_vs_ZJUNlict,2025-07-19_13-32_ELIMINATION_PHASE_RobôCin-vs-ZJUNlict.log
PageHinkley_ADE_seq2seq_30_15,Erro (online),125736,2025,2025_RobCin_vs_ZJUNlict,2025-07-19_13-32_ELIMINATION_PHASE_RobôCin-vs-ZJUNlict.log
PageHinkley_ADE_seq2seq_30_15,Erro (online),125796,2025,2025_RobCin_vs_ZJUNlict,2025-07-19_13-32_ELIMINATION_PHASE_RobôCin-vs-ZJUNlict.log
PageHinkley_ADE_seq2seq_30_15,Erro (online),125897,2025,2025_RobCin_vs_ZJUNlict,2025-07-19_13-32_ELIMINATION_PHASE_RobôCin-vs-ZJUNlict.log
PageHinkley_ADE_seq2seq_30_15,Erro (online),125997,2025,2025_RobCin_vs_ZJUNlict,2025-07-19_13-32_ELIMINATION_PHASE_RobôCin-vs-ZJUNlict.log
PageHinkley_ADE_seq2seq_30_15,Erro (online),126103,2025,2025_RobCin_vs_ZJUNlict,2025-07-19_13-32_ELIMINATION_PHASE_RobôCin-vs-ZJUNlict.log
PageHinkley_ADE_seq2seq_30_15,Erro (online),126150,2025,2025_RobCin_vs_ZJUNlict,2025-07-19_13-32_ELIMINATION_PHASE_RobôCin-vs-ZJUNlict.log
PageHinkley_ADE_seq2seq_30_15,Erro (online),126190,2025,2025_RobCin_vs_ZJUNlict,2025-07-19_13-32_ELIMINATION_PHASE_RobôCin-vs-ZJUNlict.log
PageHinkley_ADE_seq2seq_30_15,Erro (online),126241,2025,2025_RobCin_vs_ZJUNlict,2025-07-19_13-32_ELIMINATION_PHASE_RobôCin-vs-ZJUNlict.log
PageHinkley_ADE_seq2seq_30_15,Erro (online),126320,2025,2025_RobCin_vs_ZJUNlict,2025-07-19_13-32_ELIMINATION_PHASE_RobôCin-vs-ZJUNlict.log
PageHinkley_ADE_seq2seq_30_15,Erro (online),126399,2025,2025_RobCin_vs_ZJUNlict,2025-07-19_13-32_ELIMINATION_PHASE_RobôCin-vs-ZJUNlict.log
PageHinkley_ADE_seq2seq_30_15,Erro (online),126454,2025,2025_RobCin_vs_ZJUNlict,2025-07-19_13-32_ELIMINATION_PHASE_RobôCin-vs-ZJUNlict.log
PageHinkley_ADE_seq2seq_30_15,Erro (online),126489,2025,2025_RobCin_vs_ZJUNlict,2025-07-19_13-32_ELIMINATION_PHASE_RobôCin-vs-ZJUNlict.log
PageHinkley_ADE_seq2seq_30_15,Erro (online),126567,2025,2025_RobCin_vs_ZJUNlict,2025-07-19_13-32_ELIMINATION_PHASE_RobôCin-vs-ZJUNlict.log
PageHinkley_ADE_seq2seq_30_15,Erro (online),126620,2025,2025_RobCin_vs_ZJUNlict,2025-07-19_13-32_ELIMINATION_PHASE_RobôCin-vs-ZJUNlict.log
PageHinkley_ADE_seq2seq_30_15,Erro (online),126689,2025,2025_RobCin_vs_ZJUNlict,2025-07-19_13-32_ELIMINATION_PHASE_RobôCin-vs-ZJUNlict.log
PageHinkley_ADE_seq2seq_30_15,Erro (online),126747,2025,2025_RobCin_vs_ZJUNlict,2025-07-19_13-32_ELIMINATION_PHASE_RobôCin-vs-ZJUNlict.log
PageHinkley_ADE_seq2seq_30_15,Erro (online),126777,2025,2025_RobCin_vs_ZJUNlict,2025-07-19_13-32_ELIMINATION_PHASE_RobôCin-vs-ZJUNlict.log
PageHinkley_ADE_seq2seq_30_15,Erro (online),126842,2025,2025_RobCin_vs_ZJUNlict,2025-07-19_13-32_ELIMINATION_PHASE_RobôCin-vs-ZJUNlict.log
PageHinkley_ADE_seq2seq_30_15,Erro (online),126890,2025,2025_RobCin_vs_ZJUNlict,2025-07-19_13-32_ELIMINATION_PHASE_RobôCin-vs-ZJUNlict.log
PageHinkley_ADE_seq2seq_30_15,Erro (online),126920,2025,2025_RobCin_vs_ZJUNlict,2025-07-19_13-32_ELIMINATION_PHASE_RobôCin-vs-ZJUNlict.log
PageHinkley_ADE_seq2seq_30_15,Erro (online),126964,2025,2025_RobCin_vs_ZJUNlict,2025-07-19_13-32_ELIMINATION_PHASE_RobôCin-vs-ZJUNlict.log
PageHinkley_ADE_seq2seq_30_15,Erro (online),127021,2025,2025_RobCin_vs_ZJUNlict,2025-07-19_13-32_ELIMINATION_PHASE_RobôCin-vs-ZJUNlict.log
PageHinkley_ADE_seq2seq_30_15,Erro (online),127051,2025,2025_RobCin_vs_ZJUNlict,2025-07-19_13-32_ELIMINATION_PHASE_RobôCin-vs-ZJUNlict.log
PageHinkley_ADE_seq2seq_30_15,Erro (online),127115,2025,2025_RobCin_vs_ZJUNlict,2025-07-19_13-32_ELIMINATION_PHASE_RobôCin-vs-ZJUNlict.log
PageHinkley_ADE_seq2seq_30_15,Erro (online),127238,2025,2025_RobCin_vs_ZJUNlict,2025-07-19_13-32_ELIMINATION_PHASE_RobôCin-vs-ZJUNlict.log
PageHinkley_ADE_seq2seq_30_15,Erro (online),127284,2025,2025_RobCin_vs_ZJUNlict,2025-07-19_13-32_ELIMINATION_PHASE_RobôCin-vs-ZJUNlict.log
PageHinkley_ADE_seq2seq_30_15,Erro (online),127352,2025,2025_RobCin_vs_ZJUNlict,2025-07-19_13-32_ELIMINATION_PHASE_RobôCin-vs-ZJUNlict.log
PageHinkley_ADE_seq2seq_30_15,Erro (online),127418,2025,2025_RobCin_vs_ZJUNlict,2025-07-19_13-32_ELIMINATION_PHASE_RobôCin-vs-ZJUNlict.log
PageHinkley_ADE_seq2seq_30_15,Erro (online),127493,2025,2025_RobCin_vs_ZJUNlict,2025-07-19_13-32_ELIMINATION_PHASE_RobôCin-vs-ZJUNlict.log
PageHinkley_ADE_seq2seq_30_15,Erro (online),127568,2025,2025_RobCin_vs_ZJUNlict,2025-07-19_13-32_ELIMINATION_PHASE_RobôCin-vs-ZJUNlict.log
PageHinkley_ADE_seq2seq_30_15,Erro (online),127674,2025,2025_RobCin_vs_ZJUNlict,2025-07-19_13-32_ELIMINATION_PHASE_RobôCin-vs-ZJUNlict.log
PageHinkley_ADE_seq2seq_30_15,Erro (online),127808,2025,2025_RobCin_vs_ZJUNlict,2025-07-19_13-32_ELIMINATION_PHASE_RobôCin-vs-ZJUNlict.log
PageHinkley_ADE_seq2seq_30_15,Erro (online),127850,2025,2025_RobCin_vs_ZJUNlict,2025-07-19_13-32_ELIMINATION_PHASE_RobôCin-vs-ZJUNlict.log
PageHinkley_ADE_seq2seq_30_15,Erro (online),127889,2025,2025_RobCin_vs_ZJUNlict,2025-07-19_13-32_ELIMINATION_PHASE_RobôCin-vs-ZJUNlict.log
PageHinkley_ADE_seq2seq_30_15,Erro (online),127928,2025,2025_RobCin_vs_ZJUNlict,2025-07-19_13-32_ELIMINATION_PHASE_RobôCin-vs-ZJUNlict.log
PageHinkley_ADE_seq2seq_30_15,Erro (online),128062,2025,2025_TIGERs_Mannheim_vs_RoboDragons,2025-07-17_17-01_GROUP_PHASE_TIGERs_Mannheim-vs-RoboDragons.log
PageHinkley_ADE_seq2seq_30_15,Erro (online),128224,2025,2025_TIGERs_Mannheim_vs_RoboDragons,2025-07-17_17-01_GROUP_PHASE_TIGERs_Mannheim-vs-RoboDragons.log
PageHinkley_ADE_seq2seq_30_15,Erro (online),128372,2025,2025_TIGERs_Mannheim_vs_RoboDragons,2025-07-17_17-01_GROUP_PHASE_TIGERs_Mannheim-vs-RoboDragons.log
PageHinkley_ADE_seq2seq_30_15,Erro (online),128426,2025,2025_TIGERs_Mannheim_vs_RoboDragons,2025-07-17_17-01_GROUP_PHASE_TIGERs_Mannheim-vs-RoboDragons.log
PageHinkley_ADE_seq2seq_30_15,Erro (online),128573,2025,2025_TIGERs_Mannheim_vs_RoboDragons,2025-07-17_17-01_GROUP_PHASE_TIGERs_Mannheim-vs-RoboDragons.log
PageHinkley_ADE_seq2seq_30_15,Erro (online),128603,2025,2025_TIGERs_Mannheim_vs_RoboDragons,2025-07-17_17-01_GROUP_PHASE_TIGERs_Mannheim-vs-RoboDragons.log
PageHinkley_ADE_seq2seq_30_15,Erro (online),128643,2025,2025_TIGERs_Mannheim_vs_RoboDragons,2025-07-17_17-01_GROUP_PHASE_TIGERs_Mannheim-vs-RoboDragons.log
PageHinkley_ADE_seq2seq_30_15,Erro (online),128757,2025,2025_TIGERs_Mannheim_vs_RoboDragons,2025-07-17_17-01_GROUP_PHASE_TIGERs_Mannheim-vs-RoboDragons.log
PageHinkley_ADE_seq2seq_30_15,Erro (online),128876,2025,2025_TIGERs_Mannheim_vs_RoboDragons,2025-07-17_17-01_GROUP_PHASE_TIGERs_Mannheim-vs-RoboDragons.log
PageHinkley_ADE_seq2seq_30_15,Erro (online),128922,2025,2025_TIGERs_Mannheim_vs_RoboDragons,2025-07-17_17-01_GROUP_PHASE_TIGERs_Mannheim-vs-RoboDragons.log
PageHinkley_ADE_seq2seq_30_15,Erro (online),128967,2025,2025_TIGERs_Mannheim_vs_RoboDragons,2025-07-17_17-01_GROUP_PHASE_TIGERs_Mannheim-vs-RoboDragons.log
PageHinkley_ADE_seq2seq_30_15,Erro (online),129006,2025,2025_TIGERs_Mannheim_vs_RoboDragons,2025-07-17_17-01_GROUP_PHASE_TIGERs_Mannheim-vs-RoboDragons.log
PageHinkley_ADE_seq2seq_30_15,Erro (online),129069,2025,2025_TIGERs_Mannheim_vs_RoboDragons,2025-07-17_17-01_GROUP_PHASE_TIGERs_Mannheim-vs-RoboDragons.log
PageHinkley_ADE_seq2seq_30_15,Erro (online),129103,2025,2025_TIGERs_Mannheim_vs_RoboDragons,2025-07-17_17-01_GROUP_PHASE_TIGERs_Mannheim-vs-RoboDragons.log
PageHinkley_ADE_seq2seq_30_15,Erro (online),129133,2025,2025_TIGERs_Mannheim_vs_RoboDragons,2025-07-17_17-01_GROUP_PHASE_TIGERs_Mannheim-vs-RoboDragons.log
PageHinkley_ADE_seq2seq_30_15,Erro (online),129251,2025,2025_TIGERs_Mannheim_vs_RoboDragons,2025-07-17_17-01_GROUP_PHASE_TIGERs_Mannheim-vs-RoboDragons.log
PageHinkley_ADE_seq2seq_30_15,Erro (online),129371,2025,2025_TIGERs_Mannheim_vs_RoboDragons,2025-07-17_17-01_GROUP_PHASE_TIGERs_Mannheim-vs-RoboDragons.log
PageHinkley_ADE_seq2seq_30_15,Erro (online),129401,2025,2025_TIGERs_Mannheim_vs_RoboDragons,2025-07-17_17-01_GROUP_PHASE_TIGERs_Mannheim-vs-RoboDragons.log
PageHinkley_ADE_seq2seq_30_15,Erro (online),129460,2025,2025_TIGERs_Mannheim_vs_RoboDragons,2025-07-17_17-01_GROUP_PHASE_TIGERs_Mannheim-vs-RoboDragons.log
PageHinkley_ADE_seq2seq_30_15,Erro (online),129490,2025,2025_TIGERs_Mannheim_vs_RoboDragons,2025-07-17_17-01_GROUP_PHASE_TIGERs_Mannheim-vs-RoboDragons.log
PageHinkley_ADE_seq2seq_30_15,Erro (online),129549,2025,2025_TIGERs_Mannheim_vs_RoboDragons,2025-07-17_17-01_GROUP_PHASE_TIGERs_Mannheim-vs-RoboDragons.log
PageHinkley_ADE_seq2seq_30_15,Erro (online),129604,2025,2025_TIGERs_Mannheim_vs_RoboDragons,2025-07-17_17-01_GROUP_PHASE_TIGERs_Mannheim-vs-RoboDragons.log
PageHinkley_ADE_seq2seq_30_15,Erro (online),129666,2025,2025_TIGERs_Mannheim_vs_RoboDragons,2025-07-17_17-01_GROUP_PHASE_TIGERs_Mannheim-vs-RoboDragons.log
PageHinkley_ADE_seq2seq_30_15,Erro (online),129717,2025,2025_TIGERs_Mannheim_vs_RoboDragons,2025-07-17_17-01_GROUP_PHASE_TIGERs_Mannheim-vs-RoboDragons.log
PageHinkley_ADE_seq2seq_30_15,Erro (online),129812,2025,2025_TIGERs_Mannheim_vs_RoboDragons,2025-07-17_17-01_GROUP_PHASE_TIGERs_Mannheim-vs-RoboDragons.log
PageHinkley_ADE_seq2seq_30_15,Erro (online),129897,2025,2025_TIGERs_Mannheim_vs_RoboDragons,2025-07-17_17-01_GROUP_PHASE_TIGERs_Mannheim-vs-RoboDragons.log
PageHinkley_ADE_seq2seq_30_15,Erro (online),129977,2025,2025_TIGERs_Mannheim_vs_RoboDragons,2025-07-17_17-01_GROUP_PHASE_TIGERs_Mannheim-vs-RoboDragons.log
PageHinkley_ADE_seq2seq_30_15,Erro (online),130009,2025,2025_TIGERs_Mannheim_vs_RoboDragons,2025-07-17_17-01_GROUP_PHASE_TIGERs_Mannheim-vs-RoboDragons.log
PageHinkley_ADE_seq2seq_30_15,Erro (online),130039,2025,2025_TIGERs_Mannheim_vs_RoboDragons,2025-07-17_17-01_GROUP_PHASE_TIGERs_Mannheim-vs-RoboDragons.log
PageHinkley_ADE_seq2seq_30_15,Erro (online),130069,2025,2025_TIGERs_Mannheim_vs_RoboDragons,2025-07-17_17-01_GROUP_PHASE_TIGERs_Mannheim-vs-RoboDragons.log
PageHinkley_ADE_seq2seq_30_15,Erro (online),130156,2025,2025_TIGERs_Mannheim_vs_RoboDragons,2025-07-17_17-01_GROUP_PHASE_TIGERs_Mannheim-vs-RoboDragons.log
PageHinkley_ADE_seq2seq_30_15,Erro (online),130195,2025,2025_TIGERs_Mannheim_vs_RoboDragons,2025-07-17_17-01_GROUP_PHASE_TIGERs_Mannheim-vs-RoboDragons.log
PageHinkley_ADE_seq2seq_30_15,Erro (online),130235,2025,2025_TIGERs_Mannheim_vs_RoboDragons,2025-07-17_17-01_GROUP_PHASE_TIGERs_Mannheim-vs-RoboDragons.log
PageHinkley_ADE_seq2seq_30_15,Erro (online),130318,2025,2025_TIGERs_Mannheim_vs_RoboDragons,2025-07-17_17-01_GROUP_PHASE_TIGERs_Mannheim-vs-RoboDragons.log
PageHinkley_ADE_seq2seq_30_15,Erro (online),130348,2025,2025_TIGERs_Mannheim_vs_RoboDragons,2025-07-17_17-01_GROUP_PHASE_TIGERs_Mannheim-vs-RoboDragons.log
PageHinkley_ADE_seq2seq_30_15,Erro (online),130378,2025,2025_TIGERs_Mannheim_vs_RoboDragons,2025-07-17_17-01_GROUP_PHASE_TIGERs_Mannheim-vs-RoboDragons.log
PageHinkley_ADE_seq2seq_30_15,Erro (online),130445,2025,2025_TIGERs_Mannheim_vs_RoboDragons,2025-07-17_17-01_GROUP_PHASE_TIGERs_Mannheim-vs-RoboDragons.log
PageHinkley_ADE_seq2seq_30_15,Erro (online),130536,2025,2025_TIGERs_Mannheim_vs_RoboDragons,2025-07-17_17-01_GROUP_PHASE_TIGERs_Mannheim-vs-RoboDragons.log
PageHinkley_ADE_seq2seq_30_15,Erro (online),130596,2025,2025_TIGERs_Mannheim_vs_RoboDragons,2025-07-17_17-01_GROUP_PHASE_TIGERs_Mannheim-vs-RoboDragons.log
PageHinkley_ADE_seq2seq_30_15,Erro (online),130658,2025,2025_TIGERs_Mannheim_vs_RoboDragons,2025-07-17_17-01_GROUP_PHASE_TIGERs_Mannheim-vs-RoboDragons.log
PageHinkley_ADE_seq2seq_30_15,Erro (online),130708,2025,2025_TIGERs_Mannheim_vs_RoboDragons,2025-07-17_17-01_GROUP_PHASE_TIGERs_Mannheim-vs-RoboDragons.log
PageHinkley_ADE_seq2seq_30_15,Erro (online),130765,2025,2025_TIGERs_Mannheim_vs_RoboDragons,2025-07-17_17-01_GROUP_PHASE_TIGERs_Mannheim-vs-RoboDragons.log
PageHinkley_ADE_seq2seq_30_15,Erro (online),130805,2025,2025_TIGERs_Mannheim_vs_RoboDragons,2025-07-17_17-01_GROUP_PHASE_TIGERs_Mannheim-vs-RoboDragons.log
PageHinkley_ADE_seq2seq_30_15,Erro (online),130942,2025,2025_TIGERs_Mannheim_vs_RoboDragons,2025-07-17_17-01_GROUP_PHASE_TIGERs_Mannheim-vs-RoboDragons.log
PageHinkley_ADE_seq2seq_30_15,Erro (online),131068,2025,2025_TIGERs_Mannheim_vs_RoboDragons,2025-07-17_17-01_GROUP_PHASE_TIGERs_Mannheim-vs-RoboDragons.log
PageHinkley_ADE_seq2seq_30_15,Erro (online),131191,2025,2025_TIGERs_Mannheim_vs_RoboDragons,2025-07-17_17-01_GROUP_PHASE_TIGERs_Mannheim-vs-RoboDragons.log
PageHinkley_ADE_seq2seq_30_15,Erro (online),131266,2025,2025_TIGERs_Mannheim_vs_RoboDragons,2025-07-17_17-01_GROUP_PHASE_TIGERs_Mannheim-vs-RoboDragons.log
PageHinkley_ADE_seq2seq_30_15,Erro (online),131350,2025,2025_TIGERs_Mannheim_vs_RoboDragons,2025-07-17_17-01_GROUP_PHASE_TIGERs_Mannheim-vs-RoboDragons.log
PageHinkley_ADE_seq2seq_30_15,Erro (online),131417,2025,2025_TIGERs_Mannheim_vs_RoboDragons,2025-07-17_17-01_GROUP_PHASE_TIGERs_Mannheim-vs-RoboDragons.log
PageHinkley_ADE_seq2seq_30_15,Erro (online),131455,2025,2025_TIGERs_Mannheim_vs_RoboDragons,2025-07-17_17-01_GROUP_PHASE_TIGERs_Mannheim-vs-RoboDragons.log
PageHinkley_ADE_seq2seq_30_15,Erro (online),131486,2025,2025_TIGERs_Mannheim_vs_RoboDragons,2025-07-17_17-01_GROUP_PHASE_TIGERs_Mannheim-vs-RoboDragons.log
PageHinkley_ADE_seq2seq_30_15,Erro (online),131540,2025,2025_TIGERs_Mannheim_vs_RoboDragons,2025-07-17_17-01_GROUP_PHASE_TIGERs_Mannheim-vs-RoboDragons.log
PageHinkley_ADE_seq2seq_30_15,Erro (online),131581,2025,2025_TIGERs_Mannheim_vs_RoboDragons,2025-07-17_17-01_GROUP_PHASE_TIGERs_Mannheim-vs-RoboDragons.log
PageHinkley_ADE_seq2seq_30_15,Erro (online),131611,2025,2025_TIGERs_Mannheim_vs_RoboDragons,2025-07-17_17-01_GROUP_PHASE_TIGERs_Mannheim-vs-RoboDragons.log
PageHinkley_ADE_seq2seq_30_15,Erro (online),131741,2025,2025_TIGERs_Mannheim_vs_RoboDragons,2025-07-17_17-01_GROUP_PHASE_TIGERs_Mannheim-vs-RoboDragons.log
PageHinkley_ADE_seq2seq_30_15,Erro (online),131771,2025,2025_TIGERs_Mannheim_vs_RoboDragons,2025-07-17_17-01_GROUP_PHASE_TIGERs_Mannheim-vs-RoboDragons.log
PageHinkley_ADE_seq2seq_30_15,Erro (online),131801,2025,2025_TIGERs_Mannheim_vs_RoboDragons,2025-07-17_17-01_GROUP_PHASE_TIGERs_Mannheim-vs-RoboDragons.log
PageHinkley_ADE_seq2seq_30_15,Erro (online),131959,2025,2025_TIGERs_Mannheim_vs_RoboDragons,2025-07-17_17-01_GROUP_PHASE_TIGERs_Mannheim-vs-RoboDragons.log
PageHinkley_ADE_seq2seq_30_15,Erro (online),131989,2025,2025_TIGERs_Mannheim_vs_RoboDragons,2025-07-17_17-01_GROUP_PHASE_TIGERs_Mannheim-vs-RoboDragons.log
PageHinkley_ADE_seq2seq_30_15,Erro (online),132019,2025,2025_TIGERs_Mannheim_vs_RoboDragons,2025-07-17_17-01_GROUP_PHASE_TIGERs_Mannheim-vs-RoboDragons.log
PageHinkley_ADE_seq2seq_30_15,Erro (online),132148,2025,2025_TIGERs_Mannheim_vs_RoboDragons,2025-07-17_17-01_GROUP_PHASE_TIGERs_Mannheim-vs-RoboDragons.log
PageHinkley_ADE_seq2seq_30_15,Erro (online),132272,2025,2025_TIGERs_Mannheim_vs_RoboDragons,2025-07-17_17-01_GROUP_PHASE_TIGERs_Mannheim-vs-RoboDragons.log
PageHinkley_ADE_seq2seq_30_15,Erro (online),132320,2025,2025_TIGERs_Mannheim_vs_RoboDragons,2025-07-17_17-01_GROUP_PHASE_TIGERs_Mannheim-vs-RoboDragons.log
PageHinkley_ADE_seq2seq_30_15,Erro (online),132391,2025,2025_TIGERs_Mannheim_vs_RoboDragons,2025-07-17_17-01_GROUP_PHASE_TIGERs_Mannheim-vs-RoboDragons.log
PageHinkley_ADE_seq2seq_30_15,Erro (online),132421,2025,2025_TIGERs_Mannheim_vs_RoboDragons,2025-07-17_17-01_GROUP_PHASE_TIGERs_Mannheim-vs-RoboDragons.log
PageHinkley_ADE_seq2seq_30_15,Erro (online),132634,2025,2025_TIGERs_Mannheim_vs_RoboDragons,2025-07-17_17-01_GROUP_PHASE_TIGERs_Mannheim-vs-RoboDragons.log
PageHinkley_ADE_seq2seq_30_15,Erro (online),132691,2025,2025_TIGERs_Mannheim_vs_RoboDragons,2025-07-17_17-01_GROUP_PHASE_TIGERs_Mannheim-vs-RoboDragons.log
PageHinkley_ADE_seq2seq_30_15,Erro (online),132841,2025,2025_TIGERs_Mannheim_vs_RoboDragons,2025-07-17_17-01_GROUP_PHASE_TIGERs_Mannheim-vs-RoboDragons.log
PageHinkley_ADE_seq2seq_30_15,Erro (online),133006,2025,2025_TIGERs_Mannheim_vs_RoboDragons,2025-07-17_17-01_GROUP_PHASE_TIGERs_Mannheim-vs-RoboDragons.log
PageHinkley_ADE_seq2seq_30_15,Erro (online),133041,2025,2025_TIGERs_Mannheim_vs_RoboDragons,2025-07-17_17-01_GROUP_PHASE_TIGERs_Mannheim-vs-RoboDragons.log
PageHinkley_ADE_seq2seq_30_15,Erro (online),133193,2025,2025_TIGERs_Mannheim_vs_RoboDragons,2025-07-17_17-01_GROUP_PHASE_TIGERs_Mannheim-vs-RoboDragons.log
PageHinkley_ADE_seq2seq_30_15,Erro (online),133290,2025,2025_TIGERs_Mannheim_vs_RoboDragons,2025-07-17_17-01_GROUP_PHASE_TIGERs_Mannheim-vs-RoboDragons.log
PageHinkley_ADE_seq2seq_30_15,Erro (online),133353,2025,2025_TIGERs_Mannheim_vs_RoboDragons,2025-07-17_17-01_GROUP_PHASE_TIGERs_Mannheim-vs-RoboDragons.log
PageHinkley_ADE_seq2seq_30_15,Erro (online),133518,2025,2025_TIGERs_Mannheim_vs_RoboDragons,2025-07-17_17-01_GROUP_PHASE_TIGERs_Mannheim-vs-RoboDragons.log
PageHinkley_ADE_seq2seq_30_15,Erro (online),133573,2025,2025_TIGERs_Mannheim_vs_RoboDragons,2025-07-17_17-01_GROUP_PHASE_TIGERs_Mannheim-vs-RoboDragons.log
PageHinkley_ADE_seq2seq_30_15,Erro (online),133656,2025,2025_TIGERs_Mannheim_vs_RoboDragons,2025-07-17_17-01_GROUP_PHASE_TIGERs_Mannheim-vs-RoboDragons.log
PageHinkley_ADE_seq2seq_30_15,Erro (online),133792,2025,2025_TIGERs_Mannheim_vs_RoboDragons,2025-07-17_17-01_GROUP_PHASE_TIGERs_Mannheim-vs-RoboDragons.log
PageHinkley_ADE_seq2seq_30_15,Erro (online),133872,2025,2025_TIGERs_Mannheim_vs_RoboDragons,2025-07-17_17-01_GROUP_PHASE_TIGERs_Mannheim-vs-RoboDragons.log
PageHinkley_ADE_seq2seq_30_15,Erro (online),133902,2025,2025_TIGERs_Mannheim_vs_RoboDragons,2025-07-17_17-01_GROUP_PHASE_TIGERs_Mannheim-vs-RoboDragons.log
PageHinkley_ADE_seq2seq_30_15,Erro (online),133995,2025,2025_TIGERs_Mannheim_vs_RoboDragons,2025-07-17_17-01_GROUP_PHASE_TIGERs_Mannheim-vs-RoboDragons.log
PageHinkley_ADE_seq2seq_30_15,Erro (online),134070,2025,2025_TIGERs_Mannheim_vs_RoboDragons,2025-07-17_17-01_GROUP_PHASE_TIGERs_Mannheim-vs-RoboDragons.log
PageHinkley_ADE_seq2seq_30_15,Erro (online),134168,2025,2025_TIGERs_Mannheim_vs_RoboDragons,2025-07-17_17-01_GROUP_PHASE_TIGERs_Mannheim-vs-RoboDragons.log
PageHinkley_ADE_seq2seq_30_15,Erro (online),134220,2025,2025_TIGERs_Mannheim_vs_RoboDragons,2025-07-17_17-01_GROUP_PHASE_TIGERs_Mannheim-vs-RoboDragons.log
PageHinkley_ADE_seq2seq_30_15,Erro (online),134434,2025,2025_TIGERs_Mannheim_vs_RoboDragons,2025-07-17_17-01_GROUP_PHASE_TIGERs_Mannheim-vs-RoboDragons.log
PageHinkley_ADE_seq2seq_30_15,Erro (online),134476,2025,2025_TIGERs_Mannheim_vs_RoboDragons,2025-07-17_17-01_GROUP_PHASE_TIGERs_Mannheim-vs-RoboDragons.log
PageHinkley_ADE_seq2seq_30_15,Erro (online),134523,2025,2025_TIGERs_Mannheim_vs_RoboDragons,2025-07-17_17-01_GROUP_PHASE_TIGERs_Mannheim-vs-RoboDragons.log
PageHinkley_ADE_seq2seq_30_15,Erro (online),134553,2025,2025_TIGERs_Mannheim_vs_RoboDragons,2025-07-17_17-01_GROUP_PHASE_TIGERs_Mannheim-vs-RoboDragons.log
PageHinkley_ADE_seq2seq_30_15,Erro (online),134583,2025,2025_TIGERs_Mannheim_vs_RoboDragons,2025-07-17_17-01_GROUP_PHASE_TIGERs_Mannheim-vs-RoboDragons.log
PageHinkley_ADE_seq2seq_30_15,Erro (online),134658,2025,2025_TIGERs_Mannheim_vs_RoboDragons,2025-07-17_17-01_GROUP_PHASE_TIGERs_Mannheim-vs-RoboDragons.log
PageHinkley_ADE_seq2seq_30_15,Erro (online),134734,2025,2025_TIGERs_Mannheim_vs_RoboDragons,2025-07-17_17-01_GROUP_PHASE_TIGERs_Mannheim-vs-RoboDragons.log
PageHinkley_ADE_seq2seq_30_15,Erro (online),134830,2025,2025_TIGERs_Mannheim_vs_RoboDragons,2025-07-17_17-01_GROUP_PHASE_TIGERs_Mannheim-vs-RoboDragons.log
PageHinkley_ADE_seq2seq_30_15,Erro (online),134940,2025,2025_TIGERs_Mannheim_vs_RoboDragons,2025-07-17_17-01_GROUP_PHASE_TIGERs_Mannheim-vs-RoboDragons.log
PageHinkley_ADE_seq2seq_30_15,Erro (online),134986,2025,2025_TIGERs_Mannheim_vs_RoboDragons,2025-07-17_17-01_GROUP_PHASE_TIGERs_Mannheim-vs-RoboDragons.log
PageHinkley_ADE_seq2seq_30_15,Erro (online),135075,2025,2025_TIGERs_Mannheim_vs_RoboDragons,2025-07-17_17-01_GROUP_PHASE_TIGERs_Mannheim-vs-RoboDragons.log
PageHinkley_ADE_seq2seq_30_15,Erro (online),135136,2025,2025_TIGERs_Mannheim_vs_RoboDragons,2025-07-17_17-01_GROUP_PHASE_TIGERs_Mannheim-vs-RoboDragons.log
PageHinkley_ADE_seq2seq_30_15,Erro (online),135250,2025,2025_TIGERs_Mannheim_vs_RoboDragons,2025-07-17_17-01_GROUP_PHASE_TIGERs_Mannheim-vs-RoboDragons.log
PageHinkley_ADE_seq2seq_30_15,Erro (online),135289,2025,2025_TIGERs_Mannheim_vs_RoboDragons,2025-07-17_17-01_GROUP_PHASE_TIGERs_Mannheim-vs-RoboDragons.log
PageHinkley_ADE_seq2seq_30_15,Erro (online),135328,2025,2025_TIGERs_Mannheim_vs_RoboDragons,2025-07-17_17-01_GROUP_PHASE_TIGERs_Mannheim-vs-RoboDragons.log
PageHinkley_ADE_seq2seq_30_15,Erro (online),135379,2025,2025_TIGERs_Mannheim_vs_RoboDragons,2025-07-17_17-01_GROUP_PHASE_TIGERs_Mannheim-vs-RoboDragons.log
PageHinkley_ADE_seq2seq_30_15,Erro (online),135431,2025,2025_TIGERs_Mannheim_vs_RoboDragons,2025-07-17_17-01_GROUP_PHASE_TIGERs_Mannheim-vs-RoboDragons.log
PageHinkley_ADE_seq2seq_30_15,Erro (online),135461,2025,2025_TIGERs_Mannheim_vs_RoboDragons,2025-07-17_17-01_GROUP_PHASE_TIGERs_Mannheim-vs-RoboDragons.log
PageHinkley_ADE_seq2seq_30_15,Erro (online),135498,2025,2025_TIGERs_Mannheim_vs_RoboDragons,2025-07-17_17-01_GROUP_PHASE_TIGERs_Mannheim-vs-RoboDragons.log
PageHinkley_ADE_seq2seq_30_15,Erro (online),135624,2025,2025_TIGERs_Mannheim_vs_RoboDragons,2025-07-17_17-01_GROUP_PHASE_TIGERs_Mannheim-vs-RoboDragons.log
PageHinkley_ADE_seq2seq_30_15,Erro (online),135829,2025,2025_TIGERs_Mannheim_vs_RoboDragons,2025-07-17_17-01_GROUP_PHASE_TIGERs_Mannheim-vs-RoboDragons.log
PageHinkley_ADE_seq2seq_30_15,Erro (online),135960,2025,2025_TIGERs_Mannheim_vs_RoboDragons,2025-07-17_17-01_GROUP_PHASE_TIGERs_Mannheim-vs-RoboDragons.log
PageHinkley_ADE_seq2seq_30_15,Erro (online),136023,2025,2025_TIGERs_Mannheim_vs_ZJUNlict,2025-07-20_15-31_ELIMINATION_PHASE_TIGERs_Mannheim-vs-ZJUNlict.log
PageHinkley_ADE_seq2seq_30_15,Erro (online),136109,2025,2025_TIGERs_Mannheim_vs_ZJUNlict,2025-07-20_15-31_ELIMINATION_PHASE_TIGERs_Mannheim-vs-ZJUNlict.log
PageHinkley_ADE_seq2seq_30_15,Erro (online),136157,2025,2025_TIGERs_Mannheim_vs_ZJUNlict,2025-07-20_15-31_ELIMINATION_PHASE_TIGERs_Mannheim-vs-ZJUNlict.log
PageHinkley_ADE_seq2seq_30_15,Erro (online),136316,2025,2025_TIGERs_Mannheim_vs_ZJUNlict,2025-07-20_15-31_ELIMINATION_PHASE_TIGERs_Mannheim-vs-ZJUNlict.log
PageHinkley_ADE_seq2seq_30_15,Erro (online),136428,2025,2025_TIGERs_Mannheim_vs_ZJUNlict,2025-07-20_15-31_ELIMINATION_PHASE_TIGERs_Mannheim-vs-ZJUNlict.log
PageHinkley_ADE_seq2seq_30_15,Erro (online),136486,2025,2025_TIGERs_Mannheim_vs_ZJUNlict,2025-07-20_15-31_ELIMINATION_PHASE_TIGERs_Mannheim-vs-ZJUNlict.log
PageHinkley_ADE_seq2seq_30_15,Erro (online),136573,2025,2025_TIGERs_Mannheim_vs_ZJUNlict,2025-07-20_15-31_ELIMINATION_PHASE_TIGERs_Mannheim-vs-ZJUNlict.log
PageHinkley_ADE_seq2seq_30_15,Erro (online),136668,2025,2025_TIGERs_Mannheim_vs_ZJUNlict,2025-07-20_15-31_ELIMINATION_PHASE_TIGERs_Mannheim-vs-ZJUNlict.log
PageHinkley_ADE_seq2seq_30_15,Erro (online),136733,2025,2025_TIGERs_Mannheim_vs_ZJUNlict,2025-07-20_15-31_ELIMINATION_PHASE_TIGERs_Mannheim-vs-ZJUNlict.log
PageHinkley_ADE_seq2seq_30_15,Erro (online),136792,2025,2025_TIGERs_Mannheim_vs_ZJUNlict,2025-07-20_15-31_ELIMINATION_PHASE_TIGERs_Mannheim-vs-ZJUNlict.log
PageHinkley_ADE_seq2seq_30_15,Erro (online),137066,2025,2025_TIGERs_Mannheim_vs_ZJUNlict,2025-07-20_15-31_ELIMINATION_PHASE_TIGERs_Mannheim-vs-ZJUNlict.log
PageHinkley_ADE_seq2seq_30_15,Erro (online),137111,2025,2025_TIGERs_Mannheim_vs_ZJUNlict,2025-07-20_15-31_ELIMINATION_PHASE_TIGERs_Mannheim-vs-ZJUNlict.log
PageHinkley_ADE_seq2seq_30_15,Erro (online),137179,2025,2025_TIGERs_Mannheim_vs_ZJUNlict,2025-07-20_15-31_ELIMINATION_PHASE_TIGERs_Mannheim-vs-ZJUNlict.log
PageHinkley_ADE_seq2seq_30_15,Erro (online),137243,2025,2025_TIGERs_Mannheim_vs_ZJUNlict,2025-07-20_15-31_ELIMINATION_PHASE_TIGERs_Mannheim-vs-ZJUNlict.log
PageHinkley_ADE_seq2seq_30_15,Erro (online),137285,2025,2025_TIGERs_Mannheim_vs_ZJUNlict,2025-07-20_15-31_ELIMINATION_PHASE_TIGERs_Mannheim-vs-ZJUNlict.log
PageHinkley_ADE_seq2seq_30_15,Erro (online),137346,2025,2025_TIGERs_Mannheim_vs_ZJUNlict,2025-07-20_15-31_ELIMINATION_PHASE_TIGERs_Mannheim-vs-ZJUNlict.log
PageHinkley_ADE_seq2seq_30_15,Erro (online),137416,2025,2025_TIGERs_Mannheim_vs_ZJUNlict,2025-07-20_15-31_ELIMINATION_PHASE_TIGERs_Mannheim-vs-ZJUNlict.log
PageHinkley_ADE_seq2seq_30_15,Erro (online),137454,2025,2025_TIGERs_Mannheim_vs_ZJUNlict,2025-07-20_15-31_ELIMINATION_PHASE_TIGERs_Mannheim-vs-ZJUNlict.log
PageHinkley_ADE_seq2seq_30_15,Erro (online),137499,2025,2025_TIGERs_Mannheim_vs_ZJUNlict,2025-07-20_15-31_ELIMINATION_PHASE_TIGERs_Mannheim-vs-ZJUNlict.log
PageHinkley_ADE_seq2seq_30_15,Erro (online),137604,2025,2025_TIGERs_Mannheim_vs_ZJUNlict,2025-07-20_15-31_ELIMINATION_PHASE_TIGERs_Mannheim-vs-ZJUNlict.log
PageHinkley_ADE_seq2seq_30_15,Erro (online),137688,2025,2025_TIGERs_Mannheim_vs_ZJUNlict,2025-07-20_15-31_ELIMINATION_PHASE_TIGERs_Mannheim-vs-ZJUNlict.log
PageHinkley_ADE_seq2seq_30_15,Erro (online),137735,2025,2025_TIGERs_Mannheim_vs_ZJUNlict,2025-07-20_15-31_ELIMINATION_PHASE_TIGERs_Mannheim-vs-ZJUNlict.log
PageHinkley_ADE_seq2seq_30_15,Erro (online),137765,2025,2025_TIGERs_Mannheim_vs_ZJUNlict,2025-07-20_15-31_ELIMINATION_PHASE_TIGERs_Mannheim-vs-ZJUNlict.log
PageHinkley_ADE_seq2seq_30_15,Erro (online),137932,2025,2025_TIGERs_Mannheim_vs_ZJUNlict,2025-07-20_15-31_ELIMINATION_PHASE_TIGERs_Mannheim-vs-ZJUNlict.log
PageHinkley_ADE_seq2seq_30_15,Erro (online),137975,2025,2025_TIGERs_Mannheim_vs_ZJUNlict,2025-07-20_15-31_ELIMINATION_PHASE_TIGERs_Mannheim-vs-ZJUNlict.log
PageHinkley_ADE_seq2seq_30_15,Erro (online),138019,2025,2025_TIGERs_Mannheim_vs_ZJUNlict,2025-07-20_15-31_ELIMINATION_PHASE_TIGERs_Mannheim-vs-ZJUNlict.log
PageHinkley_ADE_seq2seq_30_15,Erro (online),138092,2025,2025_TIGERs_Mannheim_vs_ZJUNlict,2025-07-20_15-31_ELIMINATION_PHASE_TIGERs_Mannheim-vs-ZJUNlict.log
PageHinkley_ADE_seq2seq_30_15,Erro (online),138123,2025,2025_TIGERs_Mannheim_vs_ZJUNlict,2025-07-20_15-31_ELIMINATION_PHASE_TIGERs_Mannheim-vs-ZJUNlict.log
PageHinkley_ADE_seq2seq_30_15,Erro (online),138155,2025,2025_TIGERs_Mannheim_vs_ZJUNlict,2025-07-20_15-31_ELIMINATION_PHASE_TIGERs_Mannheim-vs-ZJUNlict.log
PageHinkley_ADE_seq2seq_30_15,Erro (online),138279,2025,2025_TIGERs_Mannheim_vs_ZJUNlict,2025-07-20_15-31_ELIMINATION_PHASE_TIGERs_Mannheim-vs-ZJUNlict.log
PageHinkley_ADE_seq2seq_30_15,Erro (online),138387,2025,2025_TIGERs_Mannheim_vs_ZJUNlict,2025-07-20_15-31_ELIMINATION_PHASE_TIGERs_Mannheim-vs-ZJUNlict.log
PageHinkley_ADE_seq2seq_30_15,Erro (online),138425,2025,2025_TIGERs_Mannheim_vs_ZJUNlict,2025-07-20_15-31_ELIMINATION_PHASE_TIGERs_Mannheim-vs-ZJUNlict.log
PageHinkley_ADE_seq2seq_30_15,Erro (online),138477,2025,2025_TIGERs_Mannheim_vs_ZJUNlict,2025-07-20_15-31_ELIMINATION_PHASE_TIGERs_Mannheim-vs-ZJUNlict.log
PageHinkley_ADE_seq2seq_30_15,Erro (online),138551,2025,2025_TIGERs_Mannheim_vs_ZJUNlict,2025-07-20_15-31_ELIMINATION_PHASE_TIGERs_Mannheim-vs-ZJUNlict.log
PageHinkley_ADE_seq2seq_30_15,Erro (online),138594,2025,2025_TIGERs_Mannheim_vs_ZJUNlict,2025-07-20_15-31_ELIMINATION_PHASE_TIGERs_Mannheim-vs-ZJUNlict.log
PageHinkley_ADE_seq2seq_30_15,Erro (online),138677,2025,2025_TIGERs_Mannheim_vs_ZJUNlict,2025-07-20_15-31_ELIMINATION_PHASE_TIGERs_Mannheim-vs-ZJUNlict.log
PageHinkley_ADE_seq2seq_30_15,Erro (online),138798,2025,2025_TIGERs_Mannheim_vs_ZJUNlict,2025-07-20_15-31_ELIMINATION_PHASE_TIGERs_Mannheim-vs-ZJUNlict.log
PageHinkley_ADE_seq2seq_30_15,Erro (online),138874,2025,2025_TIGERs_Mannheim_vs_ZJUNlict,2025-07-20_15-31_ELIMINATION_PHASE_TIGERs_Mannheim-vs-ZJUNlict.log
PageHinkley_ADE_seq2seq_30_15,Erro (online),138985,2025,2025_TIGERs_Mannheim_vs_ZJUNlict,2025-07-20_15-31_ELIMINATION_PHASE_TIGERs_Mannheim-vs-ZJUNlict.log
PageHinkley_ADE_seq2seq_30_15,Erro (online),139023,2025,2025_TIGERs_Mannheim_vs_ZJUNlict,2025-07-20_15-31_ELIMINATION_PHASE_TIGERs_Mannheim-vs-ZJUNlict.log
PageHinkley_ADE_seq2seq_30_15,Erro (online),139146,2025,2025_TIGERs_Mannheim_vs_ZJUNlict,2025-07-20_15-31_ELIMINATION_PHASE_TIGERs_Mannheim-vs-ZJUNlict.log
PageHinkley_ADE_seq2seq_30_15,Erro (online),139196,2025,2025_TIGERs_Mannheim_vs_ZJUNlict,2025-07-20_15-31_ELIMINATION_PHASE_TIGERs_Mannheim-vs-ZJUNlict.log
PageHinkley_ADE_seq2seq_30_15,Erro (online),139238,2025,2025_TIGERs_Mannheim_vs_ZJUNlict,2025-07-20_15-31_ELIMINATION_PHASE_TIGERs_Mannheim-vs-ZJUNlict.log
PageHinkley_ADE_seq2seq_30_15,Erro (online),139304,2025,2025_TIGERs_Mannheim_vs_ZJUNlict,2025-07-20_15-31_ELIMINATION_PHASE_TIGERs_Mannheim-vs-ZJUNlict.log
PageHinkley_ADE_seq2seq_30_15,Erro (online),139372,2025,2025_TIGERs_Mannheim_vs_ZJUNlict,2025-07-20_15-31_ELIMINATION_PHASE_TIGERs_Mannheim-vs-ZJUNlict.log
PageHinkley_ADE_seq2seq_30_15,Erro (online),139444,2025,2025_TIGERs_Mannheim_vs_ZJUNlict,2025-07-20_15-31_ELIMINATION_PHASE_TIGERs_Mannheim-vs-ZJUNlict.log
PageHinkley_ADE_seq2seq_30_15,Erro (online),139522,2025,2025_TIGERs_Mannheim_vs_ZJUNlict,2025-07-20_15-31_ELIMINATION_PHASE_TIGERs_Mannheim-vs-ZJUNlict.log
PageHinkley_ADE_seq2seq_30_15,Erro (online),139586,2025,2025_TIGERs_Mannheim_vs_ZJUNlict,2025-07-20_15-31_ELIMINATION_PHASE_TIGERs_Mannheim-vs-ZJUNlict.log
PageHinkley_ADE_seq2seq_30_15,Erro (online),139679,2025,2025_TIGERs_Mannheim_vs_ZJUNlict,2025-07-20_15-31_ELIMINATION_PHASE_TIGERs_Mannheim-vs-ZJUNlict.log
PageHinkley_ADE_seq2seq_30_15,Erro (online),139757,2025,2025_TIGERs_Mannheim_vs_ZJUNlict,2025-07-20_15-31_ELIMINATION_PHASE_TIGERs_Mannheim-vs-ZJUNlict.log
PageHinkley_ADE_seq2seq_30_15,Erro (online),139885,2025,2025_TIGERs_Mannheim_vs_ZJUNlict,2025-07-20_15-31_ELIMINATION_PHASE_TIGERs_Mannheim-vs-ZJUNlict.log
PageHinkley_ADE_seq2seq_30_15,Erro (online),139936,2025,2025_TIGERs_Mannheim_vs_ZJUNlict,2025-07-20_15-31_ELIMINATION_PHASE_TIGERs_Mannheim-vs-ZJUNlict.log
PageHinkley_ADE_seq2seq_30_15,Erro (online),139968,2025,2025_TIGERs_Mannheim_vs_ZJUNlict,2025-07-20_15-31_ELIMINATION_PHASE_TIGERs_Mannheim-vs-ZJUNlict.log
PageHinkley_ADE_seq2seq_30_15,Erro (online),140016,2025,2025_TIGERs_Mannheim_vs_ZJUNlict,2025-07-20_15-31_ELIMINATION_PHASE_TIGERs_Mannheim-vs-ZJUNlict.log
PageHinkley_ADE_seq2seq_30_15,Erro (online),140100,2025,2025_TIGERs_Mannheim_vs_ZJUNlict,2025-07-20_15-31_ELIMINATION_PHASE_TIGERs_Mannheim-vs-ZJUNlict.log
PageHinkley_ADE_seq2seq_30_15,Erro (online),140132,2025,2025_TIGERs_Mannheim_vs_ZJUNlict,2025-07-20_15-31_ELIMINATION_PHASE_TIGERs_Mannheim-vs-ZJUNlict.log
PageHinkley_ADE_seq2seq_30_15,Erro (online),140319,2025,2025_TIGERs_Mannheim_vs_ZJUNlict,2025-07-20_15-31_ELIMINATION_PHASE_TIGERs_Mannheim-vs-ZJUNlict.log
PageHinkley_ADE_seq2seq_30_15,Erro (online),140427,2025,2025_TIGERs_Mannheim_vs_ZJUNlict,2025-07-20_15-31_ELIMINATION_PHASE_TIGERs_Mannheim-vs-ZJUNlict.log
PageHinkley_ADE_seq2seq_30_15,Erro (online),140500,2025,2025_TIGERs_Mannheim_vs_ZJUNlict,2025-07-20_15-31_ELIMINATION_PHASE_TIGERs_Mannheim-vs-ZJUNlict.log
PageHinkley_ADE_seq2seq_30_15,Erro (online),140830,2025,2025_TIGERs_Mannheim_vs_ZJUNlict,2025-07-20_15-31_ELIMINATION_PHASE_TIGERs_Mannheim-vs-ZJUNlict.log
PageHinkley_ADE_seq2seq_30_15,Erro (online),140903,2025,2025_TIGERs_Mannheim_vs_ZJUNlict,2025-07-20_15-31_ELIMINATION_PHASE_TIGERs_Mannheim-vs-ZJUNlict.log
PageHinkley_ADE_seq2seq_30_15,Erro (online),140979,2025,2025_TIGERs_Mannheim_vs_ZJUNlict,2025-07-20_15-31_ELIMINATION_PHASE_TIGERs_Mannheim-vs-ZJUNlict.log
PageHinkley_ADE_seq2seq_30_15,Erro (online),141070,2025,2025_TIGERs_Mannheim_vs_ZJUNlict,2025-07-20_15-31_ELIMINATION_PHASE_TIGERs_Mannheim-vs-ZJUNlict.log
PageHinkley_ADE_seq2seq_30_15,Erro (online),141154,2025,2025_TIGERs_Mannheim_vs_ZJUNlict,2025-07-20_15-31_ELIMINATION_PHASE_TIGERs_Mannheim-vs-ZJUNlict.log
PageHinkley_ADE_seq2seq_30_15,Erro (online),141299,2025,2025_TIGERs_Mannheim_vs_ZJUNlict,2025-07-20_15-31_ELIMINATION_PHASE_TIGERs_Mannheim-vs-ZJUNlict.log
PageHinkley_ADE_seq2seq_30_15,Erro (online),141378,2025,2025_TIGERs_Mannheim_vs_ZJUNlict,2025-07-20_15-31_ELIMINATION_PHASE_TIGERs_Mannheim-vs-ZJUNlict.log
PageHinkley_ADE_seq2seq_30_15,Erro (online),141439,2025,2025_TIGERs_Mannheim_vs_ZJUNlict,2025-07-20_15-31_ELIMINATION_PHASE_TIGERs_Mannheim-vs-ZJUNlict.log
PageHinkley_ADE_seq2seq_30_15,Erro (online),141580,2025,2025_TIGERs_Mannheim_vs_ZJUNlict,2025-07-20_15-31_ELIMINATION_PHASE_TIGERs_Mannheim-vs-ZJUNlict.log
PageHinkley_ADE_seq2seq_30_15,Erro (online),141614,2025,2025_TIGERs_Mannheim_vs_ZJUNlict,2025-07-20_15-31_ELIMINATION_PHASE_TIGERs_Mannheim-vs-ZJUNlict.log
PageHinkley_ADE_seq2seq_30_15,Erro (online),141680,2025,2025_TIGERs_Mannheim_vs_ZJUNlict,2025-07-20_15-31_ELIMINATION_PHASE_TIGERs_Mannheim-vs-ZJUNlict.log
PageHinkley_ADE_seq2seq_30_15,Erro (online),141794,2025,2025_TIGERs_Mannheim_vs_ZJUNlict,2025-07-20_15-31_ELIMINATION_PHASE_TIGERs_Mannheim-vs-ZJUNlict.log
PageHinkley_ADE_seq2seq_30_15,Erro (online),141887,2025,2025_TIGERs_Mannheim_vs_ZJUNlict,2025-07-20_15-31_ELIMINATION_PHASE_TIGERs_Mannheim-vs-ZJUNlict.log
PageHinkley_ADE_seq2seq_30_15,Erro (online),141953,2025,2025_TIGERs_Mannheim_vs_ZJUNlict,2025-07-20_15-31_ELIMINATION_PHASE_TIGERs_Mannheim-vs-ZJUNlict.log
PageHinkley_ADE_seq2seq_30_15,Erro (online),142062,2025,2025_TIGERs_Mannheim_vs_ZJUNlict,2025-07-20_15-31_ELIMINATION_PHASE_TIGERs_Mannheim-vs-ZJUNlict.log
PageHinkley_ADE_seq2seq_30_15,Erro (online),142128,2025,2025_TIGERs_Mannheim_vs_ZJUNlict,2025-07-20_15-31_ELIMINATION_PHASE_TIGERs_Mannheim-vs-ZJUNlict.log
PageHinkley_ADE_seq2seq_30_15,Erro (online),142174,2025,2025_TIGERs_Mannheim_vs_ZJUNlict,2025-07-20_15-31_ELIMINATION_PHASE_TIGERs_Mannheim-vs-ZJUNlict.log
PageHinkley_ADE_seq2seq_30_15,Erro (online),142240,2025,2025_TIGERs_Mannheim_vs_ZJUNlict,2025-07-20_15-31_ELIMINATION_PHASE_TIGERs_Mannheim-vs-ZJUNlict.log
PageHinkley_ADE_seq2seq_30_15,Erro (online),142317,2025,2025_TIGERs_Mannheim_vs_ZJUNlict,2025-07-20_15-31_ELIMINATION_PHASE_TIGERs_Mannheim-vs-ZJUNlict.log
PageHinkley_ADE_seq2seq_30_15,Erro (online),142481,2025,2025_TIGERs_Mannheim_vs_ZJUNlict,2025-07-20_15-31_ELIMINATION_PHASE_TIGERs_Mannheim-vs-ZJUNlict.log
PageHinkley_ADE_seq2seq_30_15,Erro (online),142592,2025,2025_TIGERs_Mannheim_vs_ZJUNlict,2025-07-20_15-31_ELIMINATION_PHASE_TIGERs_Mannheim-vs-ZJUNlict.log
PageHinkley_ADE_seq2seq_30_15,Erro (online),142804,2025,2025_TIGERs_Mannheim_vs_ZJUNlict,2025-07-20_15-31_ELIMINATION_PHASE_TIGERs_Mannheim-vs-ZJUNlict.log
PageHinkley_ADE_seq2seq_30_15,Erro (online),142912,2025,2025_TIGERs_Mannheim_vs_ZJUNlict,2025-07-20_15-31_ELIMINATION_PHASE_TIGERs_Mannheim-vs-ZJUNlict.log
PageHinkley_ADE_seq2seq_30_15,Erro (online),143006,2025,2025_TIGERs_Mannheim_vs_ZJUNlict,2025-07-20_15-31_ELIMINATION_PHASE_TIGERs_Mannheim-vs-ZJUNlict.log
PageHinkley_ADE_seq2seq_30_15,Erro (online),143046,2025,2025_TIGERs_Mannheim_vs_ZJUNlict,2025-07-20_15-31_ELIMINATION_PHASE_TIGERs_Mannheim-vs-ZJUNlict.log
PageHinkley_ADE_seq2seq_30_15,Erro (online),143203,2025,2025_TIGERs_Mannheim_vs_ZJUNlict,2025-07-20_15-31_ELIMINATION_PHASE_TIGERs_Mannheim-vs-ZJUNlict.log
PageHinkley_ADE_seq2seq_30_15,Erro (online),143251,2025,2025_TIGERs_Mannheim_vs_ZJUNlict,2025-07-20_15-31_ELIMINATION_PHASE_TIGERs_Mannheim-vs-ZJUNlict.log
PageHinkley_ADE_seq2seq_30_15,Erro (online),143309,2025,2025_TIGERs_Mannheim_vs_ZJUNlict,2025-07-20_15-31_ELIMINATION_PHASE_TIGERs_Mannheim-vs-ZJUNlict.log
PageHinkley_ADE_seq2seq_30_15,Erro (online),143370,2025,2025_TIGERs_Mannheim_vs_ZJUNlict,2025-07-20_15-31_ELIMINATION_PHASE_TIGERs_Mannheim-vs-ZJUNlict.log
PageHinkley_ADE_seq2seq_30_15,Erro (online),143568,2025,2025_TIGERs_Mannheim_vs_ZJUNlict,2025-07-20_15-31_ELIMINATION_PHASE_TIGERs_Mannheim-vs-ZJUNlict.log
PageHinkley_ADE_seq2seq_30_15,Erro (online),143618,2025,2025_TIGERs_Mannheim_vs_ZJUNlict,2025-07-20_15-31_ELIMINATION_PHASE_TIGERs_Mannheim-vs-ZJUNlict.log
PageHinkley_ADE_seq2seq_30_15,Erro (online),143818,2025,2025_TIGERs_Mannheim_vs_ZJUNlict,2025-07-20_15-31_ELIMINATION_PHASE_TIGERs_Mannheim-vs-ZJUNlict.log
PageHinkley_ADE_seq2seq_30_15,Erro (online),143944,2025,2025_TIGERs_Mannheim_vs_ZJUNlict,2025-07-20_15-31_ELIMINATION_PHASE_TIGERs_Mannheim-vs-ZJUNlict.log
